customer_id,total_transactions,total_volume,avg_amount,max_amount,flagged_transactions,avg_fraud_risk,cross_border_ratio,unique_devices,unique_counterparties,flag_rate,customer_fraud_score,customer_risk_level,customer_type,home_country,account_tenure_months,expected_monthly_volume,baseline_risk
CUST20000,24,47521.92,1980.08,7631.17,0,25.666666666666668,1.0,24,24,0.0,32,Moderate,Individual,Mexico,37,27306.42,Low
CUST20001,36,98066.16,2724.06,20787.68,2,28.36111111111111,0.9166666666666666,36,36,0.05555555555555555,33,Moderate,Individual,Nigeria,70,12695.01,Low
CUST20002,38,71111.47,1871.3544736842105,6198.09,0,27.07894736842105,0.9210526315789473,38,38,0.0,31,Moderate,Individual,India,107,17730.74,Low
CUST20003,38,100458.79,2643.6523684210524,11368.31,2,23.92105263157895,0.5263157894736842,38,37,0.05263157894736842,23,Low,Individual,United States,52,20964.87,Low
CUST20004,35,79797.23,2279.920857142857,8097.94,0,27.0,0.9142857142857143,35,35,0.0,30,Moderate,Individual,United Arab Emirates,74,12399.16,Low
CUST20005,39,94723.73,2428.8135897435895,15371.46,5,36.69230769230769,0.9743589743589743,39,38,0.1282051282051282,40,Moderate,Individual,United Kingdom,67,5695.71,Low
CUST20006,29,71708.86,2472.7193103448276,6923.4,0,24.862068965517242,0.9310344827586207,29,29,0.0,30,Moderate,Individual,India,29,46873.9,Low
CUST20007,33,78724.69,2385.596666666667,12817.48,2,30.303030303030305,0.42424242424242425,33,33,0.06060606060606061,24,Low,Individual,United States,5,6375.67,High
CUST20008,33,81282.15,2463.0954545454542,19964.85,3,33.03030303030303,0.9090909090909091,33,33,0.09090909090909091,36,Moderate,Individual,United Arab Emirates,89,5613.42,Low
CUST20009,50,142483.59,2849.6718,11518.94,3,30.52,0.9,49,50,0.06,34,Moderate,Individual,Mexico,70,10961.38,High
CUST20010,36,86970.82,2415.856111111111,18378.75,0,27.77777777777778,0.5277777777777778,36,36,0.0,23,Low,Individual,United States,112,8306.26,Moderate
CUST20011,44,80331.11,1825.7070454545456,11802.49,1,26.295454545454547,0.9545454545454546,44,44,0.022727272727272728,32,Moderate,Individual,United Arab Emirates,21,24329.81,Low
CUST20012,31,121300.68,3912.925161290322,29005.96,1,26.903225806451612,0.9354838709677419,31,30,0.03225806451612903,32,Moderate,Individual,Mexico,54,42674.17,Moderate
CUST20013,50,118619.63,2372.3926,7765.5,0,24.18,0.98,50,50,0.0,30,Moderate,Business,Canada,109,52617.48,High
CUST20014,29,79658.13,2746.8320689655175,12740.59,3,36.58620689655172,0.8620689655172413,29,29,0.10344827586206896,37,Moderate,Individual,India,42,7494.41,Moderate
CUST20015,42,182850.05,4353.572619047619,106726.22,3,29.80952380952381,0.9761904761904762,42,42,0.07142857142857142,35,Moderate,Individual,United Kingdom,36,26627.13,Low
CUST20016,29,46862.740000000005,1615.956551724138,4207.01,0,23.689655172413794,0.4482758620689655,29,29,0.0,20,Low,Individual,United States,75,8982.08,Moderate
CUST20017,36,85258.71,2368.2975,11608.22,1,29.083333333333332,1.0,36,36,0.027777777777777776,34,Moderate,Business,Brazil,53,12153.87,Low
CUST20018,26,62070.130000000005,2387.3126923076925,12399.37,4,33.42307692307692,0.9615384615384616,26,26,0.15384615384615385,40,Moderate,Business,Canada,41,7172.41,Moderate
CUST20019,32,100030.74,3125.960625,23131.35,4,34.125,0.96875,32,32,0.125,39,Moderate,Individual,Mexico,88,8200.38,Low
CUST20020,34,73462.84,2160.671764705882,10984.95,4,31.823529411764707,0.9117647058823529,34,34,0.11764705882352941,37,Moderate,Business,United Kingdom,1,19384.68,Low
CUST20021,43,126056.31999999999,2931.5423255813953,13414.21,5,33.97674418604651,0.9302325581395349,43,42,0.11627906976744186,38,Moderate,Individual,United Arab Emirates,111,6429.94,Low
CUST20022,45,98595.91,2191.0202222222224,9938.18,1,31.355555555555554,0.9111111111111111,44,45,0.022222222222222223,33,Moderate,Individual,United Kingdom,114,6596.39,Moderate
CUST20023,28,81642.41,2915.800357142857,8923.46,4,36.392857142857146,0.42857142857142855,28,28,0.14285714285714285,30,Moderate,Individual,United States,41,6553.16,Low
CUST20024,31,111785.56,3605.985806451613,24552.85,1,30.06451612903226,0.967741935483871,31,31,0.03225806451612903,34,Moderate,Individual,United Arab Emirates,53,47773.8,Moderate
CUST20025,29,54005.13,1862.2458620689654,7203.2,1,25.724137931034484,0.3793103448275862,28,29,0.034482758620689655,20,Low,Individual,United States,46,10894.62,High
CUST20026,33,83774.2,2538.612121212121,10764.85,1,21.757575757575758,0.3333333333333333,33,33,0.030303030303030304,18,Low,Individual,United States,97,46329.28,Low
CUST20027,35,81006.06,2314.458857142857,11205.83,0,24.97142857142857,0.45714285714285713,35,35,0.0,20,Low,Individual,United States,108,7526.61,Low
CUST20028,35,83502.6,2385.7885714285717,13798.07,0,26.8,0.9714285714285714,35,35,0.0,31,Moderate,Business,Canada,42,25176.73,Low
CUST20029,46,127647.76,2774.951304347826,23837.84,5,33.78260869565217,0.43478260869565216,46,46,0.10869565217391304,28,Low,Business,United States,21,5128.41,Low
CUST20030,43,107039.17,2489.283023255814,13190.61,1,27.13953488372093,0.9302325581395349,42,42,0.023255813953488372,32,Moderate,Business,India,116,16087.96,Moderate
CUST20031,31,78860.6,2543.8903225806453,5999.89,1,37.0,0.9032258064516129,30,31,0.03225806451612903,36,Moderate,Individual,Mexico,68,4523.03,Low
CUST20032,42,131950.24,3141.6723809523805,12713.27,8,38.38095238095238,0.40476190476190477,42,42,0.19047619047619047,32,Moderate,Individual,United States,94,3733.84,Moderate
CUST20033,43,203661.33,4736.3099999999995,53797.15,5,37.604651162790695,0.5348837209302325,43,42,0.11627906976744186,32,Moderate,Individual,United States,38,5423.5,Moderate
CUST20034,37,90574.39,2447.9564864864865,14725.71,1,29.89189189189189,0.5675675675675675,37,37,0.02702702702702703,26,Low,Individual,United States,77,9495.78,Moderate
CUST20035,38,137018.96,3605.7621052631575,20482.18,7,42.76315789473684,0.47368421052631576,38,38,0.18421052631578946,35,Moderate,Individual,United States,52,2527.93,Low
CUST20036,42,109561.76000000001,2608.6133333333337,22492.49,1,31.333333333333332,0.9761904761904762,42,42,0.023809523809523808,34,Moderate,Individual,India,48,10565.13,High
CUST20037,39,96652.73999999999,2478.275384615384,7848.12,1,29.23076923076923,0.9743589743589743,39,39,0.02564102564102564,34,Moderate,Individual,India,2,18521.34,Moderate
CUST20038,36,83677.53,2324.3758333333335,11004.07,0,23.0,0.5,36,35,0.0,20,Low,Individual,United States,18,19272.73,Low
CUST20039,28,84745.22,3026.6150000000002,12691.98,1,21.0,0.2857142857142857,28,28,0.03571428571428571,16,Low,Individual,United States,87,96442.61,Moderate
CUST20040,40,118473.51,2961.8377499999997,22598.28,1,28.6,0.9,40,40,0.025,32,Moderate,Individual,Mexico,45,15000.28,Moderate
CUST20041,36,71762.7,1993.4083333333333,16548.58,0,24.416666666666668,0.4722222222222222,35,36,0.0,20,Low,Individual,United States,115,26004.31,Moderate
CUST20042,44,95418.01,2168.5911363636365,14459.91,1,24.954545454545453,0.45454545454545453,44,43,0.022727272727272728,21,Low,Individual,United States,9,8230.21,Moderate
CUST20043,30,63435.34,2114.5113333333334,6969.87,0,30.166666666666668,1.0,30,30,0.0,34,Moderate,Individual,Nigeria,70,9386.82,Low
CUST20044,24,62840.95,2618.3729166666667,14416.69,0,28.958333333333332,0.9166666666666666,24,24,0.0,31,Moderate,Individual,Turkey,105,10250.38,Moderate
CUST20045,43,111159.4,2585.1023255813952,16005.67,9,43.44186046511628,0.9302325581395349,43,43,0.20930232558139536,45,Moderate,Individual,Nigeria,49,3749.28,Moderate
CUST20046,54,154910.11,2868.7057407407406,13765.84,1,29.27777777777778,0.9629629629629629,54,54,0.018518518518518517,33,Moderate,Individual,United Arab Emirates,111,16243.68,Moderate
CUST20047,28,87961.71,3141.4896428571433,20871.79,1,23.678571428571427,0.5714285714285714,28,28,0.03571428571428571,23,Low,Business,United States,96,16806.62,Moderate
CUST20048,36,68138.1,1892.7250000000001,11793.62,4,31.944444444444443,0.9444444444444444,36,35,0.1111111111111111,37,Moderate,Individual,Brazil,108,5080.81,Moderate
CUST20049,32,71926.46,2247.701875,7612.37,1,26.75,0.46875,32,31,0.03125,23,Low,Individual,United States,73,11588.69,Moderate
CUST20050,48,156434.47,3259.0514583333334,26093.92,2,23.958333333333332,0.5208333333333334,48,48,0.041666666666666664,23,Low,Individual,United States,60,23188.01,Low
CUST20051,37,90890.37,2456.4964864864864,10106.39,0,29.56756756756757,0.40540540540540543,37,37,0.0,21,Low,Individual,United States,51,4929.94,Moderate
CUST20052,33,116555.03,3531.970606060606,35899.77,4,38.81818181818182,0.42424242424242425,33,33,0.12121212121212122,30,Moderate,Individual,United States,16,2620.04,Low
CUST20053,43,92153.23,2143.098372093023,11236.86,0,24.27906976744186,0.3953488372093023,43,43,0.0,19,Low,Individual,United States,16,11227.33,Low
CUST20054,38,120837.44,3179.9326315789476,22697.72,3,32.55263157894737,0.42105263157894735,38,38,0.07894736842105263,26,Low,Individual,United States,115,6123.19,Low
CUST20055,34,90052.1,2648.5911764705884,11104.72,0,28.0,0.8529411764705882,34,34,0.0,30,Moderate,Individual,Brazil,93,23785.44,Low
CUST20056,36,79663.2,2212.866666666667,25563.18,0,22.47222222222222,0.3333333333333333,35,36,0.0,17,Low,Business,United States,19,11462.78,Low
CUST20057,37,80861.31,2185.440810810811,9051.91,0,22.216216216216218,0.4594594594594595,37,37,0.0,19,Low,Individual,United States,93,16958.04,Low
CUST20058,35,76204.51,2177.271714285714,6849.89,0,22.97142857142857,0.42857142857142855,35,35,0.0,19,Low,Individual,United States,116,15621.08,Low
CUST20059,23,50369.97,2189.998695652174,16282.48,0,22.652173913043477,0.4782608695652174,22,23,0.0,20,Low,Business,United States,26,21437.14,Low
CUST20060,34,132278.72,3890.550588235294,30993.41,7,42.029411764705884,1.0,34,34,0.20588235294117646,46,Moderate,Business,Canada,34,4203.59,High
CUST20061,49,116596.99,2379.5304081632653,16238.45,10,43.244897959183675,0.8979591836734694,49,49,0.20408163265306123,45,Moderate,Individual,Mexico,5,2645.51,Low
CUST20062,46,105525.8,2294.0391304347827,9424.44,0,23.08695652173913,0.3695652173913043,46,46,0.0,18,Low,Business,United States,79,10682.23,High
CUST20063,38,92874.47,2444.065,10813.94,1,27.5,0.9473684210526315,38,38,0.02631578947368421,32,Moderate,Individual,Turkey,83,17499.04,High
CUST20064,31,58107.15,1874.4241935483872,8468.62,1,26.93548387096774,0.9354838709677419,31,31,0.03225806451612903,32,Moderate,Individual,Mexico,101,18495.02,Moderate
CUST20065,43,225179.42,5236.7306976744185,82716.77,1,22.906976744186046,0.4186046511627907,43,43,0.023255813953488372,19,Low,Individual,United States,25,21489.6,Moderate
CUST20066,37,111516.34,3013.955135135135,15661.97,12,48.810810810810814,1.0,37,36,0.32432432432432434,53,High,Business,India,58,3320.96,Low
CUST20067,38,118205.09,3110.660263157895,20854.78,0,24.42105263157895,0.5263157894736842,38,38,0.0,22,Low,Individual,United States,90,15571.84,Low
CUST20068,42,97553.42,2322.7004761904764,14817.6,2,23.5,0.47619047619047616,42,42,0.047619047619047616,22,Low,Individual,United States,90,11897.49,Moderate
CUST20069,35,87366.06,2496.173142857143,15769.14,5,34.857142857142854,0.9428571428571428,35,35,0.14285714285714285,40,Moderate,Individual,India,31,5280.83,Low
CUST20070,42,83032.92,1976.9742857142858,6368.15,1,26.11904761904762,0.40476190476190477,42,42,0.023809523809523808,21,Low,Individual,United States,104,10441.37,High
CUST20071,42,114173.20000000001,2718.409523809524,17362.93,4,31.19047619047619,0.9047619047619048,42,42,0.09523809523809523,35,Moderate,Business,India,33,7594.46,Low
CUST20072,42,164650.35,3920.2464285714286,40253.53,1,31.785714285714285,0.9285714285714286,42,42,0.023809523809523808,34,Moderate,Individual,Turkey,97,13619.37,Low
CUST20073,37,82451.05,2228.4067567567567,15290.7,2,27.83783783783784,0.972972972972973,37,37,0.05405405405405406,34,Moderate,Individual,Mexico,33,9580.14,Moderate
CUST20074,34,104891.24,3085.0364705882353,22615.38,0,21.735294117647058,0.5588235294117647,34,33,0.0,21,Low,Business,United States,72,25666.02,Low
CUST20075,38,96350.74,2535.545789473684,15596.37,2,27.5,0.5,38,38,0.05263157894736842,24,Low,Individual,United States,78,8920.17,Low
CUST20076,28,72573.83,2591.9225,11727.53,3,35.392857142857146,0.42857142857142855,28,28,0.10714285714285714,28,Low,Business,United States,48,4669.13,Moderate
CUST20077,40,131503.0,3287.575,36894.32,0,24.225,0.525,40,39,0.0,21,Low,Individual,United States,85,16095.84,Low
CUST20078,42,133047.97,3167.8088095238095,14614.85,5,34.19047619047619,0.9523809523809523,42,42,0.11904761904761904,39,Moderate,Business,United Arab Emirates,20,10603.76,Low
CUST20079,30,93205.84999999999,3106.861666666666,18204.57,2,34.46666666666667,0.9333333333333333,30,30,0.06666666666666667,37,Moderate,Individual,Brazil,76,12063.24,Moderate
CUST20080,38,150716.71,3966.2292105263155,31181.21,10,40.94736842105263,0.9736842105263158,38,38,0.2631578947368421,47,Moderate,Individual,India,101,3467.12,Low
CUST20081,37,65613.07,1773.3262162162164,8460.09,0,27.91891891891892,1.0,37,37,0.0,33,Moderate,Individual,Turkey,79,16024.92,Moderate
CUST20082,29,60851.94,2098.34275862069,5721.46,2,29.862068965517242,1.0,29,29,0.06896551724137931,36,Moderate,Individual,Brazil,43,19201.67,Low
CUST20083,41,97794.23,2385.2251219512195,8601.27,5,37.146341463414636,0.4878048780487805,41,41,0.12195121951219512,31,Moderate,Individual,United States,53,3496.81,Low
CUST20084,32,117143.18000000001,3660.7243750000002,22155.27,4,38.03125,0.5625,32,32,0.125,33,Moderate,Individual,United States,1,4290.75,Low
CUST20085,43,86493.22,2011.4702325581395,11442.85,1,23.813953488372093,0.6511627906976745,43,42,0.023255813953488372,25,Low,Individual,United States,46,19934.84,High
CUST20086,37,53205.56,1437.988108108108,5291.65,1,23.54054054054054,0.5405405405405406,37,36,0.02702702702702703,22,Low,Individual,United States,60,10917.3,High
CUST20087,47,136069.47,2895.095106382979,22951.49,2,28.404255319148938,0.9787234042553191,47,47,0.0425531914893617,34,Moderate,Business,Mexico,6,13701.93,Low
CUST20088,38,133667.63,3517.569210526316,27406.23,0,23.973684210526315,0.8947368421052632,38,37,0.0,29,Low,Individual,Canada,105,37800.64,Low
CUST20089,33,84461.64,2559.4436363636364,17831.3,0,27.848484848484848,1.0,33,33,0.0,33,Moderate,Individual,Brazil,61,36345.0,Moderate
CUST20090,28,50195.54,1792.6978571428572,6303.46,3,34.214285714285715,0.7142857142857143,28,28,0.10714285714285714,33,Moderate,Individual,United States,67,4841.13,High
CUST20091,28,83001.96,2964.3557142857144,14901.77,0,22.714285714285715,0.9642857142857143,28,28,0.0,30,Moderate,Individual,India,63,142784.23,Moderate
CUST20092,35,127858.23,3653.0922857142855,50263.63,1,28.914285714285715,0.9714285714285714,35,35,0.02857142857142857,33,Moderate,Individual,Brazil,85,13414.32,Moderate
CUST20093,33,68097.23,2063.552424242424,10734.44,1,26.96969696969697,0.9696969696969697,32,33,0.030303030303030304,33,Moderate,Business,Canada,8,32411.07,Low
CUST20094,45,157536.26,3500.805777777778,27143.76,1,25.68888888888889,0.4222222222222222,45,44,0.022222222222222223,21,Low,Individual,United States,12,30376.71,Low
CUST20095,29,73132.74,2521.8186206896553,14887.48,2,26.24137931034483,0.4827586206896552,29,29,0.06896551724137931,24,Low,Individual,United States,64,14646.11,Moderate
CUST20096,25,59344.21,2373.7684,14731.86,0,28.72,1.0,25,25,0.0,33,Moderate,Business,United Kingdom,61,11465.77,Moderate
CUST20097,43,95123.84,2212.182325581395,9999.16,6,38.604651162790695,0.5813953488372093,43,43,0.13953488372093023,34,Moderate,Individual,United States,66,2870.57,Moderate
CUST20098,32,70464.81,2202.0253125,5795.74,0,22.5625,0.5625,32,32,0.0,21,Low,Individual,United States,6,33844.56,Low
CUST20099,33,79547.47,2410.529393939394,28097.1,1,25.696969696969695,0.5151515151515151,33,33,0.030303030303030304,23,Low,Business,United States,85,22233.45,Low
CUST20100,40,91342.37,2283.55925,7919.39,0,27.05,0.55,40,40,0.0,23,Low,Individual,United States,36,15504.28,Moderate
CUST20101,33,104401.56,3163.683636363636,13046.66,5,37.96969696969697,0.9393939393939394,33,33,0.15151515151515152,41,Moderate,Individual,Turkey,28,7059.73,Low
CUST20102,44,172063.83,3910.5415909090907,50224.0,5,38.52272727272727,0.9545454545454546,44,44,0.11363636363636363,40,Moderate,Individual,United Arab Emirates,104,5786.92,Low
CUST20103,38,64106.54,1687.0142105263158,6153.42,0,25.44736842105263,0.9473684210526315,38,38,0.0,30,Moderate,Individual,United Arab Emirates,70,15770.54,Low
CUST20104,39,132370.17,3394.1069230769235,15659.94,7,43.38461538461539,0.48717948717948717,38,38,0.1794871794871795,36,Moderate,Individual,United States,1,2448.89,Moderate
CUST20105,37,71138.45,1922.6608108108107,6301.97,2,25.64864864864865,0.918918918918919,37,37,0.05405405405405406,32,Moderate,Individual,Brazil,63,15006.67,Moderate
CUST20106,34,104469.37,3072.6285294117647,11565.77,0,27.941176470588236,0.9705882352941176,34,34,0.0,32,Moderate,Individual,United Arab Emirates,62,16129.39,High
CUST20107,32,134557.21,4204.9128125,48134.12,3,27.125,0.40625,32,32,0.09375,24,Low,Individual,United States,10,28810.14,Low
CUST20108,35,81200.07,2320.0020000000004,31338.61,1,24.085714285714285,0.5714285714285714,35,35,0.02857142857142857,23,Low,Individual,United States,75,22230.36,Low
CUST20109,42,144870.77,3449.304047619047,14630.54,0,29.38095238095238,0.9523809523809523,42,41,0.0,32,Moderate,Individual,United Arab Emirates,87,14837.79,Low
CUST20110,42,102516.09,2440.8592857142858,16444.09,1,24.547619047619047,0.47619047619047616,42,42,0.023809523809523808,21,Low,Individual,United States,39,18410.61,High
CUST20111,37,144499.66999999998,3905.396486486486,72353.22,3,27.56756756756757,0.43243243243243246,37,37,0.08108108108108109,24,Low,Individual,United States,119,25692.25,Low
CUST20112,38,149544.42,3935.379473684211,16135.5,1,27.526315789473685,0.9736842105263158,38,38,0.02631578947368421,33,Moderate,Individual,Turkey,64,28069.47,Moderate
CUST20113,35,77032.04,2200.9154285714285,10124.25,0,22.542857142857144,0.45714285714285713,35,35,0.0,19,Low,Individual,United States,46,14944.2,Moderate
CUST20114,37,123214.26,3330.115135135135,15731.85,2,29.81081081081081,0.8918918918918919,37,37,0.05405405405405406,33,Moderate,Individual,Nigeria,55,12826.57,Low
CUST20115,37,134647.37,3639.118108108108,31169.71,5,40.0,0.4594594594594595,36,37,0.13513513513513514,32,Moderate,Individual,United States,54,2778.44,Low
CUST20116,38,123399.33,3247.3507894736845,15623.55,3,28.63157894736842,0.47368421052631576,37,38,0.07894736842105263,25,Low,Individual,United States,48,10073.42,Low
CUST20117,35,78420.55,2240.587142857143,12227.45,1,21.228571428571428,0.6,35,35,0.02857142857142857,23,Low,Individual,United States,37,29935.52,Low
CUST20118,34,76991.88,2264.4670588235294,12544.38,0,23.941176470588236,0.5294117647058824,34,34,0.0,21,Low,Business,United States,94,12665.49,Moderate
CUST20119,44,138049.91,3137.497954545455,25160.04,4,31.727272727272727,0.9318181818181818,44,44,0.09090909090909091,36,Moderate,Individual,India,58,8718.21,Low
CUST20120,37,122162.93000000001,3301.700810810811,30177.82,3,34.945945945945944,0.4594594594594595,37,37,0.08108108108108109,28,Low,Individual,United States,73,3312.79,Moderate
CUST20121,38,81464.2,2143.794736842105,10568.79,0,20.13157894736842,0.5263157894736842,38,38,0.0,20,Low,Individual,United States,94,25825.28,Low
CUST20122,28,62827.4,2243.8357142857144,7583.37,1,26.5,0.8928571428571429,28,28,0.03571428571428571,31,Moderate,Individual,Canada,69,24237.75,Low
CUST20123,42,117814.18,2805.099523809524,11629.24,0,22.261904761904763,0.2857142857142857,42,42,0.0,16,Low,Individual,United States,28,14392.82,High
CUST20124,22,35875.229999999996,1630.6922727272724,6153.44,0,23.045454545454547,0.5,22,22,0.0,20,Low,Individual,United States,15,11442.52,Low
CUST20125,35,88990.81999999999,2542.594857142857,17349.78,3,26.6,0.8857142857142857,35,35,0.08571428571428572,33,Moderate,Individual,United Arab Emirates,102,9534.48,Moderate
CUST20126,36,88912.08,2469.78,10874.34,0,21.27777777777778,0.4444444444444444,36,36,0.0,18,Low,Individual,United States,47,16630.45,Low
CUST20127,39,85405.22,2189.877435897436,8195.33,0,24.487179487179485,0.8974358974358975,39,39,0.0,29,Low,Individual,Mexico,74,58887.96,High
CUST20128,57,141365.6,2480.098245614035,9962.7,1,22.80701754385965,0.5087719298245614,57,56,0.017543859649122806,21,Low,Individual,United States,86,31113.33,Low
CUST20129,43,125687.43,2922.963488372093,20436.46,1,24.488372093023255,0.3488372093023256,43,43,0.023255813953488372,19,Low,Individual,United States,76,21656.81,Low
CUST20130,35,195194.26,5576.978857142857,131015.99,1,23.228571428571428,0.4857142857142857,35,35,0.02857142857142857,21,Low,Individual,United States,49,27963.11,Low
CUST20131,37,77311.65,2089.504054054054,5421.21,2,35.91891891891892,0.972972972972973,37,37,0.05405405405405406,38,Moderate,Individual,United Arab Emirates,33,7335.17,Low
CUST20132,33,103687.71,3142.0518181818184,29028.64,2,29.484848484848484,0.9090909090909091,33,33,0.06060606060606061,34,Moderate,Individual,Turkey,111,30928.8,Low
CUST20133,29,74877.13,2581.9700000000003,19313.51,1,27.137931034482758,0.6206896551724138,29,29,0.034482758620689655,26,Low,Individual,United States,106,9240.49,Low
CUST20134,41,96556.97,2355.048048780488,13201.95,2,31.317073170731707,0.4146341463414634,41,41,0.04878048780487805,24,Low,Business,United States,90,4935.51,Low
CUST20135,35,104530.8,2986.594285714286,31985.19,0,24.428571428571427,0.9428571428571428,35,35,0.0,30,Moderate,Business,Nigeria,69,41384.69,Low
CUST20136,49,171176.52,3493.3983673469384,57536.54,2,28.081632653061224,0.9387755102040817,49,49,0.04081632653061224,33,Moderate,Individual,Canada,20,23371.68,Low
CUST20137,32,83484.51999999999,2608.8912499999997,22994.62,2,24.9375,0.4375,32,32,0.0625,22,Low,Individual,United States,34,15426.58,Low
CUST20138,28,68443.69,2444.4175,7561.27,1,28.428571428571427,0.39285714285714285,28,28,0.03571428571428571,22,Low,Individual,United States,68,12664.34,High
CUST20139,49,133802.49,2730.6630612244894,12078.04,4,31.0,0.42857142857142855,49,49,0.08163265306122448,25,Low,Individual,United States,54,5468.23,Low
CUST20140,32,62567.37,1955.2303125,9599.17,1,27.0625,0.5625,32,32,0.03125,25,Low,Individual,United States,37,6601.13,Low
CUST20141,39,101889.05,2612.5397435897435,17208.65,2,25.41025641025641,0.48717948717948717,39,39,0.05128205128205128,23,Low,Business,United States,48,14788.27,High
CUST20142,27,93110.15000000001,3448.524074074074,10453.79,0,24.703703703703702,0.5555555555555556,27,27,0.0,22,Low,Individual,United States,12,16645.03,High
CUST20143,44,99862.02,2269.591363636364,10039.21,9,42.52272727272727,0.5454545454545454,44,44,0.20454545454545456,37,Moderate,Individual,United States,57,2228.14,Low
CUST20144,40,71640.07,1791.0017500000001,7665.76,2,27.725,0.375,40,39,0.05,22,Low,Individual,United States,110,6814.57,Low
CUST20145,42,83211.81,1981.2335714285714,7140.16,0,23.166666666666668,0.5,41,42,0.0,20,Low,Business,United States,3,13272.42,Low
CUST20146,30,124601.11,4153.370333333333,34301.11,2,35.43333333333333,0.9666666666666667,30,30,0.06666666666666667,38,Moderate,Business,Canada,7,4488.98,Low
CUST20147,37,78846.68,2130.991351351351,11388.85,2,29.027027027027028,0.918918918918919,37,37,0.05405405405405406,33,Moderate,Individual,India,15,8758.13,Low
CUST20148,43,110150.64,2561.6427906976746,18753.76,1,28.697674418604652,0.9534883720930233,43,41,0.023255813953488372,33,Moderate,Business,Canada,96,12258.72,Low
CUST20149,41,83460.47,2035.6212195121952,8778.73,0,26.804878048780488,0.9024390243902439,41,41,0.0,30,Moderate,Individual,Nigeria,91,23095.63,Low
CUST20150,38,120697.23,3176.242894736842,24224.86,1,26.526315789473685,0.5263157894736842,38,38,0.02631578947368421,23,Low,Individual,United States,87,12222.89,Moderate
CUST20151,28,80392.83,2871.1725,11740.71,5,41.857142857142854,0.9642857142857143,27,28,0.17857142857142858,44,Moderate,Individual,Turkey,90,6048.74,Low
CUST20152,48,117867.14,2455.565416666667,11050.73,2,27.4375,0.8958333333333334,48,48,0.041666666666666664,32,Moderate,Business,Canada,14,27357.84,Low
CUST20153,38,171948.3,4524.9552631578945,82571.01,1,31.710526315789473,0.9473684210526315,38,38,0.02631578947368421,34,Moderate,Business,Mexico,105,29752.58,Moderate
CUST20154,39,124959.25,3204.0833333333335,28537.01,0,27.333333333333332,0.9230769230769231,39,39,0.0,31,Moderate,Individual,Canada,83,36577.66,Low
CUST20155,35,90283.22,2579.5205714285717,11780.98,1,28.942857142857143,0.9714285714285714,35,35,0.02857142857142857,33,Moderate,Individual,Nigeria,74,13255.31,Moderate
CUST20156,47,108614.78,2310.952765957447,13155.69,2,24.25531914893617,0.48936170212765956,47,47,0.0425531914893617,22,Low,Individual,United States,43,19329.7,Moderate
CUST20157,35,103736.03,2963.886571428571,14485.73,0,24.685714285714287,0.8285714285714286,35,35,0.0,28,Low,Individual,Canada,79,20067.43,Moderate
CUST20158,41,75289.36,1836.3258536585365,11247.83,0,23.097560975609756,0.5609756097560976,41,41,0.0,22,Low,Individual,United States,32,11358.33,Low
CUST20159,45,215189.93000000002,4781.998444444445,72521.1,11,41.24444444444445,0.9333333333333333,45,45,0.24444444444444444,46,Moderate,Individual,India,36,4458.74,Low
CUST20160,32,209021.57,6531.9240625,87980.23,3,37.40625,0.9375,32,32,0.09375,39,Moderate,Business,Brazil,23,7728.17,Low
CUST20161,21,53504.63,2547.8395238095236,11775.62,1,29.142857142857142,0.8571428571428571,21,21,0.047619047619047616,32,Moderate,Individual,Canada,27,16512.02,Low
CUST20162,30,67382.33,2246.0776666666666,10607.36,2,31.366666666666667,0.9,30,30,0.06666666666666667,34,Moderate,Individual,Nigeria,36,4554.14,Low
CUST20163,46,148354.65,3225.1010869565216,11906.92,10,44.45652173913044,0.8913043478260869,46,46,0.21739130434782608,45,Moderate,Individual,Canada,25,2961.82,Moderate
CUST20164,39,110749.39,2839.7279487179485,27414.77,3,28.564102564102566,0.3076923076923077,39,39,0.07692307692307693,22,Low,Individual,United States,85,10253.26,Low
CUST20165,40,157694.35,3942.3587500000003,33065.47,5,32.45,0.6,40,40,0.125,31,Moderate,Individual,United States,49,6242.23,Moderate
CUST20166,38,109115.43000000001,2871.4586842105264,17511.06,2,26.473684210526315,0.5526315789473685,38,38,0.05263157894736842,25,Low,Individual,United States,111,10523.71,Low
CUST20167,43,131894.35,3067.3104651162794,34730.01,3,29.627906976744185,0.9069767441860465,43,43,0.06976744186046512,34,Moderate,Individual,United Kingdom,98,8652.14,Low
CUST20168,37,87861.9,2374.6459459459456,9007.86,1,28.243243243243242,0.9459459459459459,37,36,0.02702702702702703,33,Moderate,Individual,United Kingdom,44,13721.28,Moderate
CUST20169,35,148533.74,4243.821142857142,38168.45,4,31.742857142857144,0.45714285714285713,35,35,0.11428571428571428,27,Low,Business,United States,110,7949.81,Low
CUST20170,37,96557.1,2609.6513513513514,10424.55,3,34.54054054054054,0.9459459459459459,36,37,0.08108108108108109,37,Moderate,Individual,Turkey,50,7105.62,Moderate
CUST20171,35,81139.35,2318.267142857143,12212.37,1,24.4,0.9428571428571428,35,35,0.02857142857142857,31,Moderate,Individual,Mexico,29,33625.15,Moderate
CUST20172,29,117400.15,4048.2810344827585,45436.14,0,25.103448275862068,0.4827586206896552,28,29,0.0,21,Low,Individual,United States,56,11098.2,Moderate
CUST20173,31,121571.28,3921.654193548387,14239.96,1,29.483870967741936,0.967741935483871,31,31,0.03225806451612903,34,Moderate,Business,Turkey,59,39014.54,Low
CUST20174,36,102140.46,2837.235,8508.08,13,53.19444444444444,0.4166666666666667,36,36,0.3611111111111111,45,Moderate,Business,United States,98,1380.08,Moderate
CUST20175,48,215730.39,4494.383125,47136.47,2,22.916666666666668,0.4166666666666667,48,48,0.041666666666666664,20,Low,Individual,United States,78,61046.77,Low
CUST20176,43,108710.92,2528.1609302325583,16356.76,3,25.88372093023256,0.4883720930232558,42,43,0.06976744186046512,24,Low,Business,United States,31,8116.22,High
CUST20177,39,221484.21,5679.082307692307,98731.47,4,35.0,0.9230769230769231,39,39,0.10256410256410256,38,Moderate,Individual,United Kingdom,65,9934.6,Moderate
CUST20178,41,146204.77000000002,3565.9700000000003,17519.15,3,23.195121951219512,0.2926829268292683,41,41,0.07317073170731707,19,Low,Individual,United States,42,26351.42,Low
CUST20179,34,109425.28,3218.390588235294,18019.22,5,34.3235294117647,0.9705882352941176,33,34,0.14705882352941177,40,Moderate,Individual,Nigeria,26,8533.81,Low
CUST20180,28,66347.2,2369.542857142857,7000.72,1,29.857142857142858,0.9642857142857143,28,27,0.03571428571428571,34,Moderate,Business,Turkey,92,8493.91,Moderate
CUST20181,31,97136.42,3133.4329032258065,25011.86,5,35.645161290322584,0.6774193548387096,31,31,0.16129032258064516,35,Moderate,Business,United States,5,4769.92,Moderate
CUST20182,37,72257.7,1952.9108108108107,9530.11,3,29.16216216216216,0.972972972972973,36,36,0.08108108108108109,35,Moderate,Individual,Nigeria,18,118079.31,Low
CUST20183,41,196786.63999999998,4799.674146341463,64610.52,5,31.975609756097562,0.975609756097561,41,41,0.12195121951219512,38,Moderate,Individual,Mexico,75,12244.11,Moderate
CUST20184,40,93052.66,2326.3165,11952.48,1,24.175,0.475,39,39,0.025,21,Low,Individual,United States,14,9256.67,Low
CUST20185,32,68709.18,2147.161875,5668.14,1,29.0,0.84375,32,32,0.03125,31,Moderate,Individual,United Arab Emirates,45,8242.4,Moderate
CUST20186,35,116393.49,3325.528285714286,17153.53,5,31.057142857142857,0.5714285714285714,35,35,0.14285714285714285,30,Moderate,Individual,United States,79,7557.08,Moderate
CUST20187,37,126583.53,3421.1764864864863,19018.1,2,25.72972972972973,0.35135135135135137,37,37,0.05405405405405406,20,Low,Individual,United States,21,12659.71,Low
CUST20188,40,79249.79000000001,1981.2447500000003,8374.36,0,21.575,0.525,40,40,0.0,20,Low,Individual,United States,11,14641.7,High
CUST20189,24,50625.86,2109.4108333333334,6165.7,0,21.583333333333332,0.5416666666666666,24,24,0.0,21,Low,Individual,United States,27,19174.39,Low
CUST20190,51,101975.88,1999.5270588235296,7573.22,0,23.254901960784313,0.45098039215686275,51,51,0.0,19,Low,Individual,United States,34,16066.57,Low
CUST20191,37,103601.86,2800.05027027027,20492.6,3,33.486486486486484,0.9459459459459459,37,37,0.08108108108108109,37,Moderate,Individual,Canada,29,10280.6,Low
CUST20192,38,211919.19999999998,5576.821052631579,75478.23,2,31.342105263157894,0.5526315789473685,38,38,0.05263157894736842,27,Low,Individual,United States,59,12835.44,High
CUST20193,31,76966.51,2482.7906451612903,9576.25,2,31.419354838709676,0.41935483870967744,31,31,0.06451612903225806,25,Low,Business,United States,100,9169.47,High
CUST20194,35,74246.47,2121.327714285714,10977.18,1,27.17142857142857,0.9714285714285714,35,34,0.02857142857142857,33,Moderate,Individual,Turkey,13,11729.71,Low
CUST20195,33,137525.01,4167.424545454545,22545.54,3,31.848484848484848,0.8484848484848485,33,33,0.09090909090909091,34,Moderate,Individual,Canada,83,14574.81,Low
CUST20196,35,100543.90999999999,2872.6831428571427,20187.05,0,21.314285714285713,0.42857142857142855,34,35,0.0,18,Low,Individual,United States,61,51120.92,Low
CUST20197,39,142892.7,3663.915384615385,12620.36,1,27.333333333333332,0.5128205128205128,39,39,0.02564102564102564,23,Low,Individual,United States,109,17479.72,Low
CUST20198,48,337567.44,7032.655,73057.43,5,29.25,0.4375,48,48,0.10416666666666667,26,Low,Individual,United States,28,18635.88,Moderate
CUST20199,39,128950.87999999999,3306.4328205128204,16875.85,1,25.153846153846153,0.5641025641025641,39,39,0.02564102564102564,23,Low,Individual,United States,77,25233.25,Low
CUST20200,33,69066.95,2092.9378787878786,9764.96,2,27.727272727272727,0.5454545454545454,33,33,0.06060606060606061,26,Low,Individual,United States,18,6398.75,Low
CUST20201,41,108315.77,2641.8480487804877,21765.24,5,28.24390243902439,0.4634146341463415,41,41,0.12195121951219512,26,Low,Individual,United States,95,14404.37,Low
CUST20202,32,74569.31,2330.2909375,18814.62,1,27.46875,0.5,32,32,0.03125,23,Low,Individual,United States,39,5567.11,Low
CUST20203,34,75355.73,2216.345,7849.86,4,37.11764705882353,0.6176470588235294,34,34,0.11764705882352941,33,Moderate,Individual,United States,47,4137.14,Low
CUST20204,39,97541.63,2501.067435897436,19921.66,2,24.58974358974359,0.3076923076923077,38,39,0.05128205128205128,19,Low,Individual,United States,108,11298.91,Moderate
CUST20205,44,92565.49,2103.7611363636365,7541.02,0,27.5,0.9545454545454546,44,44,0.0,31,Moderate,Individual,Mexico,55,34509.26,Low
CUST20206,31,57431.08,1852.6154838709679,7619.69,0,26.870967741935484,0.8709677419354839,31,31,0.0,30,Moderate,Business,Mexico,96,8925.38,Low
CUST20207,50,198223.37999999998,3964.4675999999995,67115.04,2,29.88,0.94,50,50,0.04,34,Moderate,Individual,United Arab Emirates,77,27406.58,Low
CUST20208,45,100538.12,2234.180444444444,21695.91,4,30.511111111111113,0.5333333333333333,45,45,0.08888888888888889,28,Low,Individual,United States,114,5360.91,Moderate
CUST20209,42,130501.29,3107.1735714285714,26500.48,0,24.928571428571427,0.9761904761904762,42,42,0.0,31,Moderate,Individual,United Kingdom,114,26981.17,Low
CUST20210,43,86350.13,2008.142558139535,7636.41,3,27.46511627906977,0.8837209302325582,43,43,0.06976744186046512,32,Moderate,Individual,Canada,96,14459.15,High
CUST20211,37,95299.04,2575.6497297297296,14543.47,2,27.756756756756758,0.3783783783783784,37,36,0.05405405405405406,22,Low,Individual,United States,73,8334.39,Moderate
CUST20212,40,87418.55,2185.46375,15735.49,1,26.875,0.375,40,40,0.025,20,Low,Individual,United States,97,8158.61,Low
CUST20213,44,208641.78,4741.858636363636,23709.78,6,36.65909090909091,1.0,44,43,0.13636363636363635,41,Moderate,Individual,Mexico,36,12836.37,Moderate
CUST20214,39,147464.21,3781.1335897435897,57448.36,1,27.025641025641026,0.9743589743589743,39,39,0.02564102564102564,33,Moderate,Individual,Turkey,100,28492.24,Low
CUST20215,42,134580.13,3204.2888095238095,15479.86,0,26.523809523809526,1.0,42,41,0.0,32,Moderate,Individual,Turkey,102,19602.24,Low
CUST20216,43,113159.94,2631.626511627907,14670.84,4,42.2093023255814,0.9767441860465116,43,43,0.09302325581395349,42,Moderate,Individual,United Arab Emirates,16,3642.54,Low
CUST20217,31,74294.89,2396.60935483871,7731.37,2,37.45161290322581,0.5483870967741935,31,31,0.06451612903225806,30,Moderate,Individual,United States,106,4053.32,Low
CUST20218,35,60339.729999999996,1723.9922857142856,6776.74,2,29.057142857142857,0.9714285714285714,35,35,0.05714285714285714,35,Moderate,Individual,Nigeria,71,29010.39,Moderate
CUST20219,33,176891.25,5360.340909090909,92643.92,1,30.545454545454547,0.9393939393939394,33,33,0.030303030303030304,34,Moderate,Individual,Turkey,75,24836.84,Low
CUST20220,37,126300.5,3413.527027027027,29291.0,0,26.243243243243242,0.972972972972973,36,37,0.0,31,Moderate,Individual,India,109,45436.49,Moderate
CUST20221,31,114289.12,3686.7458064516127,16577.32,3,31.193548387096776,0.3870967741935484,31,31,0.0967741935483871,25,Low,Individual,United States,26,10375.53,High
CUST20222,33,82654.05,2504.668181818182,13692.97,1,27.393939393939394,0.3333333333333333,32,33,0.030303030303030304,20,Low,Individual,United States,83,5827.88,Low
CUST20223,38,89332.0,2350.842105263158,9597.53,2,28.473684210526315,0.9736842105263158,38,38,0.05263157894736842,34,Moderate,Individual,Brazil,92,14454.54,Moderate
CUST20224,39,113717.6,2915.8358974358976,26717.97,2,29.53846153846154,0.9487179487179487,39,39,0.05128205128205128,34,Moderate,Individual,Nigeria,16,9051.19,High
CUST20225,43,79651.81,1852.3676744186046,10125.21,2,28.837209302325583,0.37209302325581395,43,43,0.046511627906976744,22,Low,Business,United States,109,5194.34,Moderate
CUST20226,39,124346.67,3188.376153846154,24113.48,1,25.692307692307693,0.5384615384615384,39,38,0.02564102564102564,23,Low,Individual,United States,103,13064.39,Moderate
CUST20227,31,203568.3,6566.7193548387095,55700.43,4,31.161290322580644,0.41935483870967744,31,31,0.12903225806451613,27,Low,Individual,United States,34,14064.64,Low
CUST20228,32,78286.25,2446.4453125,12262.97,1,25.71875,0.9375,32,32,0.03125,31,Moderate,Individual,Mexico,13,10614.85,Moderate
CUST20229,38,102781.58,2704.7784210526315,16235.36,0,25.894736842105264,0.9210526315789473,38,38,0.0,30,Moderate,Individual,India,115,85627.06,Low
CUST20230,39,109500.3,2807.7000000000003,28218.85,1,28.846153846153847,0.5128205128205128,39,39,0.02564102564102564,24,Low,Individual,United States,72,8305.82,High
CUST20231,46,119330.41,2594.139347826087,12189.04,0,24.73913043478261,0.8913043478260869,46,46,0.0,29,Low,Individual,Canada,94,33926.67,Low
CUST20232,40,135741.08,3393.5269999999996,27164.59,2,30.1,0.95,40,40,0.05,34,Moderate,Business,United Arab Emirates,21,17699.52,Low
CUST20233,43,162972.19,3790.050930232558,41630.88,5,27.906976744186046,0.3023255813953488,42,43,0.11627906976744186,23,Low,Individual,United States,99,9869.82,Low
CUST20234,42,99833.78,2376.994761904762,11502.57,1,30.285714285714285,0.9523809523809523,42,42,0.023809523809523808,34,Moderate,Individual,Mexico,84,11868.48,Low
CUST20235,43,153415.25,3567.796511627907,26863.08,0,27.11627906976744,0.37209302325581395,42,43,0.0,20,Low,Business,United States,15,15517.45,Low
CUST20236,33,82624.25,2503.7651515151515,16065.31,2,35.27272727272727,0.5757575757575758,33,33,0.06060606060606061,30,Moderate,Individual,United States,97,4378.27,Low
CUST20237,53,178505.03,3368.019433962264,15259.72,12,44.18867924528302,0.9433962264150944,53,53,0.22641509433962265,47,Moderate,Business,Canada,82,3820.85,Moderate
CUST20238,39,100074.12,2566.0030769230766,18603.46,0,31.71794871794872,1.0,39,39,0.0,34,Moderate,Individual,United Arab Emirates,87,8781.22,Moderate
CUST20239,35,87351.17,2495.747714285714,11488.8,1,24.514285714285716,0.45714285714285713,35,34,0.02857142857142857,21,Low,Business,United States,7,17563.05,Low
CUST20240,46,129464.06,2814.4360869565216,13476.43,4,35.02173913043478,0.391304347826087,45,46,0.08695652173913043,27,Low,Individual,United States,23,4582.11,Low
CUST20241,37,118743.62,3209.287027027027,35871.11,3,24.2972972972973,0.4594594594594595,37,37,0.08108108108108109,23,Low,Individual,United States,21,34686.45,Moderate
CUST20242,39,89799.27,2302.5453846153846,17283.53,4,34.17948717948718,0.48717948717948717,39,39,0.10256410256410256,29,Low,Individual,United States,69,3148.14,Low
CUST20243,37,120002.79,3243.3186486486484,23299.75,0,25.216216216216218,0.8378378378378378,36,37,0.0,28,Low,Business,United Kingdom,64,16900.31,Moderate
CUST20244,30,125658.9,4188.63,20672.76,3,37.13333333333333,1.0,30,30,0.1,40,Moderate,Individual,United Kingdom,67,7046.58,Low
CUST20245,36,116125.0,3225.6944444444443,48400.96,2,27.194444444444443,0.5277777777777778,36,36,0.05555555555555555,25,Low,Individual,United States,18,9602.07,Moderate
CUST20246,39,96413.85,2472.15,12091.22,1,26.102564102564102,0.9487179487179487,39,39,0.02564102564102564,32,Moderate,Individual,Brazil,45,60113.14,Low
CUST20247,39,84451.57,2165.424871794872,7687.99,1,32.87179487179487,0.9487179487179487,39,39,0.02564102564102564,35,Moderate,Business,Nigeria,24,8760.78,Low
CUST20248,32,81535.58,2547.986875,9535.71,2,32.84375,0.40625,32,32,0.0625,25,Low,Business,United States,56,6179.07,Low
CUST20249,35,123231.65,3520.9042857142854,31167.88,2,26.057142857142857,0.9142857142857143,35,35,0.05714285714285714,32,Moderate,Individual,Canada,14,16679.16,Moderate
CUST20250,33,122455.71,3710.779090909091,21677.23,6,32.333333333333336,0.42424242424242425,33,33,0.18181818181818182,29,Low,Individual,United States,22,11751.5,Low
CUST20251,45,144715.91999999998,3215.909333333333,26278.98,2,27.955555555555556,0.4666666666666667,45,45,0.044444444444444446,23,Low,Individual,United States,105,15753.5,Low
CUST20252,30,87745.44,2924.848,13426.34,3,35.53333333333333,0.4666666666666667,30,30,0.1,29,Low,Business,United States,22,4861.92,Low
CUST20253,41,83204.45,2029.3768292682926,6864.33,0,27.341463414634145,0.975609756097561,41,41,0.0,32,Moderate,Business,United Kingdom,31,13961.1,High
CUST20254,33,80908.44,2451.7709090909093,13899.72,1,27.666666666666668,0.8787878787878788,33,33,0.030303030303030304,31,Moderate,Business,United Arab Emirates,24,11244.84,Low
CUST20255,34,87562.36,2575.363529411765,10101.78,1,31.470588235294116,0.9117647058823529,34,34,0.029411764705882353,33,Moderate,Individual,Canada,99,12247.72,Low
CUST20256,32,102010.22,3187.819375,15264.39,1,31.34375,0.96875,32,32,0.03125,35,Moderate,Individual,Nigeria,18,11986.77,Low
CUST20257,46,88264.81999999999,1918.8004347826086,14208.8,0,25.369565217391305,0.45652173913043476,45,46,0.0,21,Low,Individual,United States,2,7488.55,Low
CUST20258,57,105841.54000000001,1856.8691228070177,8848.37,0,29.24561403508772,0.9473684210526315,56,56,0.0,32,Moderate,Individual,United Arab Emirates,44,7879.19,Moderate
CUST20259,42,105338.62,2508.062380952381,15718.2,3,34.833333333333336,0.9047619047619048,42,42,0.07142857142857142,36,Moderate,Individual,Mexico,62,6019.35,Low
CUST20260,40,106023.34,2650.5834999999997,15366.86,3,33.65,1.0,40,40,0.075,38,Moderate,Individual,United Kingdom,25,6863.43,Moderate
CUST20261,37,104962.3,2836.818918918919,15259.99,6,31.027027027027028,0.5135135135135135,37,37,0.16216216216216217,30,Moderate,Business,United States,79,7544.51,Low
CUST20262,34,117539.23000000001,3457.0361764705885,17181.95,4,32.55882352941177,0.8529411764705882,34,33,0.11764705882352941,36,Moderate,Individual,United Kingdom,46,8981.67,Low
CUST20263,38,139797.12,3678.871578947368,53061.8,4,28.94736842105263,0.5526315789473685,38,37,0.10526315789473684,28,Low,Individual,United States,112,11591.35,Low
CUST20264,40,107036.99,2675.92475,11590.33,4,32.225,0.975,40,40,0.1,38,Moderate,Individual,Turkey,70,8098.17,Low
CUST20265,42,128472.39,3058.8664285714285,23997.63,7,36.095238095238095,0.2619047619047619,42,42,0.16666666666666666,27,Low,Individual,United States,103,2702.63,Low
CUST20266,41,94931.83,2315.410487804878,17765.03,1,26.609756097560975,0.926829268292683,40,41,0.024390243902439025,31,Moderate,Individual,United Kingdom,119,20139.99,High
CUST20267,38,90530.06,2382.37,12723.65,2,26.763157894736842,0.5526315789473685,38,37,0.05263157894736842,25,Low,Business,United States,39,22783.85,Moderate
CUST20268,41,147438.76,3596.067317073171,20167.57,2,29.70731707317073,0.43902439024390244,41,41,0.04878048780487805,24,Low,Individual,United States,93,8818.23,Moderate
CUST20269,38,85182.68000000001,2241.6494736842105,9483.93,1,28.18421052631579,0.9210526315789473,38,38,0.02631578947368421,32,Moderate,Business,Brazil,75,19947.04,Moderate
CUST20270,42,75326.89,1793.497380952381,4640.5,1,27.976190476190474,0.9523809523809523,42,42,0.023809523809523808,32,Moderate,Individual,Canada,76,20233.96,High
CUST20271,33,76630.23999999999,2322.1284848484847,12787.14,1,27.939393939393938,1.0,33,33,0.030303030303030304,34,Moderate,Individual,Nigeria,84,25210.97,Low
CUST20272,38,103604.72,2726.44,26088.05,3,32.26315789473684,0.631578947368421,38,38,0.07894736842105263,30,Moderate,Individual,United States,68,4695.2,Low
CUST20273,41,180894.88,4412.070243902439,80764.52,2,26.170731707317074,0.4634146341463415,41,41,0.04878048780487805,23,Low,Individual,United States,100,55327.01,Low
CUST20274,27,114957.04,4257.668148148148,63820.74,1,22.703703703703702,0.6296296296296297,27,27,0.037037037037037035,24,Low,Individual,United States,37,31418.12,Low
CUST20275,32,86797.70999999999,2712.4284374999997,8475.97,2,27.90625,0.9375,32,32,0.0625,33,Moderate,Individual,India,23,29246.06,Low
CUST20276,29,186181.33,6420.045862068965,101954.17,3,35.44827586206897,1.0,29,29,0.10344827586206896,40,Moderate,Individual,Canada,57,6841.81,High
CUST20277,36,115044.12,3195.67,20689.01,2,31.416666666666668,0.5277777777777778,35,36,0.05555555555555555,27,Low,Individual,United States,92,14606.99,Low
CUST20278,39,86036.6,2206.0666666666666,11895.87,3,28.076923076923077,0.9743589743589743,39,39,0.07692307692307693,35,Moderate,Business,Mexico,3,30766.01,Low
CUST20279,36,73184.72,2032.908888888889,9769.87,2,29.97222222222222,1.0,36,36,0.05555555555555555,35,Moderate,Individual,Canada,14,12208.62,Moderate
CUST20280,31,70195.21,2264.361612903226,9302.33,0,25.0,0.9354838709677419,31,31,0.0,30,Moderate,Individual,Brazil,98,24212.52,Low
CUST20281,38,131297.29,3455.1918421052633,25398.75,0,24.210526315789473,0.42105263157894735,37,38,0.0,19,Low,Business,United States,66,12731.32,High
CUST20282,34,73834.33,2171.5979411764706,12670.47,2,35.911764705882355,1.0,34,34,0.058823529411764705,38,Moderate,Individual,Canada,61,5267.98,Low
CUST20283,39,132856.38,3406.5738461538463,23325.8,11,46.53846153846154,0.8974358974358975,39,39,0.28205128205128205,49,Moderate,Individual,United Kingdom,28,1932.06,Low
CUST20284,33,84995.05,2575.607575757576,10125.77,3,29.696969696969695,0.48484848484848486,32,33,0.09090909090909091,26,Low,Individual,United States,29,7840.02,Low
CUST20285,39,100176.93,2568.6392307692304,11183.01,0,22.487179487179485,0.5384615384615384,39,39,0.0,21,Low,Business,United States,37,18821.76,Moderate
CUST20286,33,92484.31,2802.554848484848,18346.08,0,21.575757575757574,0.3333333333333333,32,33,0.0,16,Low,Business,United States,119,23052.22,Low
CUST20287,31,159751.86,5153.285806451612,74086.04,3,32.645161290322584,0.9032258064516129,31,31,0.0967741935483871,36,Moderate,Individual,Nigeria,120,17157.87,Low
CUST20288,40,114144.67,2853.61675,11098.89,1,26.6,0.475,40,40,0.025,22,Low,Individual,United States,103,8527.65,Low
CUST20289,36,76999.15000000001,2138.865277777778,12856.78,2,37.333333333333336,0.8888888888888888,36,36,0.05555555555555555,37,Moderate,Business,Canada,13,6605.52,Low
CUST20290,34,242924.13999999998,7144.8276470588235,147265.62,2,32.6764705882353,0.9411764705882353,34,34,0.058823529411764705,36,Moderate,Individual,India,27,33935.94,Moderate
CUST20291,36,100040.44,2778.9011111111113,22432.72,1,34.05555555555556,0.9166666666666666,35,36,0.027777777777777776,35,Moderate,Business,Nigeria,70,6550.5,Low
CUST20292,35,81064.22,2316.1205714285716,9586.33,0,24.6,0.9428571428571428,35,35,0.0,30,Moderate,Individual,India,54,33201.36,High
CUST20293,33,74845.58,2268.0478787878787,12548.24,0,21.848484848484848,0.6666666666666666,33,32,0.0,23,Low,Individual,United States,111,23165.23,Low
CUST20294,28,54214.69,1936.2389285714287,6271.64,2,28.714285714285715,0.9285714285714286,28,28,0.07142857142857142,34,Moderate,Individual,United Kingdom,53,22571.64,Low
CUST20295,30,66402.81999999999,2213.427333333333,18310.45,1,31.6,0.9666666666666667,30,30,0.03333333333333333,35,Moderate,Individual,Brazil,23,9185.93,High
CUST20296,33,113553.73,3441.022121212121,14896.72,5,28.87878787878788,0.24242424242424243,33,33,0.15151515151515152,23,Low,Individual,United States,115,9536.71,Moderate
CUST20297,50,106705.28,2134.1056,10386.9,1,27.12,0.5,50,50,0.02,23,Low,Business,United States,14,14878.01,Low
CUST20298,30,56659.86,1888.662,5497.19,4,41.6,0.9666666666666667,30,29,0.13333333333333333,43,Moderate,Individual,Canada,75,3289.06,Moderate
CUST20299,33,60631.159999999996,1837.3078787878787,6407.46,1,24.333333333333332,0.9696969696969697,33,33,0.030303030303030304,31,Moderate,Individual,Brazil,28,37440.73,Moderate
CUST20300,33,79163.0,2398.878787878788,11080.56,1,25.666666666666668,0.48484848484848486,31,33,0.030303030303030304,22,Low,Business,United States,48,10222.64,Low
CUST20301,29,94813.0,3269.4137931034484,22472.45,2,32.48275862068966,0.9310344827586207,28,29,0.06896551724137931,36,Moderate,Individual,Canada,40,13911.76,Low
CUST20302,46,145488.15,3162.785869565217,13078.42,0,21.91304347826087,0.43478260869565216,45,46,0.0,19,Low,Individual,United States,105,30924.17,Low
CUST20303,42,101132.56999999999,2407.918333333333,9595.11,0,26.38095238095238,0.9523809523809523,42,42,0.0,31,Moderate,Individual,Canada,2,17115.56,Low
CUST20304,35,144826.02,4137.886285714286,59139.06,1,22.771428571428572,0.4,35,35,0.02857142857142857,19,Low,Business,United States,23,30786.76,Low
CUST20305,42,106759.79,2541.899761904762,15031.92,5,30.904761904761905,0.9047619047619048,42,41,0.11904761904761904,36,Moderate,Individual,Canada,84,8120.89,Moderate
CUST20306,25,71273.14,2850.9256,14195.72,2,27.4,0.48,25,25,0.08,25,Low,Individual,United States,41,17530.13,Low
CUST20307,25,57006.89,2280.2756,7780.6,3,38.8,0.48,25,25,0.12,31,Moderate,Individual,United States,91,3215.47,Low
CUST20308,29,71387.26,2461.6296551724135,9916.5,4,35.58620689655172,0.5862068965517241,29,29,0.13793103448275862,33,Moderate,Individual,United States,100,4702.6,Low
CUST20309,30,111988.67,3732.9556666666667,15955.47,1,25.466666666666665,0.6,30,30,0.03333333333333333,25,Low,Business,United States,52,48293.05,Low
CUST20310,45,227903.12,5064.513777777777,103294.23,4,31.866666666666667,0.4444444444444444,44,44,0.08888888888888889,26,Low,Individual,United States,78,10066.87,Low
CUST20311,45,126892.16,2819.825777777778,13162.51,0,24.288888888888888,0.4222222222222222,45,44,0.0,19,Low,Individual,United States,6,23843.51,Low
CUST20312,36,114940.2,3192.7833333333333,27426.1,2,30.38888888888889,0.9722222222222222,35,35,0.05555555555555555,35,Moderate,Individual,Mexico,31,8827.61,Low
CUST20313,32,91291.83,2852.8696875,7762.12,1,31.65625,0.28125,32,32,0.03125,21,Low,Individual,United States,55,9138.6,Moderate
CUST20314,44,123828.83,2814.291590909091,10794.79,10,41.86363636363637,0.9090909090909091,44,43,0.22727272727272727,45,Moderate,Individual,Canada,47,4243.81,Low
CUST20315,41,142520.42,3476.107804878049,17696.2,2,28.26829268292683,0.9512195121951219,41,41,0.04878048780487805,33,Moderate,Business,Nigeria,97,19269.18,Moderate
CUST20316,39,79905.16,2048.8502564102564,7401.06,3,28.692307692307693,0.9487179487179487,39,39,0.07692307692307693,35,Moderate,Individual,Turkey,91,127879.77,High
CUST20317,35,85424.71,2440.706,8085.34,2,29.914285714285715,0.9714285714285714,35,35,0.05714285714285714,35,Moderate,Individual,India,109,11194.5,Low
CUST20318,38,90643.91,2385.366052631579,22207.34,3,27.973684210526315,1.0,38,38,0.07894736842105263,35,Moderate,Individual,India,84,10550.08,Low
CUST20319,32,73929.73999999999,2310.3043749999997,10456.14,0,25.53125,0.9375,32,32,0.0,30,Moderate,Individual,United Kingdom,115,41622.05,High
CUST20320,41,128256.44,3128.205853658537,19767.31,4,33.75609756097561,0.926829268292683,41,41,0.0975609756097561,37,Moderate,Individual,Canada,10,7774.6,Low
CUST20321,33,113573.62,3441.6248484848484,37820.6,2,31.90909090909091,0.9393939393939394,33,33,0.06060606060606061,35,Moderate,Individual,United Kingdom,105,7179.12,Low
CUST20322,44,160799.34,3654.5304545454546,16701.75,3,32.43181818181818,0.9772727272727273,44,43,0.06818181818181818,37,Moderate,Individual,Nigeria,18,17564.68,Low
CUST20323,37,120479.2,3256.1945945945945,39651.33,1,25.64864864864865,0.3783783783783784,37,37,0.02702702702702703,20,Low,Business,United States,64,11991.91,Moderate
CUST20324,33,124149.82,3762.115757575758,23027.98,0,27.303030303030305,0.42424242424242425,33,33,0.0,21,Low,Individual,United States,104,21850.96,Moderate
CUST20325,38,189340.52,4982.645263157894,41806.04,1,25.94736842105263,0.34210526315789475,38,38,0.02631578947368421,19,Low,Business,United States,67,11878.04,Low
CUST20326,41,126856.69,3094.0656097560977,12340.51,13,48.36585365853659,1.0,41,41,0.3170731707317073,53,High,Business,United Arab Emirates,10,2472.93,Low
CUST20327,34,90396.5,2658.720588235294,14758.41,1,29.676470588235293,0.5588235294117647,34,34,0.029411764705882353,26,Low,Individual,United States,45,7087.17,Low
CUST20328,34,46993.96,1382.1752941176471,3689.53,2,30.08823529411765,0.5882352941176471,34,34,0.058823529411764705,27,Low,Individual,United States,7,6639.76,Moderate
CUST20329,28,49727.67,1775.9882142857143,5017.82,2,33.17857142857143,0.42857142857142855,28,27,0.07142857142857142,26,Low,Individual,United States,70,4355.05,Moderate
CUST20330,38,110027.59,2895.462894736842,14595.74,3,35.78947368421053,0.5,38,38,0.07894736842105263,29,Low,Individual,United States,76,4868.32,Low
CUST20331,46,152288.36,3310.6165217391303,50775.6,1,26.456521739130434,0.5,46,46,0.021739130434782608,23,Low,Business,United States,8,13183.58,Low
CUST20332,33,84729.8,2567.569696969697,14001.42,3,30.90909090909091,0.48484848484848486,33,32,0.09090909090909091,27,Low,Individual,United States,120,6618.7,Low
CUST20333,35,175567.43999999997,5016.21257142857,68636.04,2,25.771428571428572,0.4857142857142857,35,35,0.05714285714285714,23,Low,Individual,United States,13,17007.7,Moderate
CUST20334,32,107182.06999999999,3349.4396874999998,12848.3,1,28.53125,0.375,32,32,0.03125,21,Low,Individual,United States,29,11530.26,Moderate
CUST20335,39,139813.56,3584.9630769230766,28124.7,2,28.025641025641026,0.46153846153846156,39,38,0.05128205128205128,24,Low,Individual,United States,99,16974.75,Low
CUST20336,46,164346.69,3572.754130434783,41914.11,1,29.0,0.45652173913043476,46,46,0.021739130434782608,23,Low,Business,United States,29,7296.1,Low
CUST20337,37,66205.56,1789.3394594594595,8244.86,9,41.54054054054054,0.918918918918919,37,37,0.24324324324324326,46,Moderate,Individual,United Arab Emirates,63,2090.32,High
CUST20338,35,95880.53,2739.443714285714,14094.6,4,35.51428571428571,0.45714285714285713,35,35,0.11428571428571428,29,Low,Individual,United States,108,4948.69,Moderate
CUST20339,32,50703.9,1584.496875,5867.15,3,38.21875,0.4375,32,32,0.09375,29,Low,Individual,United States,109,2269.42,High
CUST20340,41,100747.91,2457.2660975609756,11930.89,2,32.65853658536585,0.975609756097561,41,41,0.04878048780487805,36,Moderate,Individual,Nigeria,23,7195.14,Low
CUST20341,31,91024.02,2936.2587096774196,31256.55,3,34.903225806451616,0.967741935483871,31,30,0.0967741935483871,38,Moderate,Individual,Canada,52,5713.19,Low
CUST20342,34,123038.61,3618.7826470588234,15451.49,1,35.05882352941177,0.9117647058823529,34,34,0.029411764705882353,35,Moderate,Individual,Canada,56,8509.74,Low
CUST20343,37,103612.27,2800.3316216216217,8219.36,5,39.189189189189186,0.972972972972973,37,37,0.13513513513513514,42,Moderate,Individual,Turkey,27,5106.84,Low
CUST20344,34,87171.4,2563.8647058823526,13222.04,3,31.5,0.9705882352941176,34,34,0.08823529411764706,37,Moderate,Individual,Nigeria,3,9282.04,Low
CUST20345,42,155800.97,3709.546904761905,44672.52,2,29.19047619047619,0.9047619047619048,42,42,0.047619047619047616,33,Moderate,Individual,Mexico,53,21069.16,Low
CUST20346,35,110819.31,3166.266,18770.01,3,31.771428571428572,0.5714285714285714,35,35,0.08571428571428572,29,Low,Individual,United States,3,7473.28,Moderate
CUST20347,22,64254.2,2920.6454545454544,21323.42,0,21.0,0.5454545454545454,22,22,0.0,20,Low,Business,United States,69,14691.4,Moderate
CUST20348,43,145242.08000000002,3377.722790697675,33565.25,4,31.511627906976745,0.46511627906976744,43,43,0.09302325581395349,27,Low,Individual,United States,69,6710.12,Low
CUST20349,30,94847.04,3161.5679999999998,10288.51,6,40.53333333333333,0.8666666666666667,30,30,0.2,43,Moderate,Business,Canada,17,5874.62,Moderate
CUST20350,45,128017.73,2844.8384444444446,19199.52,1,23.333333333333332,0.4888888888888889,45,45,0.022222222222222223,21,Low,Individual,United States,86,20878.34,Low
CUST20351,45,177541.45,3945.3655555555556,37718.62,1,22.31111111111111,0.4888888888888889,45,45,0.022222222222222223,21,Low,Individual,United States,27,50426.91,Moderate
CUST20352,35,141575.17,4045.0048571428574,56733.08,3,27.4,0.45714285714285713,35,35,0.08571428571428572,24,Low,Business,United States,51,7238.91,Moderate
CUST20353,40,122946.74,3073.6685,21154.46,4,31.925,0.575,40,40,0.1,29,Low,Individual,United States,100,7333.92,Moderate
CUST20354,32,106302.45,3321.9515625,33084.5,0,21.375,0.5,32,32,0.0,20,Low,Individual,United States,7,28434.92,Low
CUST20355,38,135544.43,3566.958684210526,25664.37,9,45.55263157894737,0.9210526315789473,38,38,0.23684210526315788,47,Moderate,Individual,United Kingdom,32,3402.23,Low
CUST20356,58,164693.23,2839.5384482758623,17286.45,2,21.67241379310345,0.3448275862068966,58,58,0.034482758620689655,18,Low,Individual,United States,8,52165.25,Low
CUST20357,38,72663.59999999999,1912.1999999999998,7652.34,2,23.07894736842105,0.42105263157894735,37,38,0.05263157894736842,21,Low,Individual,United States,26,15027.1,Low
CUST20358,38,116224.25,3058.532894736842,38133.63,1,21.94736842105263,0.42105263157894735,38,38,0.02631578947368421,19,Low,Individual,United States,49,25381.94,Low
CUST20359,45,133506.48,2966.8106666666667,27076.65,1,27.42222222222222,1.0,45,45,0.022222222222222223,33,Moderate,Individual,Nigeria,20,35860.97,Moderate
CUST20360,46,152865.04,3323.153043478261,54299.41,3,31.52173913043478,0.9565217391304348,46,46,0.06521739130434782,36,Moderate,Individual,United Arab Emirates,6,7966.93,High
CUST20361,38,93579.84999999999,2462.6276315789473,28242.96,2,29.973684210526315,0.9473684210526315,38,38,0.05263157894736842,34,Moderate,Business,Brazil,102,10368.36,Low
CUST20362,38,124643.29,3280.0865789473683,22652.36,2,29.0,0.9210526315789473,38,38,0.05263157894736842,33,Moderate,Individual,Mexico,41,10407.0,Low
CUST20363,30,82449.35,2748.311666666667,31263.25,2,26.133333333333333,0.4666666666666667,30,30,0.06666666666666667,23,Low,Business,United States,101,10308.49,Moderate
CUST20364,49,94103.36,1920.4767346938775,6521.89,0,22.224489795918366,0.4489795918367347,49,48,0.0,19,Low,Individual,United States,93,14695.62,Moderate
CUST20365,32,75518.85,2359.9640625,14028.87,0,24.46875,0.5625,32,30,0.0,22,Low,Individual,United States,80,14192.15,Low
CUST20366,43,102243.45,2377.7546511627907,9617.13,1,21.58139534883721,0.4186046511627907,42,43,0.023255813953488372,19,Low,Business,United States,57,48653.48,Low
CUST20367,48,134928.71,2811.0147916666665,18449.81,3,27.041666666666668,0.4375,48,48,0.0625,23,Low,Individual,United States,70,10379.68,Low
CUST20368,42,105563.6,2513.419047619048,16051.73,0,22.69047619047619,0.47619047619047616,42,42,0.0,20,Low,Business,United States,9,49498.36,Low
CUST20369,40,85400.87,2135.02175,9522.65,0,31.0,0.975,40,40,0.0,33,Moderate,Individual,Turkey,90,6578.8,Low
CUST20370,42,121383.39,2890.0807142857143,12938.84,1,35.023809523809526,1.0,42,42,0.023809523809523808,37,Moderate,Individual,Nigeria,118,7216.8,Moderate
CUST20371,31,73592.03,2373.936451612903,13164.65,6,37.645161290322584,0.45161290322580644,31,31,0.1935483870967742,33,Moderate,Individual,United States,118,2829.93,Moderate
CUST20372,29,82197.27,2834.3886206896555,22945.59,3,33.48275862068966,0.9655172413793104,29,29,0.10344827586206896,38,Moderate,Individual,Brazil,84,11816.02,Moderate
CUST20373,33,73002.77,2212.2051515151516,11210.21,1,22.636363636363637,0.5151515151515151,33,33,0.030303030303030304,22,Low,Individual,United States,12,35240.8,High
CUST20374,44,102616.95,2332.203409090909,12172.38,2,29.34090909090909,0.9545454545454546,44,44,0.045454545454545456,34,Moderate,Individual,India,29,19328.75,High
CUST20375,43,153884.33000000002,3578.70534883721,39068.65,2,28.58139534883721,0.5116279069767442,43,43,0.046511627906976744,25,Low,Individual,United States,24,7385.6,Moderate
CUST20376,38,272379.5,7167.881578947368,127414.91,2,26.13157894736842,0.34210526315789475,38,38,0.05263157894736842,20,Low,Business,United States,25,23078.85,Low
CUST20377,32,132228.1,4132.128125,47503.65,2,31.59375,0.9375,32,32,0.0625,35,Moderate,Individual,United Kingdom,9,24228.97,Low
CUST20378,37,92727.95,2506.1608108108107,14924.81,2,30.18918918918919,1.0,37,37,0.05405405405405406,35,Moderate,Individual,Canada,12,12615.34,Low
CUST20379,43,181769.54,4227.198604651163,66345.52,2,32.04651162790697,0.9302325581395349,42,43,0.046511627906976744,35,Moderate,Individual,Brazil,66,11206.09,Low
CUST20380,37,107213.09,2897.651081081081,12613.84,1,24.16216216216216,0.3783783783783784,37,37,0.02702702702702703,19,Low,Individual,United States,2,21758.67,Low
CUST20381,39,94243.35,2416.496153846154,16124.59,2,26.358974358974358,0.6410256410256411,39,39,0.05128205128205128,26,Low,Individual,United States,95,27334.59,Moderate
CUST20382,29,85578.64,2950.9875862068966,20883.78,2,30.482758620689655,0.41379310344827586,29,29,0.06896551724137931,24,Low,Individual,United States,105,7799.49,Low
CUST20383,28,94994.33,3392.654642857143,14204.05,5,40.892857142857146,0.9642857142857143,28,28,0.17857142857142858,44,Moderate,Business,India,54,4820.53,Low
CUST20384,44,100068.56,2274.2854545454543,9641.07,3,31.318181818181817,0.38636363636363635,44,44,0.06818181818181818,24,Low,Individual,United States,19,5505.78,Low
CUST20385,37,103813.72,2805.776216216216,19655.19,17,55.270270270270274,0.918918918918919,36,37,0.4594594594594595,59,High,Individual,Mexico,50,1411.81,Moderate
CUST20386,33,86044.81,2607.4184848484847,7457.56,2,24.848484848484848,0.3333333333333333,33,33,0.06060606060606061,20,Low,Individual,United States,68,24082.24,Moderate
CUST20387,31,92782.02,2992.968387096774,12527.44,0,20.774193548387096,0.3225806451612903,31,31,0.0,16,Low,Individual,United States,26,35398.04,High
CUST20388,29,46404.12,1600.1420689655174,6045.6,0,20.310344827586206,0.3793103448275862,29,29,0.0,17,Low,Business,United States,25,16115.94,High
CUST20389,40,72836.86,1820.9215,7349.91,1,24.25,0.5,40,40,0.025,22,Low,Business,United States,99,25961.01,Moderate
CUST20390,40,117599.25,2939.98125,10898.04,4,35.475,0.525,40,40,0.1,30,Moderate,Business,United States,48,4384.15,Low
CUST20391,37,134851.78,3644.6427027027025,17024.59,0,23.35135135135135,0.43243243243243246,37,37,0.0,19,Low,Individual,United States,47,36409.3,Low
CUST20392,39,196512.03,5038.7699999999995,91718.74,3,31.71794871794872,0.8717948717948718,39,39,0.07692307692307693,34,Moderate,Individual,United Kingdom,51,13941.07,Low
CUST20393,35,153183.09,4376.6597142857145,63389.49,4,37.02857142857143,0.5428571428571428,34,35,0.11428571428571428,32,Moderate,Individual,United States,97,3764.97,Low
CUST20394,40,92311.69,2307.79225,12702.28,2,25.075,0.275,40,40,0.05,19,Low,Individual,United States,49,10210.08,Low
CUST20395,40,112986.7,2824.6675,21130.03,0,22.05,0.35,40,39,0.0,17,Low,Individual,United States,105,23790.07,High
CUST20396,35,122215.16,3491.8617142857142,19466.54,4,30.942857142857143,0.9714285714285714,35,35,0.11428571428571428,37,Moderate,Individual,Canada,99,11681.9,High
CUST20397,33,293085.37,8881.374848484847,169576.07,9,41.72727272727273,0.5151515151515151,33,33,0.2727272727272727,39,Moderate,Individual,United States,81,4469.86,Low
CUST20398,39,114128.75,2926.378205128205,26452.6,2,29.71794871794872,0.48717948717948717,39,39,0.05128205128205128,25,Low,Individual,United States,24,9207.3,Low
CUST20399,53,185041.5,3491.3490566037735,42841.1,6,37.20754716981132,0.4716981132075472,53,53,0.11320754716981132,30,Moderate,Individual,United States,66,5484.3,Low
CUST20400,34,105314.39,3097.4820588235293,13419.72,2,28.823529411764707,0.38235294117647056,34,34,0.058823529411764705,23,Low,Individual,United States,4,8198.8,Low
CUST20401,37,107110.2,2894.8702702702703,15863.68,3,29.675675675675677,0.918918918918919,37,37,0.08108108108108109,35,Moderate,Individual,United Kingdom,79,10361.56,Moderate
CUST20402,45,143378.22,3186.1826666666666,13866.2,4,35.24444444444445,0.8888888888888888,45,45,0.08888888888888889,37,Moderate,Individual,Canada,31,6065.78,Low
CUST20403,42,155002.41,3690.5335714285716,21903.94,1,29.904761904761905,0.8809523809523809,42,42,0.023809523809523808,32,Moderate,Business,Nigeria,74,18094.0,High
CUST20404,30,78045.41,2601.5136666666667,8258.29,0,23.666666666666668,0.6666666666666666,30,30,0.0,24,Low,Individual,United States,17,83404.73,Low
CUST20405,41,144062.62,3513.72243902439,27284.15,4,35.02439024390244,0.4634146341463415,41,41,0.0975609756097561,28,Low,Individual,United States,5,7903.07,Moderate
CUST20406,39,127333.92,3264.972307692308,27108.39,5,33.46153846153846,0.5897435897435898,38,39,0.1282051282051282,31,Moderate,Business,United States,28,6695.75,Moderate
CUST20407,46,110845.22,2409.678695652174,11091.04,0,26.304347826086957,0.9130434782608695,45,46,0.0,30,Moderate,Individual,United Kingdom,80,22908.08,Moderate
CUST20408,44,243667.86,5537.905909090909,139148.58,2,26.40909090909091,0.5,44,44,0.045454545454545456,23,Low,Individual,United States,86,11255.49,Low
CUST20409,37,115139.62,3111.8816216216214,9456.19,2,29.08108108108108,0.43243243243243246,36,37,0.05405405405405406,24,Low,Individual,United States,17,8658.96,Moderate
CUST20410,43,103818.2,2414.3767441860464,11739.83,1,28.13953488372093,0.5116279069767442,43,43,0.023255813953488372,24,Low,Individual,United States,44,6693.62,Low
CUST20411,32,77429.28,2419.665,6984.39,0,29.34375,0.9375,32,32,0.0,32,Moderate,Individual,Nigeria,79,7919.32,Moderate
CUST20412,43,121701.37,2830.264418604651,15662.0,3,34.18604651162791,0.9069767441860465,43,43,0.06976744186046512,36,Moderate,Individual,United Arab Emirates,62,9746.84,Low
CUST20413,40,168139.5,4203.4875,44392.59,2,31.7,0.925,39,40,0.05,35,Moderate,Individual,Mexico,35,15290.67,Low
CUST20414,38,112680.64,2965.28,16328.73,0,24.05263157894737,0.5,37,38,0.0,21,Low,Individual,United States,48,17213.2,Moderate
CUST20415,33,142051.62,4304.594545454545,81494.43,0,28.606060606060606,1.0,33,33,0.0,33,Moderate,Individual,Turkey,101,40583.95,Moderate
CUST20416,41,122290.26000000001,2982.689268292683,36009.03,2,32.75609756097561,0.926829268292683,41,41,0.04878048780487805,35,Moderate,Individual,Mexico,105,5637.47,Moderate
CUST20417,31,80178.72,2586.4103225806452,19958.45,3,32.903225806451616,1.0,31,31,0.0967741935483871,38,Moderate,Individual,United Arab Emirates,9,9698.3,Moderate
CUST20418,39,123276.84,3160.944615384615,18071.0,5,35.17948717948718,0.9230769230769231,39,39,0.1282051282051282,39,Moderate,Individual,United Arab Emirates,36,14362.66,Low
CUST20419,27,56232.67,2082.6914814814813,6449.58,0,23.74074074074074,0.37037037037037035,27,27,0.0,18,Low,Individual,United States,117,8089.82,Moderate
CUST20420,35,68765.53,1964.7294285714286,7523.86,1,25.8,0.9428571428571428,35,35,0.02857142857142857,31,Moderate,Individual,United Arab Emirates,110,21980.53,Low
CUST20421,36,122352.06,3398.668333333333,20828.43,1,29.27777777777778,0.9444444444444444,36,36,0.027777777777777776,33,Moderate,Individual,Nigeria,57,19634.57,Low
CUST20422,34,144979.81,4264.112058823529,41332.21,2,25.029411764705884,0.5,34,34,0.058823529411764705,23,Low,Individual,United States,25,12982.43,Moderate
CUST20423,30,96334.77,3211.159,48421.36,2,25.466666666666665,0.4666666666666667,30,30,0.06666666666666667,23,Low,Individual,United States,37,10120.83,Low
CUST20424,34,95001.53,2794.1626470588235,13821.82,0,25.41176470588235,1.0,34,34,0.0,31,Moderate,Individual,United Arab Emirates,115,36075.61,Moderate
CUST20425,35,92758.08,2650.230857142857,8098.06,0,25.485714285714284,1.0,35,35,0.0,31,Moderate,Individual,Turkey,98,18583.53,Moderate
CUST20426,29,59512.79,2052.1651724137932,12034.94,1,26.862068965517242,0.9655172413793104,29,29,0.034482758620689655,33,Moderate,Individual,United Arab Emirates,27,17320.03,High
CUST20427,39,101197.58,2594.8097435897434,15283.68,5,35.56410256410256,0.358974358974359,39,39,0.1282051282051282,28,Low,Individual,United States,59,5438.18,Low
CUST20428,45,75098.7,1668.86,6515.32,0,20.533333333333335,0.4222222222222222,45,45,0.0,18,Low,Individual,United States,10,13749.2,Low
CUST20429,34,63085.11,1855.4444117647058,9609.55,0,23.0,0.5294117647058824,34,34,0.0,21,Low,Business,United States,33,14482.39,Low
CUST20430,37,102463.87000000001,2769.293783783784,17659.74,6,34.2972972972973,0.4864864864864865,37,37,0.16216216216216217,31,Moderate,Individual,United States,57,7160.51,High
CUST20431,37,86967.18000000001,2350.4643243243245,10825.79,4,37.4054054054054,0.4594594594594595,37,37,0.10810810810810811,30,Moderate,Business,United States,105,3150.11,Low
CUST20432,25,74667.84,2986.7136,12530.0,0,22.44,0.44,25,25,0.0,19,Low,Individual,United States,115,22515.61,High
CUST20433,44,342690.91000000003,7788.429772727273,219649.26,2,23.90909090909091,0.4090909090909091,44,44,0.045454545454545456,21,Low,Individual,United States,71,41716.47,Low
CUST20434,30,119125.6,3970.8533333333335,70073.52,1,24.166666666666668,0.43333333333333335,30,30,0.03333333333333333,21,Low,Business,United States,97,10173.75,Moderate
CUST20435,34,125615.44,3694.5717647058823,22396.32,1,29.823529411764707,0.4117647058823529,34,34,0.029411764705882353,23,Low,Business,United States,2,9656.07,Low
CUST20436,34,93823.75,2759.5220588235293,12215.88,3,31.88235294117647,0.4117647058823529,34,34,0.08823529411764706,26,Low,Individual,United States,100,6349.16,Low
CUST20437,40,123769.56,3094.239,27336.3,1,25.175,0.35,40,40,0.025,19,Low,Individual,United States,119,10828.07,Low
CUST20438,38,97878.95999999999,2575.7621052631575,13510.89,0,25.86842105263158,0.9473684210526315,38,38,0.0,31,Moderate,Individual,United Kingdom,29,46511.54,Moderate
CUST20439,39,90781.84,2327.7394871794872,17286.12,1,26.05128205128205,0.3333333333333333,39,39,0.02564102564102564,19,Low,Individual,United States,4,8380.19,High
CUST20440,32,77195.72,2412.36625,9165.32,5,43.375,1.0,32,32,0.15625,45,Moderate,Individual,Canada,4,2904.57,Low
CUST20441,41,135859.88999999998,3313.655853658536,24640.02,3,25.878048780487806,0.4878048780487805,41,41,0.07317073170731707,24,Low,Individual,United States,14,9977.57,Moderate
CUST20442,34,131283.57,3861.2814705882356,31043.9,1,30.11764705882353,0.9705882352941176,34,34,0.029411764705882353,34,Moderate,Individual,Turkey,31,24536.19,Low
CUST20443,33,109328.1,3312.9727272727273,15644.52,3,29.848484848484848,0.48484848484848486,33,33,0.09090909090909091,26,Low,Individual,United States,68,8813.48,Moderate
CUST20444,33,91333.72,2767.6884848484847,10642.85,0,28.393939393939394,0.8787878787878788,33,32,0.0,30,Moderate,Individual,Canada,98,10647.92,Low
CUST20445,31,91207.42,2942.1748387096773,10765.89,6,40.354838709677416,0.9354838709677419,31,31,0.1935483870967742,44,Moderate,Individual,United Kingdom,66,3968.02,Low
CUST20446,40,94130.35,2353.25875,14915.9,1,21.55,0.425,40,40,0.025,19,Low,Business,United States,104,53266.77,Moderate
CUST20447,48,120823.38,2517.15375,12079.22,9,39.604166666666664,0.9583333333333334,48,48,0.1875,44,Moderate,Individual,Turkey,102,4240.13,Low
CUST20448,47,170386.66999999998,3625.24829787234,35153.0,3,31.319148936170212,1.0,47,47,0.06382978723404255,36,Moderate,Individual,India,16,13176.76,Moderate
CUST20449,41,93039.59,2269.258292682927,8744.36,2,23.463414634146343,0.4146341463414634,41,41,0.04878048780487805,21,Low,Individual,United States,75,13386.86,Low
CUST20450,35,93145.31,2661.2945714285715,11716.99,0,27.714285714285715,0.9428571428571428,34,35,0.0,31,Moderate,Individual,Mexico,84,16381.02,Low
CUST20451,39,90767.73,2327.377692307692,14260.91,0,23.94871794871795,1.0,39,39,0.0,31,Moderate,Individual,United Arab Emirates,97,27268.68,Low
CUST20452,37,107107.86,2894.807027027027,17413.02,3,30.972972972972972,0.8918918918918919,37,37,0.08108108108108109,35,Moderate,Individual,India,53,15637.1,Moderate
CUST20453,50,209992.28,4199.8456,56840.1,3,28.08,0.5,50,50,0.06,25,Low,Business,United States,80,7689.51,Low
CUST20454,34,59860.97,1760.6167647058824,6059.64,0,22.764705882352942,0.5,34,34,0.0,20,Low,Individual,United States,34,7887.33,High
CUST20455,44,124983.98999999999,2840.545227272727,23467.3,4,31.886363636363637,0.9318181818181818,44,44,0.09090909090909091,36,Moderate,Business,United Arab Emirates,5,13079.31,Low
CUST20456,36,134208.1,3728.0027777777777,27277.38,6,40.611111111111114,0.4722222222222222,36,36,0.16666666666666666,34,Moderate,Individual,United States,11,3377.04,High
CUST20457,49,228016.97,4653.407551020408,85438.2,8,33.755102040816325,0.4489795918367347,49,49,0.16326530612244897,30,Moderate,Business,United States,27,9097.66,Low
CUST20458,44,101178.84999999999,2299.519318181818,18681.63,1,26.522727272727273,0.4772727272727273,44,44,0.022727272727272728,22,Low,Individual,United States,118,7667.71,Low
CUST20459,47,197569.81,4203.612978723404,40353.68,6,36.06382978723404,0.9361702127659575,47,47,0.1276595744680851,39,Moderate,Individual,United Arab Emirates,102,7086.3,Low
CUST20460,35,80768.76,2307.678857142857,20133.79,1,30.485714285714284,0.6,35,34,0.02857142857142857,27,Low,Business,United States,66,8773.27,High
CUST20461,37,141063.76,3812.534054054054,24092.93,2,24.64864864864865,0.43243243243243246,37,37,0.05405405405405406,22,Low,Individual,United States,80,12469.71,Low
CUST20462,40,114405.63,2860.14075,12520.07,2,25.2,0.35,40,40,0.05,20,Low,Individual,United States,34,15891.73,Low
CUST20463,44,112196.45999999999,2549.919545454545,10068.75,1,28.84090909090909,0.9318181818181818,44,44,0.022727272727272728,32,Moderate,Individual,Brazil,27,14422.32,Low
CUST20464,38,65933.73,1735.0981578947367,5010.11,0,20.394736842105264,0.39473684210526316,38,37,0.0,17,Low,Individual,United States,18,16315.45,Low
CUST20465,30,103147.51999999999,3438.2506666666663,17441.78,2,32.833333333333336,0.9666666666666667,30,30,0.06666666666666667,36,Moderate,Individual,United Arab Emirates,83,24612.67,Moderate
CUST20466,48,294736.57,6140.345208333333,177605.54,1,24.229166666666668,0.375,48,48,0.020833333333333332,19,Low,Individual,United States,24,16963.71,Low
CUST20467,35,98252.74,2807.221142857143,13712.43,1,25.17142857142857,0.5428571428571428,35,35,0.02857142857142857,23,Low,Individual,United States,27,20415.62,High
CUST20468,46,143804.07,3126.175434782609,12095.24,4,33.391304347826086,0.9782608695652174,46,45,0.08695652173913043,38,Moderate,Individual,Nigeria,73,8475.14,Moderate
CUST20469,41,83365.9,2033.3146341463414,9999.07,1,27.5609756097561,0.926829268292683,40,40,0.024390243902439025,32,Moderate,Business,Mexico,58,19639.0,High
CUST20470,26,75343.21,2897.8157692307695,8592.69,0,22.0,0.34615384615384615,26,26,0.0,17,Low,Business,United States,51,14398.31,Low
CUST20471,40,138978.86,3474.4714999999997,22296.87,3,26.275,0.45,40,40,0.075,23,Low,Individual,United States,99,23813.25,Low
CUST20472,35,130752.82,3735.7948571428574,13505.67,5,34.05714285714286,0.2857142857142857,34,35,0.14285714285714285,26,Low,Business,United States,52,5303.84,Low
CUST20473,32,122857.06,3839.283125,18923.29,0,27.09375,0.9375,32,31,0.0,31,Moderate,Individual,United Kingdom,3,21534.81,High
CUST20474,33,59328.840000000004,1797.8436363636365,11399.39,2,30.272727272727273,0.9696969696969697,33,33,0.06060606060606061,35,Moderate,Individual,United Arab Emirates,101,7210.94,High
CUST20475,36,409186.31,11366.28638888889,233506.01,6,36.833333333333336,0.9166666666666666,36,36,0.16666666666666666,41,Moderate,Individual,Nigeria,36,11138.19,Low
CUST20476,31,184268.43,5944.142903225807,62664.52,4,30.548387096774192,0.8709677419354839,31,31,0.12903225806451613,36,Moderate,Individual,Mexico,119,94527.38,Moderate
CUST20477,32,87068.96,2720.905,10212.19,0,17.9375,0.375,32,32,0.0,16,Low,Individual,United States,118,35171.96,Moderate
CUST20478,39,97660.21,2504.107948717949,19440.8,3,29.435897435897434,0.46153846153846156,39,39,0.07692307692307693,25,Low,Business,United States,44,7029.23,Low
CUST20479,33,117382.26,3557.038181818182,27282.09,2,27.424242424242426,0.45454545454545453,33,33,0.06060606060606061,24,Low,Individual,United States,94,7573.15,Low
CUST20480,39,109859.65,2816.9141025641024,14348.44,1,27.512820512820515,1.0,39,38,0.02564102564102564,33,Moderate,Individual,United Arab Emirates,43,18804.17,Low
CUST20481,30,69865.64,2328.8546666666666,12773.65,4,34.4,0.5333333333333333,30,30,0.13333333333333333,31,Moderate,Business,United States,59,5379.75,Low
CUST20482,41,92114.11,2246.6856097560976,9336.58,1,28.463414634146343,0.975609756097561,40,41,0.024390243902439025,33,Moderate,Individual,Mexico,65,13387.67,Moderate
CUST20483,27,72946.55,2701.724074074074,15930.86,1,21.85185185185185,0.2962962962962963,27,27,0.037037037037037035,17,Low,Business,United States,28,24554.58,Low
CUST20484,31,74778.13,2412.197741935484,17033.16,0,26.193548387096776,0.9354838709677419,31,31,0.0,30,Moderate,Individual,United Arab Emirates,17,15848.53,Low
CUST20485,27,74326.63,2752.8381481481483,15844.05,0,18.37037037037037,0.2962962962962963,27,27,0.0,14,Low,Individual,United States,1,41341.44,Low
CUST20486,40,72616.37,1815.40925,7394.83,1,25.8,0.95,40,40,0.025,31,Moderate,Individual,Canada,44,41301.54,High
CUST20487,29,64227.76,2214.750344827586,9057.86,0,24.413793103448278,0.5862068965517241,29,29,0.0,23,Low,Business,United States,103,14846.07,Moderate
CUST20488,42,127905.09,3045.3592857142858,12832.61,4,36.214285714285715,0.9285714285714286,42,42,0.09523809523809523,38,Moderate,Individual,United Kingdom,63,7261.19,Low
CUST20489,40,179176.94,4479.4235,31366.64,2,29.85,0.925,40,40,0.05,34,Moderate,Individual,United Arab Emirates,27,24678.9,High
CUST20490,28,73415.76,2621.9914285714285,21313.57,1,26.107142857142858,0.4642857142857143,27,28,0.03571428571428571,22,Low,Individual,United States,18,5845.9,Moderate
CUST20491,36,88747.59,2465.210833333333,12410.64,2,33.083333333333336,0.5555555555555556,36,35,0.05555555555555555,28,Low,Business,United States,61,4653.19,Moderate
CUST20492,41,109233.58,2664.2336585365856,33155.15,0,20.341463414634145,0.4634146341463415,41,41,0.0,18,Low,Individual,United States,83,88883.23,Low
CUST20493,43,110795.69,2576.643953488372,12267.66,1,25.372093023255815,0.9302325581395349,43,43,0.023255813953488372,31,Moderate,Individual,Brazil,72,18683.44,Low
CUST20494,36,65968.94,1832.4705555555556,8609.86,1,21.47222222222222,0.5555555555555556,36,36,0.027777777777777776,22,Low,Individual,United States,115,23758.58,Low
CUST20495,46,121374.54,2638.576956521739,41668.71,2,29.195652173913043,0.9782608695652174,45,46,0.043478260869565216,34,Moderate,Individual,United Arab Emirates,2,32961.55,Low
CUST20496,37,114014.49,3081.472702702703,18164.27,2,27.35135135135135,0.35135135135135137,37,37,0.05405405405405406,21,Low,Individual,United States,24,7985.24,Moderate
CUST20497,36,72070.59,2001.9608333333333,14512.7,1,27.52777777777778,0.9166666666666666,36,36,0.027777777777777776,32,Moderate,Individual,United Kingdom,76,23557.24,Low
CUST20498,37,90017.31,2432.90027027027,12934.21,0,30.054054054054053,0.918918918918919,37,36,0.0,32,Moderate,Individual,United Kingdom,86,7775.83,Moderate
CUST20499,39,104349.15,2675.6192307692304,11532.21,1,26.05128205128205,0.8974358974358975,39,39,0.02564102564102564,31,Moderate,Individual,United Kingdom,40,28496.22,Low
CUST20500,30,83266.09,2775.536333333333,20930.12,0,27.566666666666666,0.9333333333333333,30,30,0.0,31,Moderate,Business,United Arab Emirates,49,20571.04,Low
CUST20501,35,95847.45999999999,2738.498857142857,15048.37,1,27.942857142857143,0.5428571428571428,35,35,0.02857142857142857,24,Low,Individual,United States,23,11424.22,Moderate
CUST20502,41,195773.2,4774.956097560976,31975.92,9,44.853658536585364,0.926829268292683,41,41,0.21951219512195122,46,Moderate,Individual,Turkey,36,7026.74,Low
CUST20503,51,133954.35,2626.5558823529414,19686.78,6,29.50980392156863,0.39215686274509803,51,51,0.11764705882352941,25,Low,Business,United States,75,5872.71,Low
CUST20504,37,102340.19,2765.951081081081,16345.04,1,23.45945945945946,0.4594594594594595,37,37,0.02702702702702703,21,Low,Individual,United States,5,17089.45,Low
CUST20505,28,67041.48,2394.3385714285714,10424.97,1,21.964285714285715,0.5357142857142857,27,28,0.03571428571428571,22,Low,Individual,United States,45,10741.51,Low
CUST20506,36,134640.72,3740.02,22503.15,2,25.166666666666668,0.3888888888888889,35,36,0.05555555555555555,21,Low,Individual,United States,104,16019.22,Low
CUST20507,35,73962.1,2113.2028571428573,11534.33,2,29.0,0.5428571428571428,35,35,0.05714285714285714,26,Low,Business,United States,19,8562.22,Moderate
CUST20508,46,134531.8,2924.6043478260867,33440.7,1,24.41304347826087,0.45652173913043476,46,46,0.021739130434782608,21,Low,Individual,United States,23,18282.96,Moderate
CUST20509,38,113793.77,2994.572894736842,13734.85,5,34.89473684210526,0.8947368421052632,38,38,0.13157894736842105,38,Moderate,Individual,United Kingdom,111,8271.28,Moderate
CUST20510,43,122157.23,2840.865813953488,37778.67,1,35.116279069767444,0.9534883720930233,43,43,0.023255813953488372,36,Moderate,Individual,Nigeria,120,5548.47,Low
CUST20511,34,91629.95,2694.9985294117646,25460.06,1,32.5,1.0,34,34,0.029411764705882353,36,Moderate,Business,Mexico,30,7000.23,Low
CUST20512,40,123516.75,3087.91875,17791.26,3,29.575,0.45,40,40,0.075,25,Low,Individual,United States,98,8968.85,Low
CUST20513,27,92788.71,3436.618888888889,22594.83,2,34.370370370370374,0.9629629629629629,27,27,0.07407407407407407,37,Moderate,Individual,Canada,44,9040.47,Moderate
CUST20514,39,73264.77,1878.5838461538463,7008.05,1,29.666666666666668,0.48717948717948717,39,39,0.02564102564102564,24,Low,Business,United States,81,5666.83,Low
CUST20515,41,173350.31,4228.056341463414,63616.73,0,29.121951219512194,0.975609756097561,41,41,0.0,33,Moderate,Individual,Nigeria,34,24077.96,Low
CUST20516,35,98032.33,2800.923714285714,11320.17,0,20.2,0.4,34,35,0.0,17,Low,Individual,United States,118,32348.48,Low
CUST20517,44,118133.49,2684.8520454545455,19171.26,2,26.568181818181817,0.38636363636363635,44,44,0.045454545454545456,21,Low,Individual,United States,7,9070.89,High
CUST20518,26,72718.62,2796.87,16235.98,2,35.69230769230769,0.9615384615384616,26,26,0.07692307692307693,38,Moderate,Individual,Brazil,52,7465.64,High
CUST20519,42,100179.89,2385.235476190476,7383.51,2,34.73809523809524,0.9523809523809523,42,42,0.047619047619047616,36,Moderate,Individual,Canada,71,5930.07,High
CUST20520,38,199014.36000000002,5237.22,124845.72,3,33.78947368421053,0.6578947368421053,38,38,0.07894736842105263,31,Moderate,Business,United States,82,5950.91,Moderate
CUST20521,39,94218.59999999999,2415.861538461538,18005.51,1,23.53846153846154,0.4358974358974359,39,39,0.02564102564102564,20,Low,Individual,United States,48,76177.24,Low
CUST20522,35,69341.04000000001,1981.1725714285717,7294.31,0,20.82857142857143,0.45714285714285713,35,35,0.0,19,Low,Individual,United States,79,113833.78,High
CUST20523,38,95087.37,2502.2992105263156,33090.95,0,23.86842105263158,0.39473684210526316,37,38,0.0,19,Low,Individual,United States,41,22210.01,Moderate
CUST20524,29,140168.13999999998,4833.384137931034,78296.97,2,28.96551724137931,0.4827586206896552,29,29,0.06896551724137931,25,Low,Business,United States,69,19920.51,Low
CUST20525,38,124823.39,3284.826052631579,16415.48,0,22.13157894736842,0.4473684210526316,37,37,0.0,19,Low,Business,United States,114,30068.16,High
CUST20526,44,136868.63,3110.650681818182,19453.62,1,27.772727272727273,0.9545454545454546,44,44,0.022727272727272728,32,Moderate,Business,Brazil,86,28911.89,Low
CUST20527,32,127664.63,3989.5196875,44987.37,6,41.34375,0.375,32,32,0.1875,33,Moderate,Individual,United States,44,3870.33,Moderate
CUST20528,35,110918.93000000001,3169.112285714286,19143.9,3,36.885714285714286,0.45714285714285713,35,35,0.08571428571428572,29,Low,Individual,United States,57,3192.02,Moderate
CUST20529,33,78511.09,2379.1239393939395,9948.52,0,18.606060606060606,0.45454545454545453,33,33,0.0,17,Low,Business,United States,23,51400.76,Low
CUST20530,45,175636.47,3903.0326666666665,62928.57,2,27.31111111111111,0.9555555555555556,45,45,0.044444444444444446,33,Moderate,Individual,India,113,27454.91,Low
CUST20531,23,79679.02,3464.3052173913047,21844.88,3,28.956521739130434,0.6086956521739131,23,23,0.13043478260869565,30,Moderate,Individual,United States,104,15220.57,Low
CUST20532,38,143048.77,3764.4413157894733,34584.55,1,27.42105263157895,0.9473684210526315,38,38,0.02631578947368421,32,Moderate,Individual,Turkey,117,24224.65,Moderate
CUST20533,38,133515.27000000002,3513.559736842106,19513.9,1,28.81578947368421,1.0,38,38,0.02631578947368421,34,Moderate,Individual,Nigeria,107,12939.46,Low
CUST20534,40,89965.79,2249.14475,7910.69,0,19.075,0.475,40,40,0.0,18,Low,Individual,United States,68,45031.11,Low
CUST20535,45,104272.83,2317.174,11762.46,0,25.91111111111111,0.9555555555555556,45,45,0.0,31,Moderate,Individual,United Kingdom,80,40064.13,Low
CUST20536,37,70379.82,1902.1572972972974,7941.84,0,21.72972972972973,0.43243243243243246,37,37,0.0,18,Low,Individual,United States,33,28673.95,Moderate
CUST20537,41,104031.36,2537.350243902439,16782.76,1,31.048780487804876,0.926829268292683,41,41,0.024390243902439025,33,Moderate,Individual,India,31,7637.27,Low
CUST20538,39,85615.86,2195.2784615384617,14909.5,1,28.564102564102566,0.8974358974358975,39,38,0.02564102564102564,32,Moderate,Individual,Nigeria,41,15732.41,Moderate
CUST20539,39,97825.73,2508.352051282051,18966.02,11,45.56410256410256,0.8974358974358975,39,39,0.28205128205128205,48,Moderate,Individual,Canada,6,1823.85,High
CUST20540,33,83638.31,2534.494242424242,12489.35,9,44.57575757575758,0.9393939393939394,33,33,0.2727272727272727,48,Moderate,Individual,Canada,92,2987.29,Low
CUST20541,38,93667.14,2464.924736842105,9823.26,0,25.81578947368421,0.47368421052631576,38,38,0.0,21,Low,Individual,United States,29,11868.17,High
CUST20542,36,97746.66,2715.185,14902.86,1,28.13888888888889,0.9722222222222222,36,36,0.027777777777777776,33,Moderate,Individual,Canada,77,16911.19,Low
CUST20543,34,104830.25,3083.2426470588234,11640.92,1,21.529411764705884,0.47058823529411764,34,34,0.029411764705882353,20,Low,Business,United States,59,31206.97,Low
CUST20544,44,104121.06,2366.3877272727273,14301.68,3,30.90909090909091,0.9545454545454546,44,44,0.06818181818181818,35,Moderate,Business,India,55,8793.45,Low
CUST20545,40,85807.5,2145.1875,17013.03,2,32.075,0.925,40,40,0.05,35,Moderate,Individual,Mexico,59,6907.7,Low
CUST20546,39,112241.74,2877.9933333333333,19225.81,2,24.58974358974359,0.4358974358974359,38,39,0.05128205128205128,22,Low,Business,United States,115,17307.61,Moderate
CUST20547,42,147203.41999999998,3504.843333333333,16081.58,13,48.76190476190476,0.42857142857142855,42,42,0.30952380952380953,41,Moderate,Individual,United States,93,2089.02,Low
CUST20548,34,68027.83,2000.8185294117648,7984.13,0,23.0,0.8823529411764706,34,34,0.0,28,Low,Business,Canada,89,80512.42,Low
CUST20549,42,101333.79,2412.7092857142857,11476.16,11,44.26190476190476,0.9285714285714286,42,41,0.2619047619047619,48,Moderate,Business,India,25,2796.34,Low
CUST20550,33,85863.53,2601.9251515151514,11110.41,0,21.242424242424242,0.5151515151515151,33,33,0.0,20,Low,Individual,United States,57,30962.25,Low
CUST20551,28,69006.53,2464.5189285714287,9816.89,2,28.107142857142858,0.35714285714285715,28,28,0.07142857142857142,22,Low,Individual,United States,104,9241.68,Moderate
CUST20552,42,103817.28,2471.84,11840.93,1,25.952380952380953,0.5238095238095238,42,42,0.023809523809523808,23,Low,Business,United States,43,12040.45,Low
CUST20553,43,237498.24,5523.21488372093,96717.62,5,32.30232558139535,0.5581395348837209,42,43,0.11627906976744186,30,Moderate,Individual,United States,115,8911.6,High
CUST20554,39,120545.98,3090.922564102564,15438.08,1,27.076923076923077,0.8974358974358975,39,39,0.02564102564102564,31,Moderate,Business,India,67,18859.58,Low
CUST20555,41,96238.81,2347.2880487804878,8920.38,1,28.390243902439025,0.926829268292683,41,41,0.024390243902439025,32,Moderate,Individual,Nigeria,106,12349.27,Low
CUST20556,43,107834.36,2507.7758139534885,12670.82,6,38.27906976744186,0.5116279069767442,43,43,0.13953488372093023,32,Moderate,Individual,United States,116,3138.84,Low
CUST20557,36,153941.29,4276.146944444445,24455.53,3,36.72222222222222,0.9444444444444444,36,36,0.08333333333333333,38,Moderate,Individual,United Kingdom,72,5770.29,Moderate
CUST20558,36,70230.57,1950.8491666666669,11406.25,1,23.86111111111111,0.4166666666666667,36,36,0.027777777777777776,20,Low,Individual,United States,4,11708.23,Moderate
CUST20559,46,167843.14,3648.7639130434786,30216.93,3,27.82608695652174,0.32608695652173914,46,46,0.06521739130434782,21,Low,Individual,United States,37,13715.09,Low
CUST20560,39,59594.979999999996,1528.07641025641,5392.81,0,20.41025641025641,0.3076923076923077,39,39,0.0,15,Low,Individual,United States,81,25888.31,Low
CUST20561,40,153483.87,3837.0967499999997,20004.17,5,42.475,0.425,40,40,0.125,32,Moderate,Individual,United States,105,2273.7,Low
CUST20562,44,112308.69,2552.4702272727272,15265.5,0,23.454545454545453,0.3181818181818182,44,44,0.0,17,Low,Individual,United States,17,18863.86,Low
CUST20563,31,113764.31,3669.816451612903,13135.17,1,27.612903225806452,0.41935483870967744,31,31,0.03225806451612903,22,Low,Business,United States,41,15541.87,Low
CUST20564,42,110311.75,2626.470238095238,13740.53,0,22.071428571428573,0.42857142857142855,42,42,0.0,19,Low,Individual,United States,11,32095.76,Low
CUST20565,31,55244.0,1782.0645161290322,8168.11,1,27.741935483870968,0.9354838709677419,31,31,0.03225806451612903,32,Moderate,Individual,India,15,20525.07,Low
CUST20566,39,104996.52,2692.2184615384617,8278.75,2,26.358974358974358,0.358974358974359,39,39,0.05128205128205128,21,Low,Individual,United States,6,17242.1,Low
CUST20567,40,92047.61,2301.19025,20436.44,2,24.6,0.5,40,40,0.05,23,Low,Individual,United States,12,9187.45,Low
CUST20568,31,108688.46,3506.07935483871,20827.77,3,26.548387096774192,0.4838709677419355,31,31,0.0967741935483871,25,Low,Business,United States,82,13946.97,Moderate
CUST20569,45,111409.6,2475.768888888889,11266.25,1,26.4,0.4666666666666667,45,45,0.022222222222222223,22,Low,Individual,United States,12,9599.98,Low
CUST20570,37,97163.3,2626.035135135135,11676.54,3,36.270270270270274,1.0,37,37,0.08108108108108109,39,Moderate,Individual,Mexico,5,5567.92,Moderate
CUST20571,33,62278.7,1887.2333333333333,7238.69,2,26.454545454545453,0.30303030303030304,33,33,0.06060606060606061,20,Low,Individual,United States,84,8956.32,Low
CUST20572,39,93317.9,2392.7666666666664,5658.74,0,25.871794871794872,0.41025641025641024,38,39,0.0,20,Low,Individual,United States,87,8889.42,Low
CUST20573,21,40112.93,1910.1395238095238,5105.1,1,35.23809523809524,0.5714285714285714,21,21,0.047619047619047616,29,Low,Individual,United States,88,3020.41,Low
CUST20574,41,119893.17,2924.2236585365854,22646.24,1,32.609756097560975,0.9512195121951219,41,40,0.024390243902439025,35,Moderate,Business,Canada,12,7172.2,Moderate
CUST20575,33,164694.61,4990.745757575757,41631.17,4,34.96969696969697,0.3333333333333333,33,33,0.12121212121212122,27,Low,Individual,United States,98,6110.54,Moderate
CUST20576,32,86998.09,2718.6903125,16506.62,1,23.625,0.53125,32,32,0.03125,22,Low,Individual,United States,35,12107.23,High
CUST20577,29,103228.18,3559.5924137931033,26391.39,2,30.310344827586206,0.9655172413793104,28,29,0.06896551724137931,35,Moderate,Individual,Turkey,82,21567.61,High
CUST20578,37,96437.12,2606.4086486486485,10741.16,2,32.37837837837838,0.5135135135135135,37,36,0.05405405405405406,27,Low,Business,United States,32,6676.54,Low
CUST20579,54,163882.52,3034.8614814814814,23902.24,2,27.814814814814813,0.46296296296296297,54,54,0.037037037037037035,23,Low,Individual,United States,104,10012.99,Low
CUST20580,43,95434.41,2219.4048837209302,13482.12,1,32.651162790697676,0.9302325581395349,43,43,0.023255813953488372,34,Moderate,Individual,United Kingdom,102,6416.11,High
CUST20581,37,124169.19,3355.924054054054,14160.89,1,27.43243243243243,0.32432432432432434,37,37,0.02702702702702703,20,Low,Individual,United States,13,9430.4,Moderate
CUST20582,38,95323.4,2508.5105263157893,16388.13,5,34.31578947368421,0.9210526315789473,38,38,0.13157894736842105,38,Moderate,Individual,India,81,5143.86,Low
CUST20583,31,79595.8,2567.606451612903,13759.54,2,30.903225806451612,0.9354838709677419,31,31,0.06451612903225806,35,Moderate,Business,Brazil,86,11297.1,Low
CUST20584,48,102236.11,2129.918958333333,9504.17,1,29.1875,0.8958333333333334,47,48,0.020833333333333332,32,Moderate,Individual,Nigeria,64,10937.47,Low
CUST20585,39,102862.64,2637.5035897435896,20594.28,3,32.97435897435897,0.8461538461538461,39,38,0.07692307692307693,34,Moderate,Business,Canada,36,7168.83,Low
CUST20586,39,116697.43,2992.241794871795,23206.07,2,27.871794871794872,0.8974358974358975,39,39,0.05128205128205128,32,Moderate,Individual,Canada,69,18580.52,Moderate
CUST20587,41,182126.44,4442.108292682927,92385.69,2,27.317073170731707,0.3902439024390244,41,41,0.04878048780487805,22,Low,Individual,United States,60,8942.02,Low
CUST20588,35,137049.29,3915.6940000000004,66535.36,1,24.65714285714286,0.34285714285714286,35,35,0.02857142857142857,19,Low,Individual,United States,85,10920.76,Low
CUST20589,41,121778.73,2970.2129268292683,14010.68,3,32.48780487804878,0.975609756097561,41,41,0.07317073170731707,37,Moderate,Individual,Mexico,53,7754.34,Moderate
CUST20590,37,99175.02,2680.405945945946,18358.0,0,26.783783783783782,0.6216216216216216,37,37,0.0,24,Low,Individual,United States,84,9709.43,Low
CUST20591,32,78704.55,2459.5171875,15557.55,0,26.125,1.0,32,32,0.0,32,Moderate,Individual,India,21,29034.05,Low
CUST20592,46,175186.27,3808.3971739130434,32714.32,2,26.97826086956522,0.4782608695652174,45,46,0.043478260869565216,23,Low,Individual,United States,59,18139.72,Moderate
CUST20593,41,329301.97,8031.755365853658,179049.11,3,35.53658536585366,0.9512195121951219,41,41,0.07317073170731707,38,Moderate,Individual,Nigeria,77,8993.08,Low
CUST20594,49,113967.43000000001,2325.865918367347,11578.84,2,22.857142857142858,0.32653061224489793,49,49,0.04081632653061224,18,Low,Business,United States,55,10025.62,Low
CUST20595,36,74382.4,2066.1777777777775,9623.89,2,32.94444444444444,0.4444444444444444,36,36,0.05555555555555555,26,Low,Individual,United States,2,3352.79,Low
CUST20596,46,135072.55,2936.3597826086952,12061.38,1,24.652173913043477,0.45652173913043476,45,46,0.021739130434782608,21,Low,Individual,United States,15,23680.17,Low
CUST20597,34,64798.67,1905.8432352941177,6102.19,1,21.91176470588235,0.29411764705882354,34,34,0.029411764705882353,17,Low,Individual,United States,19,35306.17,High
CUST20598,46,189533.23,4120.287608695652,73424.88,7,41.130434782608695,0.9782608695652174,46,46,0.15217391304347827,43,Moderate,Individual,United Arab Emirates,37,4449.34,High
CUST20599,43,190265.82,4424.786511627907,33508.48,1,23.372093023255815,0.5116279069767442,43,43,0.023255813953488372,22,Low,Individual,United States,6,33611.6,Moderate
CUST20600,37,153424.38999999998,4146.605135135134,43414.17,2,29.756756756756758,0.972972972972973,37,37,0.05405405405405406,35,Moderate,Business,Turkey,48,52956.34,Low
CUST20601,37,114626.23,3098.006216216216,20224.67,1,28.216216216216218,1.0,37,37,0.02702702702702703,34,Moderate,Individual,India,8,33863.14,Low
CUST20602,31,109186.56999999999,3522.1474193548383,21643.49,1,24.35483870967742,0.4838709677419355,31,31,0.03225806451612903,22,Low,Individual,United States,86,22635.43,Low
CUST20603,39,90199.55,2312.8089743589744,15718.23,0,24.487179487179485,0.9230769230769231,39,39,0.0,29,Low,Individual,United Kingdom,105,30866.63,Low
CUST20604,42,117447.84,2796.3771428571426,12853.61,1,23.476190476190474,0.5476190476190477,42,41,0.023809523809523808,22,Low,Individual,United States,114,21238.63,Low
CUST20605,36,126252.63,3507.0175,48140.86,1,26.916666666666668,0.5,36,36,0.027777777777777776,23,Low,Individual,United States,39,12066.0,Moderate
CUST20606,34,49816.01,1465.1767647058823,4840.19,1,23.558823529411764,0.38235294117647056,34,34,0.029411764705882353,19,Low,Individual,United States,63,21613.39,Moderate
CUST20607,21,31451.86,1497.7076190476191,5463.25,1,26.095238095238095,0.19047619047619047,21,21,0.047619047619047616,17,Low,Individual,United States,70,4019.57,Moderate
CUST20608,34,91077.54,2678.7511764705882,17767.75,1,29.08823529411765,0.4117647058823529,34,34,0.029411764705882353,22,Low,Individual,United States,77,6561.92,Low
CUST20609,30,76297.59,2543.2529999999997,7859.86,0,24.933333333333334,0.9333333333333333,30,30,0.0,30,Moderate,Business,Canada,92,25072.43,High
CUST20610,38,64676.54,1702.0142105263158,6420.01,0,25.605263157894736,0.34210526315789475,38,38,0.0,18,Low,Individual,United States,42,7382.01,Moderate
CUST20611,41,115328.05,2812.879268292683,19382.8,12,46.53658536585366,0.975609756097561,41,41,0.2926829268292683,51,High,Business,Mexico,44,2849.25,Low
CUST20612,28,98278.44,3509.944285714286,27470.87,1,25.214285714285715,0.42857142857142855,27,28,0.03571428571428571,21,Low,Business,United States,11,8950.11,Low
CUST20613,32,91028.74,2844.648125,11578.16,1,22.125,0.59375,32,32,0.03125,23,Low,Individual,United States,35,17465.81,Low
CUST20614,38,154774.34,4073.008947368421,88483.65,1,26.894736842105264,0.9736842105263158,38,38,0.02631578947368421,32,Moderate,Individual,Brazil,66,29269.12,High
CUST20615,36,118933.84999999999,3303.718055555555,35247.65,1,25.72222222222222,0.4166666666666667,35,36,0.027777777777777776,21,Low,Business,United States,59,53089.14,Low
CUST20616,37,108502.68000000001,2932.504864864865,21550.39,0,25.405405405405407,0.43243243243243246,37,36,0.0,20,Low,Business,United States,77,13875.11,Low
CUST20617,42,161581.76,3847.184761904762,36174.19,4,33.476190476190474,0.9523809523809523,42,42,0.09523809523809523,37,Moderate,Individual,United Kingdom,76,11509.01,Low
CUST20618,36,105504.12000000001,2930.67,9309.83,1,25.055555555555557,0.9722222222222222,36,36,0.027777777777777776,32,Moderate,Individual,Canada,90,30128.58,Moderate
CUST20619,35,105087.07,3002.4877142857144,16025.57,6,42.77142857142857,0.9142857142857143,35,35,0.17142857142857143,44,Moderate,Business,Nigeria,1,3299.98,Moderate
CUST20620,50,150983.79,3019.6758,34888.93,11,43.9,0.34,50,50,0.22,34,Moderate,Individual,United States,37,2552.49,Low
CUST20621,40,116489.22,2912.2305,13461.99,2,25.9,0.4,40,40,0.05,21,Low,Individual,United States,8,19536.12,Moderate
CUST20622,42,109774.53,2613.6792857142855,16902.55,4,33.785714285714285,0.9523809523809523,42,42,0.09523809523809523,38,Moderate,Individual,India,98,6996.86,High
CUST20623,36,121634.89,3378.7469444444446,20644.73,1,23.555555555555557,0.5277777777777778,36,36,0.027777777777777776,22,Low,Individual,United States,63,37752.18,Low
CUST20624,35,73760.21,2107.4345714285714,6851.34,1,27.714285714285715,0.9428571428571428,35,35,0.02857142857142857,32,Moderate,Individual,Mexico,110,16068.35,Low
CUST20625,42,114622.62,2729.1099999999997,14269.06,1,28.214285714285715,0.9523809523809523,41,42,0.023809523809523808,33,Moderate,Individual,United Kingdom,7,26441.51,High
CUST20626,41,167978.41,4097.034390243903,39548.85,0,27.341463414634145,0.9024390243902439,40,41,0.0,30,Moderate,Individual,Mexico,119,43715.7,Low
CUST20627,43,115829.31999999999,2693.7051162790694,22559.44,3,30.72093023255814,0.3953488372093023,43,43,0.06976744186046512,24,Low,Individual,United States,48,5282.36,High
CUST20628,34,98941.47,2910.0432352941175,16443.41,1,28.705882352941178,0.9117647058823529,34,34,0.029411764705882353,32,Moderate,Individual,Canada,18,23353.62,High
CUST20629,45,114214.06,2538.090222222222,19164.32,1,26.977777777777778,0.4666666666666667,45,45,0.022222222222222223,22,Low,Business,United States,67,10604.26,Moderate
CUST20630,35,78481.91,2242.340285714286,8997.41,0,27.514285714285716,0.9142857142857143,35,34,0.0,31,Moderate,Individual,India,53,18199.72,Low
CUST20631,29,62372.12,2150.76275862069,11251.54,3,32.96551724137931,0.9310344827586207,29,29,0.10344827586206896,37,Moderate,Business,Nigeria,115,4719.53,Low
CUST20632,44,158036.46,3591.737727272727,19667.44,2,26.454545454545453,0.5681818181818182,43,44,0.045454545454545456,25,Low,Individual,United States,94,16662.19,Moderate
CUST20633,37,98676.49,2666.9321621621625,16577.66,0,27.54054054054054,0.972972972972973,37,37,0.0,32,Moderate,Individual,United Arab Emirates,44,21304.78,Low
CUST20634,34,86092.4,2532.1294117647058,12031.98,1,23.558823529411764,0.4117647058823529,34,34,0.029411764705882353,20,Low,Individual,United States,28,33972.44,Low
CUST20635,37,82727.40000000001,2235.875675675676,7421.9,2,25.135135135135137,0.40540540540540543,37,36,0.05405405405405406,21,Low,Individual,United States,114,30140.55,High
CUST20636,32,89073.76,2783.555,21020.15,2,34.96875,0.90625,32,31,0.0625,36,Moderate,Individual,United Kingdom,10,7175.28,Low
CUST20637,42,84233.61,2005.5621428571428,10367.25,1,28.023809523809526,0.9761904761904762,42,41,0.023809523809523808,33,Moderate,Individual,United Kingdom,41,34850.14,Low
CUST20638,40,194089.6,4852.24,59504.57,6,30.625,0.425,40,40,0.15,28,Low,Individual,United States,58,9119.22,Low
CUST20639,35,151963.85,4341.824285714286,46713.33,1,23.8,0.42857142857142855,35,35,0.02857142857142857,20,Low,Individual,United States,66,16239.51,Moderate
CUST20640,39,92596.12,2374.259487179487,14414.47,0,22.307692307692307,0.48717948717948717,39,39,0.0,20,Low,Individual,United States,88,16080.8,Low
CUST20641,40,126890.33,3172.25825,33602.55,2,26.8,0.825,39,40,0.05,30,Moderate,Individual,United Kingdom,26,17051.92,Low
CUST20642,38,111047.19,2922.2944736842105,14507.57,1,26.342105263157894,0.47368421052631576,37,37,0.02631578947368421,22,Low,Individual,United States,41,18643.26,Low
CUST20643,37,86211.03,2330.027837837838,8992.85,0,25.486486486486488,0.5675675675675675,36,37,0.0,23,Low,Business,United States,114,10228.88,Low
CUST20644,41,119639.70999999999,2918.041707317073,13036.29,1,22.585365853658537,0.36585365853658536,40,40,0.024390243902439025,18,Low,Individual,United States,88,46897.05,Low
CUST20645,36,102075.83,2835.4397222222224,17773.7,1,22.38888888888889,0.5555555555555556,36,36,0.027777777777777776,22,Low,Individual,United States,6,35834.75,Moderate
CUST20646,44,125226.82,2846.064090909091,60838.21,3,28.954545454545453,0.9090909090909091,44,44,0.06818181818181818,34,Moderate,Business,Mexico,78,24317.48,Low
CUST20647,29,78605.02,2710.517931034483,9191.64,3,29.24137931034483,0.6206896551724138,29,29,0.10344827586206896,29,Low,Individual,United States,67,39449.93,Low
CUST20648,37,82652.87,2233.861351351351,18627.18,4,33.78378378378378,0.918918918918919,37,37,0.10810810810810811,37,Moderate,Individual,United Kingdom,3,4886.07,High
CUST20649,41,59268.229999999996,1445.5665853658536,7398.57,1,26.21951219512195,0.8780487804878049,41,41,0.024390243902439025,30,Moderate,Individual,Brazil,101,28617.1,Low
CUST20650,42,112621.94,2681.474761904762,12892.67,1,26.714285714285715,0.2857142857142857,42,42,0.023809523809523808,19,Low,Individual,United States,106,9021.1,Low
CUST20651,36,102873.0,2857.5833333333335,26530.29,2,31.63888888888889,0.4444444444444444,36,36,0.05555555555555555,25,Low,Business,United States,42,4935.08,Low
CUST20652,34,254148.37000000002,7474.95205882353,139546.44,2,27.970588235294116,1.0,32,34,0.058823529411764705,35,Moderate,Individual,Canada,42,39533.34,Low
CUST20653,38,145492.28,3828.744210526316,25775.72,4,28.157894736842106,0.5789473684210527,38,38,0.10526315789473684,28,Low,Business,United States,52,9747.82,Moderate
CUST20654,34,132480.01,3896.4708823529413,29261.36,5,32.26470588235294,0.35294117647058826,34,34,0.14705882352941177,27,Low,Business,United States,1,6453.71,Low
CUST20655,40,123038.62000000001,3075.9655000000002,13896.58,2,30.675,0.875,40,40,0.05,33,Moderate,Individual,Nigeria,93,9622.97,Low
CUST20656,39,119591.37000000001,3066.4453846153847,17204.27,3,33.38461538461539,0.8974358974358975,39,39,0.07692307692307693,36,Moderate,Individual,India,15,6743.36,Low
CUST20657,40,88765.02,2219.1255,8406.3,1,23.275,0.3,40,40,0.025,17,Low,Individual,United States,27,33940.53,Low
CUST20658,35,99185.94,2833.884,21021.98,3,36.0,0.4,35,35,0.08571428571428572,27,Low,Individual,United States,68,2275.22,Low
CUST20659,31,101868.1,3286.0677419354843,25802.11,0,25.612903225806452,0.6129032258064516,31,30,0.0,24,Low,Business,United States,39,122017.84,Moderate
CUST20660,39,123555.75,3168.096153846154,18371.68,3,28.71794871794872,0.48717948717948717,39,39,0.07692307692307693,25,Low,Individual,United States,47,14460.01,High
CUST20661,50,100005.45,2000.109,12153.54,1,26.36,0.96,50,50,0.02,32,Moderate,Individual,Mexico,85,41110.22,High
CUST20662,37,124903.59,3375.7727027027026,44560.59,1,26.594594594594593,0.8648648648648649,37,37,0.02702702702702703,30,Moderate,Business,Canada,108,87572.25,Moderate
CUST20663,39,136541.55,3501.065384615384,27108.49,10,39.743589743589745,0.9743589743589743,39,39,0.2564102564102564,46,Moderate,Individual,Mexico,59,4111.43,Low
CUST20664,41,115807.99,2824.5851219512197,21367.68,1,23.414634146341463,0.4146341463414634,41,41,0.024390243902439025,20,Low,Individual,United States,34,21204.05,Low
CUST20665,34,76457.53,2248.750882352941,9945.44,1,21.41176470588235,0.5,34,34,0.029411764705882353,21,Low,Business,United States,15,28101.45,Low
CUST20666,40,106707.17,2667.67925,18583.69,0,21.55,0.45,40,39,0.0,19,Low,Individual,United States,33,25452.82,Low
CUST20667,36,143510.52,3986.403333333333,17711.17,6,40.25,0.5833333333333334,36,36,0.16666666666666666,36,Moderate,Business,United States,3,4070.88,Low
CUST20668,39,134969.0,3460.74358974359,18378.92,4,37.02564102564103,0.5128205128205128,39,38,0.10256410256410256,31,Moderate,Individual,United States,65,5288.51,Moderate
CUST20669,48,110900.44,2310.4258333333332,17132.78,1,26.645833333333332,0.9583333333333334,48,48,0.020833333333333332,32,Moderate,Individual,Brazil,26,40072.96,Low
CUST20670,34,82729.36,2433.216470588235,12354.67,1,26.5,0.5,33,34,0.029411764705882353,23,Low,Individual,United States,79,15442.85,Moderate
CUST20671,27,63809.17,2363.3025925925926,10967.25,2,28.77777777777778,1.0,27,27,0.07407407407407407,36,Moderate,Individual,Brazil,25,11991.62,Low
CUST20672,45,141057.4,3134.608888888889,25411.06,4,27.88888888888889,0.6,45,45,0.08888888888888889,28,Low,Individual,United States,120,12756.3,Low
CUST20673,32,71973.51,2249.1721875,8310.16,0,21.71875,0.5,32,32,0.0,20,Low,Individual,United States,46,17033.61,High
CUST20674,42,132496.12,3154.6695238095235,17990.77,7,38.30952380952381,0.47619047619047616,42,42,0.16666666666666666,33,Moderate,Individual,United States,70,4158.13,High
CUST20675,36,142287.78,3952.4383333333335,61975.92,2,28.22222222222222,0.5,36,35,0.05555555555555555,25,Low,Business,United States,81,8944.92,Moderate
CUST20676,29,57977.2,1999.213793103448,6312.02,1,26.689655172413794,0.41379310344827586,29,29,0.034482758620689655,21,Low,Individual,United States,4,11491.5,Moderate
CUST20677,42,128643.43000000001,3062.9388095238096,11768.26,6,35.285714285714285,0.47619047619047616,42,42,0.14285714285714285,30,Moderate,Business,United States,87,4108.09,Low
CUST20678,40,139563.93,3489.09825,32696.12,1,24.525,0.4,40,40,0.025,20,Low,Individual,United States,21,14632.82,Low
CUST20679,33,62574.2,1896.1878787878786,8083.91,1,24.757575757575758,0.9696969696969697,33,33,0.030303030303030304,32,Moderate,Individual,India,13,26913.85,Low
CUST20680,35,110207.26,3148.778857142857,13835.17,1,27.257142857142856,0.37142857142857144,35,35,0.02857142857142857,21,Low,Individual,United States,44,14693.29,Low
CUST20681,36,113778.54,3160.515,17917.37,2,30.25,0.8888888888888888,36,36,0.05555555555555555,33,Moderate,Individual,United Kingdom,5,13693.02,Low
CUST20682,51,128399.7,2517.641176470588,12596.25,1,27.470588235294116,0.9019607843137255,51,50,0.0196078431372549,31,Moderate,Business,United Kingdom,106,36113.06,Low
CUST20683,39,99133.16,2541.8758974358975,18333.51,0,25.743589743589745,0.41025641025641024,39,39,0.0,20,Low,Individual,United States,14,38887.5,Low
CUST20684,40,133563.99,3339.09975,23263.71,4,31.975,0.9,40,40,0.1,36,Moderate,Individual,United Kingdom,1,18126.4,Low
CUST20685,38,119390.3,3141.85,29696.1,2,26.526315789473685,0.5526315789473685,38,38,0.05263157894736842,25,Low,Individual,United States,4,18977.44,Moderate
CUST20686,28,68173.69,2434.774642857143,12201.0,1,22.178571428571427,0.4642857142857143,28,28,0.03571428571428571,21,Low,Individual,United States,56,18508.61,Low
CUST20687,37,101574.97,2745.2694594594595,20844.91,1,28.594594594594593,0.972972972972973,37,37,0.02702702702702703,33,Moderate,Individual,Canada,45,14039.73,Low
CUST20688,36,83038.89,2306.6358333333333,9521.54,0,22.833333333333332,0.3611111111111111,36,35,0.0,17,Low,Business,United States,54,25561.35,Low
CUST20689,30,74963.16,2498.772,10651.14,0,29.633333333333333,0.9333333333333333,30,30,0.0,32,Moderate,Business,United Arab Emirates,118,15119.06,Moderate
CUST20690,47,120000.84,2553.209361702128,11139.62,0,24.93617021276596,0.723404255319149,47,47,0.0,26,Low,Individual,United States,88,41450.27,Low
CUST20691,45,132064.8,2934.773333333333,21691.53,3,27.933333333333334,0.4,44,45,0.06666666666666667,23,Low,Individual,United States,38,8478.2,Low
CUST20692,32,77581.64,2424.42625,14481.93,0,26.40625,0.96875,32,32,0.0,31,Moderate,Individual,Brazil,28,24062.19,Moderate
CUST20693,36,137455.1,3818.1972222222225,33294.34,1,31.52777777777778,1.0,35,36,0.027777777777777776,35,Moderate,Business,United Arab Emirates,2,15546.41,Low
CUST20694,41,167246.4,4079.180487804878,26930.24,3,30.097560975609756,0.9512195121951219,40,41,0.07317073170731707,35,Moderate,Individual,Mexico,69,14054.86,Moderate
CUST20695,37,76788.68000000001,2075.36972972973,10117.01,0,20.972972972972972,0.40540540540540543,37,37,0.0,18,Low,Individual,United States,90,22435.69,Low
CUST20696,40,71752.93,1793.82325,7316.63,4,32.725,1.0,40,40,0.1,38,Moderate,Individual,United Kingdom,68,4947.46,High
CUST20697,28,76875.14,2745.5407142857143,9264.53,0,26.535714285714285,0.8928571428571429,28,28,0.0,30,Moderate,Individual,Canada,39,37525.56,Low
CUST20698,41,103607.51,2527.01243902439,16631.73,0,24.951219512195124,0.43902439024390244,41,41,0.0,20,Low,Individual,United States,104,9643.76,Low
CUST20699,37,361386.23,9767.195405405404,250000.0,4,35.16216216216216,0.8918918918918919,37,37,0.10810810810810811,37,Moderate,Individual,Mexico,3,8896.52,Low
CUST20700,28,189515.56,6768.412857142857,118524.99,2,30.642857142857142,0.4642857142857143,28,28,0.07142857142857142,26,Low,Individual,United States,71,7172.07,Low
CUST20701,45,102097.3,2268.8288888888887,12459.15,13,52.4,0.9777777777777777,45,45,0.28888888888888886,53,High,Individual,Canada,118,1715.92,Low
CUST20702,32,62457.88,1951.80875,6519.51,1,22.0,0.5,32,32,0.03125,21,Low,Individual,United States,25,17851.19,Low
CUST20703,45,94283.61,2095.191333333333,9101.28,0,26.08888888888889,0.9111111111111111,44,45,0.0,30,Moderate,Individual,United Kingdom,5,13639.74,Low
CUST20704,34,105904.84,3114.8482352941173,37660.34,2,30.323529411764707,0.5588235294117647,34,34,0.058823529411764705,27,Low,Business,United States,12,8353.17,Low
CUST20705,33,100325.0,3040.151515151515,18459.82,7,41.0,0.9696969696969697,33,33,0.21212121212121213,45,Moderate,Individual,India,47,3814.49,Moderate
CUST20706,26,96196.18000000001,3699.8530769230774,20102.05,3,32.07692307692308,0.34615384615384615,26,26,0.11538461538461539,25,Low,Individual,United States,79,7922.71,Low
CUST20707,37,116446.31,3147.1975675675676,14166.52,2,31.08108108108108,0.8918918918918919,37,36,0.05405405405405406,34,Moderate,Individual,United Kingdom,104,11965.56,Low
CUST20708,36,156549.85,4348.606944444445,36655.06,3,31.13888888888889,0.6111111111111112,36,35,0.08333333333333333,29,Low,Individual,United States,32,21004.15,Moderate
CUST20709,30,84860.96,2828.6986666666667,13401.14,1,26.366666666666667,0.9333333333333333,30,30,0.03333333333333333,32,Moderate,Individual,Mexico,89,27752.53,Low
CUST20710,32,133897.93,4184.3103125,39570.96,1,25.8125,0.46875,32,32,0.03125,22,Low,Individual,United States,24,12627.03,Moderate
CUST20711,47,108951.56,2318.1182978723405,19775.65,2,27.19148936170213,0.8936170212765957,47,47,0.0425531914893617,32,Moderate,Individual,Turkey,1,17583.3,High
CUST20712,35,142199.42,4062.840571428572,66647.62,2,25.857142857142858,0.45714285714285713,35,35,0.05714285714285714,23,Low,Individual,United States,31,48979.73,High
CUST20713,36,104487.94,2902.442777777778,10907.64,1,23.27777777777778,0.3888888888888889,36,36,0.027777777777777776,19,Low,Individual,United States,15,18043.08,Low
CUST20714,45,136618.56,3035.968,20835.37,2,26.42222222222222,0.4444444444444444,45,45,0.044444444444444446,22,Low,Business,United States,101,11745.07,Moderate
CUST20715,36,93154.37,2587.6213888888888,15237.01,1,32.97222222222222,0.8888888888888888,36,36,0.027777777777777776,34,Moderate,Individual,Nigeria,54,6906.04,Low
CUST20716,37,87666.44,2369.3632432432432,9392.69,0,25.43243243243243,0.972972972972973,37,37,0.0,31,Moderate,Individual,United Kingdom,2,22097.43,Low
CUST20717,40,79123.44,1978.086,14807.0,3,30.75,1.0,40,40,0.075,36,Moderate,Individual,Nigeria,87,15825.77,Moderate
CUST20718,44,94720.31999999999,2152.7345454545452,11508.57,1,31.84090909090909,0.6136363636363636,44,44,0.022727272727272728,27,Low,Individual,United States,50,5771.23,Low
CUST20719,36,54376.54,1510.4594444444444,5677.78,1,31.055555555555557,0.9444444444444444,35,36,0.027777777777777776,34,Moderate,Business,India,18,4792.58,Moderate
CUST20720,36,95727.08,2659.0855555555554,17100.47,1,29.555555555555557,0.9722222222222222,36,36,0.027777777777777776,34,Moderate,Individual,Nigeria,73,15907.6,Low
CUST20721,40,121890.87,3047.27175,11158.77,1,29.1,0.325,40,40,0.025,20,Low,Individual,United States,11,9481.98,Moderate
CUST20722,47,101468.59999999999,2158.9063829787233,9376.82,1,24.148936170212767,0.425531914893617,46,47,0.02127659574468085,20,Low,Individual,United States,12,8556.04,Low
CUST20723,34,103492.05,3043.883823529412,17327.85,2,29.941176470588236,0.9411764705882353,34,33,0.058823529411764705,34,Moderate,Individual,Mexico,32,11740.55,Low
CUST20724,41,196702.78,4797.628780487805,54583.74,3,30.975609756097562,0.9512195121951219,41,41,0.07317073170731707,36,Moderate,Individual,India,91,16265.1,Moderate
CUST20725,37,164111.93,4435.457567567568,32839.05,5,34.32432432432432,0.4864864864864865,37,37,0.13513513513513514,30,Moderate,Individual,United States,37,7153.25,Low
CUST20726,51,180234.76,3534.0149019607843,57867.94,3,29.41176470588235,0.9019607843137255,51,51,0.058823529411764705,33,Moderate,Business,United Arab Emirates,77,11791.83,Low
CUST20727,37,112327.59999999999,3035.881081081081,19294.78,1,28.135135135135137,0.918918918918919,37,36,0.02702702702702703,32,Moderate,Individual,Nigeria,3,25277.52,High
CUST20728,35,80334.62,2295.274857142857,11669.8,1,29.34285714285714,0.6,35,35,0.02857142857142857,26,Low,Individual,United States,88,11169.4,Low
CUST20729,40,195230.12,4880.753,121146.98,1,25.7,0.575,40,40,0.025,24,Low,Individual,United States,86,11292.77,High
CUST20730,38,77782.54,2046.908947368421,10185.06,1,30.157894736842106,0.9736842105263158,38,38,0.02631578947368421,34,Moderate,Individual,Brazil,81,7463.7,Moderate
CUST20731,40,121470.1,3036.7525,26169.0,3,33.225,0.4,40,40,0.075,26,Low,Individual,United States,3,5387.24,Moderate
CUST20732,29,50356.95,1736.4465517241379,5406.64,1,24.655172413793103,0.4482758620689655,29,29,0.034482758620689655,21,Low,Individual,United States,11,7087.79,Moderate
CUST20733,36,120472.78,3346.466111111111,20185.54,2,31.833333333333332,0.6388888888888888,36,36,0.05555555555555555,29,Low,Business,United States,109,12580.9,Moderate
CUST20734,30,127783.33,4259.444333333334,26268.46,2,30.466666666666665,0.9666666666666667,30,30,0.06666666666666667,35,Moderate,Individual,United Kingdom,63,13214.07,Low
CUST20735,34,64914.59,1909.2526470588234,9545.18,3,32.11764705882353,0.9117647058823529,34,34,0.08823529411764706,36,Moderate,Business,Canada,82,7235.53,Low
CUST20736,54,143675.7,2660.6611111111115,40488.7,9,41.648148148148145,0.35185185185185186,54,54,0.16666666666666666,32,Moderate,Individual,United States,79,2161.87,High
CUST20737,30,85821.0,2860.7,28068.18,3,26.7,0.5333333333333333,30,30,0.1,26,Low,Individual,United States,83,12442.11,Low
CUST20738,40,109545.95,2738.64875,14956.28,4,31.1,0.95,40,40,0.1,36,Moderate,Individual,Brazil,73,35254.83,Low
CUST20739,38,115249.57,3032.8834210526315,23517.47,2,27.44736842105263,0.6842105263157895,38,38,0.05263157894736842,28,Low,Individual,United States,30,16085.63,Low
CUST20740,31,88725.54,2862.114193548387,21245.28,1,24.06451612903226,0.3870967741935484,31,31,0.03225806451612903,20,Low,Individual,United States,67,15401.15,Low
CUST20741,41,151617.32,3697.9834146341464,23052.12,2,25.634146341463413,0.5121951219512195,41,41,0.04878048780487805,23,Low,Individual,United States,73,10795.76,Low
CUST20742,35,60551.48,1730.0422857142858,5894.06,0,24.771428571428572,0.9428571428571428,34,34,0.0,30,Moderate,Business,India,60,16512.13,Low
CUST20743,53,96180.04,1814.7177358490565,8190.12,2,26.09433962264151,0.9433962264150944,52,53,0.03773584905660377,32,Moderate,Individual,Nigeria,42,24174.19,Moderate
CUST20744,33,77666.6,2353.5333333333333,8051.67,1,24.484848484848484,0.8484848484848485,33,33,0.030303030303030304,29,Low,Individual,United Kingdom,107,19427.42,High
CUST20745,39,112882.29,2894.417692307692,16715.44,1,26.76923076923077,0.38461538461538464,39,39,0.02564102564102564,21,Low,Individual,United States,93,11036.49,Low
CUST20746,23,61366.72,2668.1182608695653,14459.12,0,23.47826086956522,0.9565217391304348,23,23,0.0,30,Moderate,Business,India,18,19243.94,Low
CUST20747,44,142068.88999999998,3228.838409090909,21445.48,6,34.84090909090909,0.9772727272727273,44,44,0.13636363636363635,40,Moderate,Individual,Brazil,51,8258.78,High
CUST20748,25,310841.86,12433.6744,247297.01,1,24.52,0.32,25,24,0.04,19,Low,Individual,United States,10,20942.6,Low
CUST20749,31,93116.77,3003.7667741935484,19188.35,1,22.516129032258064,0.41935483870967744,30,31,0.03225806451612903,20,Low,Individual,United States,85,23696.57,High
