alert_id,transaction_id,customer_id,transaction_time,channel,amount,country,merchant_category,fraud_risk_score,risk_level,detected_pattern,device_id,counterparty_id,disposition
FRD00001,TX300030,CUST20699,2026-08-20 09:47:00,P2P,250000.0,United States,Services,100,Critical,Unusual Amount,DEV4769,CP14621,Pending
FRD00002,TX300032,CUST20383,2026-08-27 11:48:00,Wire,7090.94,United States,Grocery,63,High,Unusual Amount,DEV4313,CP12007,Escalated
FRD00003,TX300052,CUST20385,2026-06-22 00:59:00,Card,1842.79,United Arab Emirates,Retail,61,High,Unusual Amount,DEV6487,CP10058,Pending
FRD00004,TX300054,CUST20678,2026-02-01 13:49:00,ACH,32696.12,United States,Grocery,62,High,Unusual Amount,DEV7330,CP12987,False Positive
FRD00005,TX300059,CUST20583,2026-04-16 06:05:00,Card,1038.84,United States,Crypto Exchange,68,High,Velocity Spike,DEV6276,CP15956,Escalated
FRD00006,TX300064,CUST20250,2026-02-21 19:40:00,Wire,2023.62,Nigeria,Fuel,60,High,Geo Anomaly,DEV7095,CP15262,Escalated
FRD00007,TX300070,CUST20114,2026-03-31 07:42:00,Card,15731.85,United States,Crypto Exchange,67,High,Unusual Amount,DEV7960,CP11029,False Positive
FRD00008,TX300082,CUST20021,2026-07-12 18:46:00,ACH,10286.58,Nigeria,Crypto Exchange,72,High,Unusual Amount,DEV4594,CP14748,Escalated
FRD00009,TX300108,CUST20694,2026-07-31 01:45:00,ACH,26930.24,United States,Services,60,High,Unusual Amount,DEV5099,CP10497,Pending
FRD00010,TX300124,CUST20648,2026-08-21 05:31:00,P2P,18627.18,United States,Fuel,65,High,Unusual Amount,DEV1816,CP15327,Pending
FRD00011,TX300129,CUST20549,2026-08-19 05:59:00,Card,2831.21,Nigeria,Travel,95,Critical,Velocity Spike,DEV2796,CP10774,False Positive
FRD00012,TX300204,CUST20117,2026-09-03 03:26:00,Card,3945.91,Mexico,Crypto Exchange,63,High,Velocity Spike,DEV1182,CP11762,Escalated
FRD00013,TX300205,CUST20084,2026-08-14 15:50:00,Card,14528.17,Canada,Luxury,72,High,Unusual Amount,DEV2913,CP15353,Pending
FRD00014,TX300225,CUST20447,2026-04-06 18:36:00,Wire,8850.34,Mexico,Grocery,70,High,Unusual Amount,DEV3667,CP14895,Pending
FRD00015,TX300234,CUST20556,2026-05-24 16:14:00,P2P,5083.89,United Kingdom,Luxury,71,High,Unusual Amount,DEV1393,CP12955,Escalated
FRD00016,TX300236,CUST20143,2026-04-26 05:58:00,Cash Deposit,7303.24,Brazil,Electronics,68,High,Unusual Amount,DEV6496,CP15183,Pending
FRD00017,TX300266,CUST20159,2026-06-18 14:47:00,P2P,5375.88,United States,Gaming,62,High,Unusual Amount,DEV7197,CP12617,False Positive
FRD00018,TX300299,CUST20588,2026-02-21 11:45:00,Card,66535.36,United States,Travel,100,Critical,Unusual Amount,DEV1896,CP12356,Pending
FRD00019,TX300334,CUST20476,2026-03-23 03:25:00,Wire,12246.42,Turkey,Crypto Exchange,71,High,Geo Anomaly,DEV2206,CP10876,Pending
FRD00020,TX300359,CUST20066,2026-05-24 08:04:00,Card,8352.38,Brazil,Crypto Exchange,71,High,Unusual Amount,DEV7419,CP14700,False Positive
FRD00021,TX300375,CUST20636,2026-05-31 21:21:00,P2P,4661.83,United Arab Emirates,Retail,86,Critical,Rapid Fund Movement,DEV3694,CP15960,Escalated
FRD00022,TX300389,CUST20598,2026-03-04 06:30:00,P2P,5124.97,United States,Gaming,78,High,Unusual Amount,DEV5228,CP12519,False Positive
FRD00023,TX300393,CUST20468,2026-04-08 17:53:00,Card,12095.24,India,Luxury,64,High,Unusual Amount,DEV3966,CP10496,Pending
FRD00024,TX300403,CUST20349,2026-03-15 09:05:00,P2P,8895.4,United Arab Emirates,Travel,71,High,Unusual Amount,DEV4169,CP15032,Pending
FRD00025,TX300412,CUST20547,2026-05-17 06:32:00,ACH,16081.58,Canada,Retail,100,Critical,Unusual Amount,DEV5907,CP13055,False Positive
FRD00026,TX300450,CUST20705,2026-04-10 21:44:00,Card,6334.13,Canada,Luxury,74,High,Unusual Amount,DEV3164,CP10957,Pending
FRD00027,TX300465,CUST20019,2026-05-24 12:16:00,P2P,11048.53,United States,Fuel,64,High,Unusual Amount,DEV2937,CP15227,False Positive
FRD00028,TX300475,CUST20175,2026-06-14 19:10:00,ATM,6965.46,India,Grocery,65,High,Unusual Amount,DEV7322,CP10058,Pending
FRD00029,TX300485,CUST20553,2026-03-23 20:16:00,P2P,19528.31,Turkey,Travel,73,High,Unusual Amount,DEV4932,CP13419,Pending
FRD00030,TX300529,CUST20530,2026-07-06 00:58:00,Card,14219.41,Turkey,Retail,63,High,Geo Anomaly,DEV2115,CP11760,Pending
FRD00031,TX300548,CUST20423,2026-01-05 07:06:00,Wire,48421.36,United States,Crypto Exchange,63,High,Unusual Amount,DEV7407,CP13112,Escalated
FRD00032,TX300565,CUST20045,2026-03-04 09:04:00,Card,6092.57,United States,Crypto Exchange,65,High,Unusual Amount,DEV7453,CP12051,Confirmed Fraud
FRD00033,TX300598,CUST20045,2026-05-16 19:25:00,Card,773.93,United States,Grocery,75,High,Account Takeover,DEV3140,CP14707,False Positive
FRD00034,TX300611,CUST20310,2026-01-31 02:25:00,ACH,3239.2,Nigeria,Crypto Exchange,68,High,Unusual Amount,DEV3098,CP11743,False Positive
FRD00035,TX300624,CUST20061,2026-01-06 06:15:00,P2P,6245.24,United States,Services,100,Critical,Account Takeover,DEV5094,CP10444,Pending
FRD00036,TX300665,CUST20097,2026-02-13 13:58:00,Wire,9999.16,Brazil,Luxury,79,High,Unusual Amount,DEV7618,CP10777,False Positive
FRD00037,TX300753,CUST20553,2026-09-09 00:13:00,Wire,10031.9,Canada,Luxury,83,Critical,Unusual Amount,DEV2177,CP14456,False Positive
FRD00038,TX300754,CUST20571,2026-04-28 09:40:00,P2P,195.18,India,Gaming,64,High,Velocity Spike,DEV3390,CP14585,Confirmed Fraud
FRD00039,TX300788,CUST20201,2026-06-22 03:44:00,Check,5247.99,United States,Travel,64,High,Unusual Amount,DEV3012,CP14672,False Positive
FRD00040,TX300828,CUST20102,2026-04-11 15:18:00,ATM,18302.0,Nigeria,Gaming,68,High,Unusual Amount,DEV3575,CP14105,False Positive
FRD00041,TX300860,CUST20068,2026-01-08 10:32:00,P2P,10895.09,United States,Retail,78,High,Unusual Amount,DEV3582,CP14943,Escalated
FRD00042,TX300888,CUST20503,2026-02-27 19:08:00,Wire,8257.89,Turkey,Retail,65,High,Unusual Amount,DEV4133,CP12301,Escalated
FRD00043,TX300898,CUST20577,2026-02-01 09:03:00,Card,26391.39,United Kingdom,Electronics,65,High,Unusual Amount,DEV3745,CP15918,Pending
FRD00044,TX300901,CUST20356,2026-01-25 08:29:00,Wire,803.05,United States,Grocery,60,High,Rapid Fund Movement,DEV1855,CP14322,False Positive
FRD00045,TX300911,CUST20476,2026-02-25 07:10:00,P2P,62664.52,Mexico,Electronics,94,Critical,Unusual Amount,DEV5782,CP15492,False Positive
FRD00046,TX300941,CUST20489,2026-02-05 00:52:00,Card,31366.64,United States,Travel,95,Critical,Unusual Amount,DEV1030,CP14422,Pending
FRD00047,TX300945,CUST20035,2026-09-08 12:35:00,P2P,3786.78,Canada,Services,73,High,Unusual Amount,DEV1126,CP13303,Confirmed Fraud
FRD00048,TX300962,CUST20565,2026-07-06 20:06:00,ACH,457.27,United States,Travel,62,High,Rapid Fund Movement,DEV3132,CP10899,False Positive
FRD00049,TX300985,CUST20447,2026-02-11 18:49:00,P2P,2059.03,Brazil,Crypto Exchange,62,High,Geo Anomaly,DEV2368,CP13818,Pending
FRD00050,TX300989,CUST20075,2026-07-14 09:25:00,ACH,5149.43,United States,Travel,73,High,Velocity Spike,DEV5182,CP10131,Escalated
FRD00051,TX300995,CUST20677,2026-05-15 09:20:00,Card,7516.22,Nigeria,Retail,61,High,Unusual Amount,DEV6631,CP12861,False Positive
FRD00052,TX300999,CUST20604,2026-04-12 06:49:00,Check,12853.61,Mexico,Fuel,61,High,Repeated Counterparty,DEV4172,CP99999,Escalated
FRD00053,TX301045,CUST20294,2026-02-23 01:35:00,Wire,1183.47,United States,Gaming,75,High,Velocity Spike,DEV6053,CP12622,Pending
FRD00054,TX301084,CUST20478,2026-01-19 04:32:00,ACH,754.89,United States,Gaming,64,High,Velocity Spike,DEV1685,CP10177,False Positive
FRD00055,TX301090,CUST20174,2026-08-31 03:49:00,ACH,1575.59,United Kingdom,Travel,69,High,Unusual Amount,DEV1441,CP10568,Pending
FRD00056,TX301110,CUST20178,2026-04-29 12:18:00,P2P,1897.81,United States,Electronics,64,High,Rapid Fund Movement,DEV7557,CP13404,Escalated
FRD00057,TX301163,CUST20664,2026-03-22 03:13:00,P2P,21367.68,United States,Crypto Exchange,65,High,Unusual Amount,DEV5138,CP10175,False Positive
FRD00058,TX301166,CUST20159,2026-03-09 16:26:00,Wire,6028.67,United States,Fuel,63,High,Unusual Amount,DEV4945,CP11075,Pending
FRD00059,TX301193,CUST20530,2026-08-22 22:24:00,ATM,62928.57,Nigeria,Services,100,Critical,Unusual Amount,DEV4796,CP15826,Confirmed Fraud
FRD00060,TX301194,CUST20179,2026-06-20 16:49:00,ATM,1485.71,United Kingdom,Gaming,70,High,Velocity Spike,DEV7814,CP13131,Escalated
FRD00061,TX301201,CUST20656,2026-02-18 21:01:00,ACH,17204.27,Canada,Gaming,60,High,Unusual Amount,DEV6906,CP12170,False Positive
FRD00062,TX301214,CUST20663,2026-08-01 10:07:00,Card,7675.6,United States,Fuel,66,High,Unusual Amount,DEV2069,CP15920,Escalated
FRD00063,TX301234,CUST20273,2026-08-12 00:35:00,Card,1028.88,United States,Fuel,71,High,Account Takeover,DEV5336,CP14877,False Positive
FRD00064,TX301242,CUST20210,2026-03-09 14:24:00,ACH,1065.61,United Kingdom,Crypto Exchange,67,High,Velocity Spike,DEV4767,CP11681,False Positive
FRD00065,TX301244,CUST20076,2026-07-02 04:46:00,Card,5475.63,United States,Gaming,60,High,Unusual Amount,DEV2471,CP15946,Confirmed Fraud
FRD00066,TX301264,CUST20527,2026-02-21 06:57:00,Cash Deposit,1580.1,United Kingdom,Electronics,80,Critical,Velocity Spike,DEV5341,CP11887,Confirmed Fraud
FRD00067,TX301277,CUST20646,2026-05-03 11:24:00,Wire,1637.29,United States,Services,67,High,Rapid Fund Movement,DEV3215,CP13813,False Positive
FRD00068,TX301289,CUST20256,2026-08-17 20:32:00,Cash Deposit,12147.48,United Kingdom,Gaming,76,High,Unusual Amount,DEV5308,CP13632,Escalated
FRD00069,TX301307,CUST20385,2026-02-24 20:53:00,Wire,4255.69,United States,Gaming,100,Critical,Rapid Fund Movement,DEV5798,CP13563,Pending
FRD00070,TX301322,CUST20035,2026-01-12 04:18:00,ACH,2147.48,Turkey,Crypto Exchange,90,Critical,Geo Anomaly,DEV1827,CP14076,Pending
FRD00071,TX301343,CUST20174,2026-03-01 21:36:00,Check,3914.64,United Kingdom,Crypto Exchange,72,High,Unusual Amount,DEV2344,CP14962,Pending
FRD00072,TX301348,CUST20488,2026-07-26 20:35:00,Wire,7795.36,United States,Gaming,83,Critical,Unusual Amount,DEV4915,CP12793,Pending
FRD00073,TX301368,CUST20402,2026-07-13 01:08:00,Cash Deposit,7461.88,United States,Luxury,67,High,Unusual Amount,DEV6924,CP14991,Escalated
FRD00074,TX301387,CUST20174,2026-04-20 19:35:00,P2P,2913.7,United Arab Emirates,Travel,71,High,Unusual Amount,DEV4215,CP15727,False Positive
FRD00075,TX301389,CUST20186,2026-09-02 08:20:00,ATM,8490.46,Canada,Travel,62,High,Unusual Amount,DEV3314,CP15335,Pending
FRD00076,TX301457,CUST20241,2026-05-26 08:43:00,Card,35871.11,Brazil,Gaming,100,Critical,Unusual Amount,DEV4864,CP15549,False Positive
FRD00077,TX301509,CUST20232,2026-03-04 23:42:00,Check,27164.59,Canada,Luxury,100,Critical,Unusual Amount,DEV3938,CP13823,False Positive
FRD00078,TX301528,CUST20540,2026-03-28 23:27:00,P2P,709.45,Mexico,Crypto Exchange,63,High,Velocity Spike,DEV3011,CP13711,Pending
FRD00079,TX301532,CUST20462,2026-04-30 05:40:00,P2P,8029.53,United States,Electronics,86,Critical,Rapid Fund Movement,DEV5461,CP10824,False Positive
FRD00080,TX301590,CUST20463,2026-01-05 08:25:00,Card,5276.36,United Kingdom,Gaming,63,High,Velocity Spike,DEV4046,CP12340,False Positive
FRD00081,TX301603,CUST20031,2026-09-09 01:11:00,ACH,5999.89,United Kingdom,Services,70,High,Unusual Amount,DEV7903,CP14260,Confirmed Fraud
FRD00082,TX301639,CUST20397,2026-01-30 18:41:00,Wire,1383.14,United States,Services,61,High,Velocity Spike,DEV1337,CP10850,Confirmed Fraud
FRD00083,TX301649,CUST20352,2026-07-23 05:57:00,Wire,6663.05,Mexico,Gaming,62,High,Geo Anomaly,DEV6092,CP10446,False Positive
FRD00084,TX301651,CUST20233,2026-06-08 16:40:00,Card,41630.88,United States,Luxury,67,High,Unusual Amount,DEV2838,CP15042,Pending
FRD00085,TX301682,CUST20346,2026-06-29 10:18:00,Card,9420.66,India,Crypto Exchange,62,High,Unusual Amount,DEV1150,CP15776,Confirmed Fraud
FRD00086,TX301685,CUST20083,2026-03-16 22:56:00,Wire,3920.15,United States,Crypto Exchange,100,Critical,Velocity Spike,DEV3971,CP12133,False Positive
FRD00087,TX301692,CUST20608,2026-08-14 22:04:00,P2P,9941.76,United Arab Emirates,Services,71,High,Unusual Amount,DEV6133,CP10147,Pending
FRD00088,TX301715,CUST20379,2026-07-16 08:10:00,Card,66345.52,Brazil,Luxury,93,Critical,Unusual Amount,DEV3076,CP10954,Escalated
FRD00089,TX301718,CUST20218,2026-01-28 01:15:00,ACH,1701.09,Canada,Gaming,66,High,Velocity Spike,DEV2729,CP10388,Pending
FRD00090,TX301741,CUST20499,2026-04-20 15:55:00,Wire,8722.34,United States,Luxury,87,Critical,Unusual Amount,DEV4923,CP12597,Pending
FRD00091,TX301760,CUST20208,2026-01-07 15:49:00,ATM,21695.91,United States,Luxury,67,High,Unusual Amount,DEV2404,CP15166,False Positive
FRD00092,TX301765,CUST20544,2026-07-26 12:33:00,Cash Deposit,9345.6,Canada,Travel,65,High,Unusual Amount,DEV5658,CP14904,False Positive
FRD00093,TX301790,CUST20599,2026-01-24 01:18:00,ACH,7761.1,Turkey,Gaming,60,High,Geo Anomaly,DEV7574,CP11954,False Positive
FRD00094,TX301811,CUST20065,2026-08-24 06:30:00,ACH,82716.77,United Arab Emirates,Services,100,Critical,Unusual Amount,DEV2235,CP12874,False Positive
FRD00095,TX301815,CUST20226,2026-07-17 18:38:00,Wire,24113.48,United States,Grocery,60,High,Unusual Amount,DEV5712,CP14384,Escalated
FRD00096,TX301824,CUST20216,2026-01-13 02:07:00,Card,10869.53,Canada,Electronics,66,High,Unusual Amount,DEV6520,CP14351,Pending
FRD00097,TX301834,CUST20240,2026-07-09 10:47:00,Card,5598.57,United States,Luxury,64,High,Unusual Amount,DEV2842,CP12514,Escalated
FRD00098,TX301835,CUST20533,2026-03-02 10:03:00,Wire,19513.9,United States,Gaming,71,High,Unusual Amount,DEV6931,CP12551,Escalated
FRD00099,TX301844,CUST20631,2026-07-19 11:25:00,Cash Deposit,9820.12,India,Electronics,64,High,Unusual Amount,DEV7820,CP13411,Escalated
FRD00100,TX301849,CUST20684,2026-01-24 18:30:00,ACH,4630.78,United States,Travel,69,High,Rapid Fund Movement,DEV5415,CP13043,Escalated
FRD00101,TX301869,CUST20316,2026-04-07 22:09:00,Card,711.13,Canada,Travel,74,High,Account Takeover,DEV1873,CP11131,Escalated
FRD00102,TX301879,CUST20332,2026-01-24 04:00:00,ACH,10784.96,Canada,Crypto Exchange,77,High,Unusual Amount,DEV4787,CP10136,Pending
FRD00103,TX301900,CUST20553,2026-06-13 02:42:00,ATM,20780.31,Mexico,Retail,100,Critical,Unusual Amount,DEV4440,CP12928,False Positive
FRD00104,TX301913,CUST20638,2026-07-19 17:12:00,Wire,17218.13,United States,Grocery,100,Critical,Unusual Amount,DEV3529,CP15258,Escalated
FRD00105,TX301916,CUST20339,2026-06-21 06:20:00,P2P,4550.09,United States,Crypto Exchange,71,High,Unusual Amount,DEV5157,CP14037,Pending
FRD00106,TX301957,CUST20663,2026-02-18 17:53:00,Wire,2816.61,United States,Luxury,63,High,Geo Anomaly,DEV5907,CP14896,Escalated
FRD00107,TX301974,CUST20104,2026-01-05 13:17:00,P2P,13344.93,United States,Retail,63,High,Unusual Amount,DEV1521,CP10795,Escalated
FRD00108,TX301982,CUST20502,2026-03-01 04:18:00,Wire,8552.03,India,Grocery,76,High,Unusual Amount,DEV3977,CP14383,False Positive
FRD00109,TX301993,CUST20339,2026-06-15 03:29:00,Wire,3655.06,Canada,Gaming,82,Critical,Unusual Amount,DEV5693,CP11339,Pending
FRD00110,TX302034,CUST20153,2026-07-21 20:56:00,Cash Deposit,82571.01,Turkey,Grocery,100,Critical,Unusual Amount,DEV6262,CP10259,False Positive
FRD00111,TX302075,CUST20326,2026-03-22 06:00:00,Cash Deposit,9723.89,United States,Travel,94,Critical,Unusual Amount,DEV5149,CP10873,Pending
FRD00112,TX302077,CUST20736,2026-08-01 04:15:00,Card,2597.8,Nigeria,Luxury,100,Critical,Unusual Amount,DEV5998,CP11827,Pending
FRD00113,TX302081,CUST20686,2026-07-12 16:25:00,Wire,1692.69,India,Services,74,High,Rapid Fund Movement,DEV6110,CP13305,Confirmed Fraud
FRD00114,TX302106,CUST20232,2026-05-23 00:22:00,Card,407.33,United States,Services,60,High,Account Takeover,DEV1819,CP12653,Escalated
FRD00115,TX302111,CUST20151,2026-08-16 05:20:00,Wire,6661.55,Turkey,Crypto Exchange,100,Critical,Rapid Fund Movement,DEV4704,CP11348,Pending
FRD00116,TX302122,CUST20270,2026-01-04 01:44:00,Cash Deposit,2347.91,United Arab Emirates,Retail,60,High,Geo Anomaly,DEV3580,CP14053,Pending
FRD00117,TX302125,CUST20283,2026-03-09 20:01:00,Wire,5298.0,United States,Electronics,76,High,Unusual Amount,DEV1998,CP11122,Pending
FRD00118,TX302143,CUST20143,2026-02-04 18:55:00,Card,3960.11,United States,Electronics,60,High,Unusual Amount,DEV1707,CP14632,Pending
FRD00119,TX302181,CUST20161,2026-02-11 16:22:00,ATM,6801.94,United Arab Emirates,Fuel,77,High,Velocity Spike,DEV6251,CP12597,Pending
FRD00120,TX302189,CUST20422,2026-07-17 15:35:00,ACH,41332.21,United States,Travel,62,High,Unusual Amount,DEV5838,CP12777,Escalated
FRD00121,TX302196,CUST20262,2026-07-03 06:17:00,ACH,6922.01,United Kingdom,Services,82,Critical,Unusual Amount,DEV6400,CP13003,Escalated
FRD00122,TX302207,CUST20284,2026-02-21 04:21:00,Wire,4314.9,United Arab Emirates,Services,87,Critical,Geo Anomaly,DEV4773,CP15714,Pending
FRD00123,TX302209,CUST20061,2026-06-16 14:34:00,Wire,5414.83,United States,Luxury,73,High,Unusual Amount,DEV5855,CP12509,False Positive
FRD00124,TX302253,CUST20598,2026-02-14 12:41:00,Wire,5014.34,United States,Retail,76,High,Unusual Amount,DEV5737,CP13161,False Positive
FRD00125,TX302259,CUST20652,2026-04-03 10:28:00,Wire,18065.88,Mexico,Electronics,87,Critical,Unusual Amount,DEV5304,CP10557,False Positive
FRD00126,TX302276,CUST20651,2026-04-15 11:45:00,Cash Deposit,5411.73,Canada,Services,66,High,Unusual Amount,DEV1599,CP13222,False Positive
FRD00127,TX302294,CUST20357,2026-06-05 11:08:00,Wire,3520.82,United States,Fuel,61,High,Rapid Fund Movement,DEV1158,CP13931,Confirmed Fraud
FRD00128,TX302316,CUST20084,2026-02-13 09:02:00,ATM,22155.27,United States,Fuel,100,Critical,Unusual Amount,DEV4851,CP10860,Pending
FRD00129,TX302320,CUST20455,2026-08-25 04:15:00,P2P,1278.94,United Arab Emirates,Retail,70,High,Account Takeover,DEV3030,CP13080,Pending
FRD00130,TX302328,CUST20034,2026-08-24 22:15:00,Check,10083.33,Canada,Luxury,66,High,Unusual Amount,DEV3730,CP11434,Escalated
FRD00131,TX302338,CUST20385,2026-07-09 15:02:00,Card,2866.07,United States,Crypto Exchange,61,High,Unusual Amount,DEV5170,CP15321,False Positive
FRD00132,TX302364,CUST20672,2026-08-26 18:22:00,Wire,223.27,India,Crypto Exchange,64,High,Rapid Fund Movement,DEV4615,CP11474,False Positive
FRD00133,TX302378,CUST20749,2026-01-20 16:22:00,Card,19188.35,Turkey,Crypto Exchange,92,Critical,Unusual Amount,DEV5792,CP15758,False Positive
FRD00134,TX302397,CUST20180,2026-03-29 08:26:00,Wire,5189.93,Canada,Luxury,61,High,Geo Anomaly,DEV4854,CP12121,Escalated
FRD00135,TX302404,CUST20619,2026-03-05 10:33:00,ACH,16025.57,Nigeria,Fuel,62,High,Unusual Amount,DEV6020,CP11111,Confirmed Fraud
FRD00136,TX302413,CUST20735,2026-09-03 18:01:00,P2P,377.9,United States,Gaming,80,Critical,Rapid Fund Movement,DEV4834,CP10401,False Positive
FRD00137,TX302414,CUST20393,2026-06-11 05:22:00,Wire,4545.47,Canada,Fuel,68,High,Unusual Amount,DEV6999,CP13436,False Positive
FRD00138,TX302421,CUST20060,2026-05-13 10:05:00,ACH,6395.38,United Kingdom,Grocery,64,High,Unusual Amount,DEV4276,CP13471,Escalated
FRD00139,TX302424,CUST20648,2026-07-02 02:25:00,Wire,2534.66,United States,Gaming,63,High,Geo Anomaly,DEV2421,CP15301,Pending
FRD00140,TX302434,CUST20559,2026-02-13 10:43:00,Card,1368.96,Nigeria,Travel,60,High,Velocity Spike,DEV7065,CP13192,Pending
FRD00141,TX302503,CUST20386,2026-03-16 11:23:00,P2P,3677.88,United States,Retail,72,High,Account Takeover,DEV7894,CP13023,False Positive
FRD00142,TX302564,CUST20120,2026-01-12 14:11:00,Check,1606.83,United Arab Emirates,Crypto Exchange,77,High,Velocity Spike,DEV4404,CP14169,Escalated
FRD00143,TX302575,CUST20394,2026-02-23 19:04:00,Cash Deposit,12702.28,Turkey,Grocery,64,High,Unusual Amount,DEV1654,CP14349,False Positive
FRD00144,TX302588,CUST20341,2026-08-06 04:32:00,ACH,31256.55,United Arab Emirates,Crypto Exchange,63,High,Unusual Amount,DEV4833,CP10804,Escalated
FRD00145,TX302618,CUST20619,2026-07-25 22:43:00,ATM,4215.38,India,Gaming,64,High,Unusual Amount,DEV5666,CP11329,Escalated
FRD00146,TX302624,CUST20524,2026-04-11 21:09:00,Card,78296.97,Nigeria,Gaming,100,Critical,Unusual Amount,DEV6564,CP14173,False Positive
FRD00147,TX302658,CUST20265,2026-02-02 23:31:00,ACH,6859.33,United States,Luxury,65,High,Unusual Amount,DEV3929,CP12483,Confirmed Fraud
FRD00148,TX302664,CUST20061,2026-08-06 06:56:00,ATM,4056.34,Brazil,Crypto Exchange,77,High,Unusual Amount,DEV4350,CP15598,Pending
FRD00149,TX302688,CUST20521,2026-03-31 16:44:00,Wire,646.75,Canada,Grocery,61,High,Rapid Fund Movement,DEV4720,CP11709,False Positive
FRD00150,TX302707,CUST20276,2026-07-03 16:51:00,Card,10504.13,United States,Luxury,66,High,Unusual Amount,DEV4102,CP13867,False Positive
FRD00151,TX302713,CUST20239,2026-09-03 04:17:00,Card,11488.8,United States,Luxury,84,Critical,Unusual Amount,DEV5546,CP15475,Pending
FRD00152,TX302793,CUST20316,2026-04-13 17:04:00,Wire,1007.0,United States,Gaming,68,High,Rapid Fund Movement,DEV5278,CP15214,Confirmed Fraud
FRD00153,TX302796,CUST20301,2026-06-03 06:56:00,ATM,3146.35,United States,Gaming,60,High,Repeated Counterparty,DEV2940,CP99999,False Positive
FRD00154,TX302815,CUST20151,2026-01-02 22:44:00,ACH,7709.69,United States,Services,100,Critical,Unusual Amount,DEV3811,CP13165,Pending
FRD00155,TX302816,CUST20105,2026-07-31 13:30:00,P2P,1787.31,United Arab Emirates,Electronics,66,High,Geo Anomaly,DEV4933,CP13120,False Positive
FRD00156,TX302819,CUST20371,2026-07-07 10:36:00,Card,6160.25,Nigeria,Retail,65,High,Unusual Amount,DEV3095,CP15400,False Positive
FRD00157,TX302837,CUST20165,2026-07-30 11:28:00,Wire,5996.39,United Arab Emirates,Travel,75,High,Rapid Fund Movement,DEV5807,CP15493,Confirmed Fraud
FRD00158,TX302865,CUST20125,2026-05-03 18:13:00,Card,4151.01,Turkey,Crypto Exchange,88,Critical,Account Takeover,DEV5044,CP15346,Pending
FRD00159,TX302894,CUST20531,2026-03-20 19:43:00,P2P,4076.7,United Arab Emirates,Crypto Exchange,73,High,Geo Anomaly,DEV4909,CP14166,Escalated
FRD00160,TX302925,CUST20050,2026-04-22 17:39:00,Wire,26093.92,Nigeria,Grocery,100,Critical,Unusual Amount,DEV6545,CP12396,Confirmed Fraud
FRD00161,TX302929,CUST20729,2026-06-05 00:43:00,Card,2802.64,Nigeria,Crypto Exchange,68,High,Geo Anomaly,DEV6518,CP14079,Pending
FRD00162,TX302930,CUST20195,2026-03-19 18:10:00,ACH,18595.77,United States,Crypto Exchange,100,Critical,Unusual Amount,DEV7527,CP15455,Pending
FRD00163,TX302937,CUST20223,2026-03-01 11:25:00,Wire,6510.64,United States,Gaming,61,High,Geo Anomaly,DEV3976,CP12269,Pending
FRD00164,TX302938,CUST20509,2026-01-31 00:25:00,Card,6917.69,India,Crypto Exchange,88,Critical,Velocity Spike,DEV1603,CP11147,Escalated
FRD00165,TX302968,CUST20045,2026-07-12 12:20:00,P2P,732.61,United States,Travel,73,High,Rapid Fund Movement,DEV5026,CP11115,False Positive
FRD00166,TX302982,CUST20061,2026-04-15 21:21:00,P2P,1276.74,United States,Gaming,60,High,Geo Anomaly,DEV6980,CP14534,Confirmed Fraud
FRD00167,TX302987,CUST20069,2026-04-23 15:00:00,P2P,8050.9,United States,Fuel,65,High,Unusual Amount,DEV7498,CP10892,False Positive
FRD00168,TX302994,CUST20119,2026-02-13 11:55:00,Card,21686.11,Mexico,Services,100,Critical,Unusual Amount,DEV7832,CP10510,Pending
FRD00169,TX303004,CUST20486,2026-06-30 18:20:00,P2P,2416.72,United States,Crypto Exchange,75,High,Account Takeover,DEV4694,CP10499,False Positive
FRD00170,TX303022,CUST20090,2026-03-20 13:52:00,Card,4136.54,United States,Crypto Exchange,72,High,Repeated Counterparty,DEV5436,CP99999,Confirmed Fraud
FRD00171,TX303039,CUST20314,2026-02-05 08:37:00,Wire,7320.91,Nigeria,Luxury,63,High,Unusual Amount,DEV5724,CP15015,Escalated
FRD00172,TX303043,CUST20721,2026-06-23 20:44:00,P2P,4346.2,Nigeria,Retail,100,Critical,Account Takeover,DEV3440,CP14378,Pending
FRD00173,TX303051,CUST20674,2026-05-13 16:01:00,Card,5590.05,India,Travel,63,High,Unusual Amount,DEV1633,CP15141,Pending
FRD00174,TX303070,CUST20668,2026-05-22 21:33:00,P2P,5672.38,India,Luxury,100,Critical,Velocity Spike,DEV2690,CP12443,Confirmed Fraud
FRD00175,TX303089,CUST20512,2026-09-10 05:41:00,Wire,580.52,United States,Grocery,63,High,Rapid Fund Movement,DEV1688,CP13072,Pending
FRD00176,TX303096,CUST20416,2026-08-29 19:53:00,ACH,36009.03,United States,Gaming,100,Critical,Unusual Amount,DEV1976,CP10313,Confirmed Fraud
FRD00177,TX303114,CUST20481,2026-02-02 02:49:00,P2P,1458.33,United Kingdom,Electronics,77,High,Account Takeover,DEV6553,CP10382,Pending
FRD00178,TX303136,CUST20501,2026-06-15 12:05:00,P2P,6609.65,United Arab Emirates,Luxury,91,Critical,Rapid Fund Movement,DEV1090,CP15631,False Positive
FRD00179,TX303167,CUST20507,2026-08-19 16:00:00,Card,1514.65,United States,Retail,65,High,Account Takeover,DEV3754,CP15681,Escalated
FRD00180,TX303168,CUST20552,2026-05-10 15:23:00,P2P,1284.08,United Kingdom,Grocery,82,Critical,Account Takeover,DEV5573,CP11541,Pending
FRD00181,TX303175,CUST20326,2026-05-07 07:51:00,ATM,2636.99,United States,Crypto Exchange,64,High,Unusual Amount,DEV1673,CP11168,Escalated
FRD00182,TX303187,CUST20052,2026-08-27 14:53:00,Check,3807.11,United States,Services,61,High,Unusual Amount,DEV1182,CP11054,False Positive
FRD00183,TX303202,CUST20443,2026-07-22 03:33:00,Card,4515.08,Turkey,Luxury,86,Critical,Geo Anomaly,DEV6075,CP11417,False Positive
FRD00184,TX303211,CUST20373,2026-08-05 21:05:00,P2P,848.68,United Arab Emirates,Gaming,62,High,Geo Anomaly,DEV7966,CP11796,Escalated
FRD00185,TX303212,CUST20242,2026-01-28 20:42:00,Wire,4196.72,United States,Travel,63,High,Unusual Amount,DEV6436,CP12951,Pending
FRD00186,TX303236,CUST20431,2026-04-27 04:56:00,Wire,7345.39,United States,Retail,67,High,Unusual Amount,DEV2212,CP12457,False Positive
FRD00187,TX303244,CUST20344,2026-07-02 13:18:00,P2P,620.1,United Arab Emirates,Luxury,87,Critical,Account Takeover,DEV4383,CP10161,Pending
FRD00188,TX303258,CUST20549,2026-08-06 18:11:00,P2P,6903.23,Turkey,Services,66,High,Unusual Amount,DEV4067,CP14103,Confirmed Fraud
FRD00189,TX303274,CUST20556,2026-07-04 04:57:00,Wire,6305.37,United Kingdom,Fuel,100,Critical,Velocity Spike,DEV3244,CP11913,Pending
FRD00190,TX303293,CUST20322,2026-06-13 00:54:00,Wire,14936.25,United States,Crypto Exchange,65,High,Geo Anomaly,DEV5260,CP15958,Confirmed Fraud
FRD00191,TX303326,CUST20338,2026-08-29 02:07:00,P2P,5013.98,United Kingdom,Crypto Exchange,81,Critical,Unusual Amount,DEV1611,CP15465,Pending
FRD00192,TX303335,CUST20316,2026-03-01 11:30:00,ACH,1796.0,Turkey,Electronics,60,High,Unusual Amount,DEV4132,CP10901,Confirmed Fraud
FRD00193,TX303361,CUST20167,2026-01-25 12:47:00,Card,15129.54,United States,Travel,66,High,Unusual Amount,DEV3745,CP11959,Escalated
FRD00194,TX303363,CUST20378,2026-07-26 05:59:00,Card,2921.86,Turkey,Gaming,68,High,Geo Anomaly,DEV7310,CP10669,Pending
FRD00195,TX303367,CUST20379,2026-07-21 12:32:00,ATM,12442.11,United States,Luxury,65,High,Unusual Amount,DEV6829,CP10013,False Positive
FRD00196,TX303398,CUST20308,2026-05-13 16:50:00,Wire,9916.5,United Arab Emirates,Fuel,75,High,Unusual Amount,DEV2230,CP10083,False Positive
FRD00197,TX303414,CUST20518,2026-09-08 06:56:00,Wire,16235.98,Mexico,Retail,100,Critical,Rapid Fund Movement,DEV2423,CP11719,Pending
FRD00198,TX303437,CUST20427,2026-01-21 08:04:00,P2P,979.77,United States,Gaming,84,Critical,Account Takeover,DEV3290,CP14671,Pending
FRD00199,TX303443,CUST20547,2026-02-26 05:30:00,ACH,8614.09,United States,Retail,62,High,Unusual Amount,DEV1886,CP14247,False Positive
FRD00200,TX303453,CUST20620,2026-06-14 09:13:00,P2P,6638.86,United States,Luxury,68,High,Unusual Amount,DEV2705,CP11493,Escalated
FRD00201,TX303454,CUST20726,2026-06-14 08:53:00,Card,57867.94,United Kingdom,Crypto Exchange,69,High,Unusual Amount,DEV1057,CP15554,False Positive
FRD00202,TX303456,CUST20722,2026-05-17 02:55:00,P2P,9376.82,Brazil,Crypto Exchange,72,High,Unusual Amount,DEV6893,CP13325,Escalated
FRD00203,TX303478,CUST20377,2026-04-06 17:57:00,Check,47503.65,United Arab Emirates,Retail,100,Critical,Unusual Amount,DEV4907,CP13958,Escalated
FRD00204,TX303492,CUST20681,2026-03-13 15:01:00,P2P,1245.45,United States,Fuel,67,High,Rapid Fund Movement,DEV1944,CP10637,False Positive
FRD00205,TX303507,CUST20015,2026-01-27 21:03:00,ACH,3625.13,United States,Luxury,63,High,Unusual Amount,DEV6357,CP11766,False Positive
FRD00206,TX303523,CUST20338,2026-05-03 14:48:00,ACH,12766.66,Brazil,Gaming,76,High,Unusual Amount,DEV1488,CP14996,False Positive
FRD00207,TX303530,CUST20584,2026-06-25 19:00:00,Wire,5006.77,United States,Gaming,62,High,Geo Anomaly,DEV6447,CP10411,Confirmed Fraud
FRD00208,TX303531,CUST20471,2026-08-30 11:41:00,P2P,8420.33,United States,Luxury,67,High,Account Takeover,DEV1627,CP11473,False Positive
FRD00209,TX303566,CUST20236,2026-02-15 10:40:00,Wire,4522.4,United Arab Emirates,Luxury,100,Critical,Geo Anomaly,DEV3354,CP12972,False Positive
FRD00210,TX303575,CUST20632,2026-06-17 21:09:00,Card,13487.42,Canada,Grocery,81,Critical,Unusual Amount,DEV4507,CP11043,Escalated
FRD00211,TX303590,CUST20363,2026-08-15 10:38:00,P2P,1601.5,India,Retail,73,High,Rapid Fund Movement,DEV7298,CP11474,Pending
FRD00212,TX303596,CUST20674,2026-05-30 01:49:00,ACH,5011.77,Mexico,Retail,68,High,Unusual Amount,DEV7656,CP10955,False Positive
FRD00213,TX303602,CUST20355,2026-02-10 18:31:00,ACH,8109.06,Turkey,Crypto Exchange,67,High,Unusual Amount,DEV2660,CP14485,False Positive
FRD00214,TX303619,CUST20701,2026-06-03 03:19:00,ACH,1383.34,Nigeria,Gaming,80,Critical,Geo Anomaly,DEV5990,CP14710,Escalated
FRD00215,TX303623,CUST20139,2026-02-28 03:20:00,Wire,8043.03,United States,Services,62,High,Unusual Amount,DEV5950,CP14985,Confirmed Fraud
FRD00216,TX303649,CUST20240,2026-08-04 03:39:00,Card,4795.53,United Kingdom,Luxury,70,High,Unusual Amount,DEV2495,CP11133,Escalated
FRD00217,TX303652,CUST20606,2026-07-19 13:25:00,Wire,2989.58,United States,Luxury,78,High,Unusual Amount,DEV2805,CP15689,Escalated
FRD00218,TX303695,CUST20405,2026-08-27 19:58:00,P2P,9361.7,Mexico,Electronics,75,High,Unusual Amount,DEV7677,CP13522,Pending
FRD00219,TX303703,CUST20430,2026-06-10 17:56:00,P2P,5521.89,Canada,Crypto Exchange,65,High,Geo Anomaly,DEV5160,CP12997,Escalated
FRD00220,TX303706,CUST20422,2026-07-02 15:11:00,Wire,18246.67,Canada,Fuel,76,High,Unusual Amount,DEV5589,CP11504,False Positive
FRD00221,TX303773,CUST20700,2026-07-30 18:23:00,ACH,118524.99,Nigeria,Fuel,100,Critical,Unusual Amount,DEV2051,CP10504,Pending
FRD00222,TX303785,CUST20549,2026-08-20 04:31:00,Wire,8265.38,United States,Gaming,65,High,Unusual Amount,DEV3803,CP14877,False Positive
FRD00223,TX303842,CUST20101,2026-03-22 04:08:00,ATM,7928.13,United States,Fuel,99,Critical,Velocity Spike,DEV1359,CP10820,Pending
FRD00224,TX303870,CUST20233,2026-02-01 18:46:00,P2P,9971.76,United States,Luxury,75,High,Unusual Amount,DEV3990,CP13311,Escalated
FRD00225,TX303883,CUST20318,2026-08-03 10:40:00,Wire,7554.93,United States,Crypto Exchange,65,High,Geo Anomaly,DEV5032,CP12200,Pending
FRD00226,TX303916,CUST20512,2026-07-14 07:04:00,Card,12377.8,India,Grocery,64,High,Unusual Amount,DEV3058,CP13598,Pending
FRD00227,TX303928,CUST20708,2026-07-19 00:27:00,Card,1066.61,United Kingdom,Fuel,67,High,Account Takeover,DEV1950,CP10340,False Positive
FRD00228,TX303946,CUST20503,2026-04-22 00:05:00,Cash Deposit,6120.75,United Kingdom,Retail,64,High,Unusual Amount,DEV2126,CP12556,Escalated
FRD00229,TX303971,CUST20349,2026-05-04 10:20:00,Wire,5927.0,India,Fuel,73,High,Unusual Amount,DEV3386,CP11985,Pending
FRD00230,TX303995,CUST20237,2026-07-01 06:52:00,Card,2985.5,United States,Fuel,70,High,Repeated Counterparty,DEV5689,CP99999,False Positive
FRD00231,TX304011,CUST20164,2026-02-24 16:13:00,Card,4412.92,Turkey,Services,66,High,Geo Anomaly,DEV7141,CP12453,Escalated
FRD00232,TX304079,CUST20020,2026-04-17 17:43:00,P2P,454.6,United States,Crypto Exchange,78,High,Velocity Spike,DEV6567,CP11915,Pending
FRD00233,TX304083,CUST20427,2026-01-27 08:01:00,ACH,5908.05,United Kingdom,Crypto Exchange,100,Critical,Rapid Fund Movement,DEV5895,CP13742,Confirmed Fraud
FRD00234,TX304104,CUST20033,2026-05-01 01:48:00,Cash Deposit,6588.45,Canada,Retail,66,High,Unusual Amount,DEV2279,CP13914,Pending
FRD00235,TX304108,CUST20048,2026-01-04 23:39:00,Card,11793.62,United States,Travel,64,High,Unusual Amount,DEV7948,CP10540,False Positive
FRD00236,TX304132,CUST20104,2026-01-16 14:25:00,ACH,11755.17,United Kingdom,Retail,86,Critical,Repeated Counterparty,DEV2443,CP99999,Pending
FRD00237,TX304140,CUST20323,2026-06-19 13:11:00,Cash Deposit,39651.33,United States,Retail,87,Critical,Unusual Amount,DEV2814,CP10219,Pending
FRD00238,TX304158,CUST20582,2026-06-24 03:15:00,P2P,11813.56,United States,Retail,76,High,Unusual Amount,DEV2648,CP13865,False Positive
FRD00239,TX304160,CUST20005,2026-04-01 04:59:00,Card,3527.42,Turkey,Grocery,67,High,Repeated Counterparty,DEV5865,CP99999,False Positive
FRD00240,TX304169,CUST20014,2026-03-03 03:41:00,P2P,282.28,Nigeria,Travel,67,High,Account Takeover,DEV3354,CP10849,Pending
FRD00241,TX304175,CUST20653,2026-07-12 08:54:00,Cash Deposit,10678.34,United States,Electronics,62,High,Unusual Amount,DEV1488,CP15928,Escalated
FRD00242,TX304179,CUST20629,2026-05-19 21:05:00,Wire,13348.14,Mexico,Crypto Exchange,69,High,Unusual Amount,DEV1040,CP12906,Confirmed Fraud
FRD00243,TX304186,CUST20627,2026-08-13 06:23:00,ATM,5949.01,United States,Travel,61,High,Unusual Amount,DEV7603,CP15547,False Positive
FRD00244,TX304196,CUST20155,2026-07-29 21:13:00,Wire,1463.43,United States,Grocery,62,High,Velocity Spike,DEV1855,CP15044,Pending
FRD00245,TX304201,CUST20102,2026-05-17 07:42:00,ACH,12902.66,Canada,Grocery,69,High,Unusual Amount,DEV4226,CP12995,Confirmed Fraud
FRD00246,TX304209,CUST20219,2026-02-21 16:02:00,P2P,92643.92,United Kingdom,Fuel,100,Critical,Unusual Amount,DEV6145,CP12815,Escalated
FRD00247,TX304210,CUST20540,2026-09-01 02:54:00,Wire,12489.35,United States,Gaming,63,High,Unusual Amount,DEV1683,CP12760,Pending
FRD00248,TX304229,CUST20230,2026-02-14 05:56:00,Wire,28218.85,United States,Luxury,63,High,Unusual Amount,DEV5395,CP11298,False Positive
FRD00249,TX304253,CUST20104,2026-03-28 11:47:00,Wire,3839.56,United States,Services,66,High,Unusual Amount,DEV5351,CP13155,Pending
FRD00250,TX304255,CUST20691,2026-02-10 21:54:00,Card,10838.74,United Kingdom,Luxury,73,High,Unusual Amount,DEV2179,CP15751,Pending
FRD00251,TX304266,CUST20701,2026-09-03 14:41:00,Wire,2217.53,United States,Gaming,68,High,Unusual Amount,DEV7447,CP10645,False Positive
FRD00252,TX304294,CUST20104,2026-07-26 03:01:00,Card,7546.55,Nigeria,Fuel,98,Critical,Repeated Counterparty,DEV6252,CP99999,Confirmed Fraud
FRD00253,TX304295,CUST20345,2026-03-18 07:47:00,P2P,9704.16,United States,Travel,100,Critical,Unusual Amount,DEV6137,CP13328,Escalated
FRD00254,TX304332,CUST20546,2026-08-13 01:19:00,P2P,505.65,United Kingdom,Services,71,High,Account Takeover,DEV3090,CP12934,Confirmed Fraud
FRD00255,TX304349,CUST20030,2026-08-11 06:55:00,P2P,591.01,United Arab Emirates,Electronics,76,High,Rapid Fund Movement,DEV4045,CP15386,Escalated
FRD00256,TX304389,CUST20037,2026-06-02 03:05:00,P2P,6214.11,United States,Crypto Exchange,70,High,Velocity Spike,DEV3497,CP13889,False Positive
FRD00257,TX304391,CUST20663,2026-01-27 14:19:00,Card,8371.9,United Kingdom,Fuel,63,High,Unusual Amount,DEV4612,CP10722,Escalated
FRD00258,TX304413,CUST20622,2026-03-21 03:43:00,Card,8276.0,United States,Fuel,60,High,Unusual Amount,DEV3452,CP13275,False Positive
FRD00259,TX304444,CUST20343,2026-04-30 14:47:00,ACH,7359.4,Brazil,Gaming,100,Critical,Velocity Spike,DEV6716,CP13196,Pending
FRD00260,TX304463,CUST20335,2026-01-31 09:32:00,Wire,521.39,Canada,Gaming,60,High,Repeated Counterparty,DEV3557,CP99999,Pending
FRD00261,TX304472,CUST20401,2026-01-23 21:21:00,Check,10198.32,India,Travel,81,Critical,Unusual Amount,DEV3503,CP13647,False Positive
FRD00262,TX304481,CUST20736,2026-06-15 11:03:00,Wire,14025.43,United States,Gaming,73,High,Unusual Amount,DEV6021,CP15473,False Positive
FRD00263,TX304490,CUST20264,2026-04-29 11:42:00,Card,11371.94,Brazil,Luxury,74,High,Unusual Amount,DEV2683,CP14697,Escalated
FRD00264,TX304491,CUST20417,2026-06-09 00:56:00,P2P,19958.45,United States,Electronics,69,High,Unusual Amount,DEV1293,CP14689,Pending
FRD00265,TX304528,CUST20553,2026-08-16 22:01:00,Wire,1437.16,Mexico,Fuel,66,High,Rapid Fund Movement,DEV2208,CP12146,Escalated
FRD00266,TX304547,CUST20502,2026-07-14 03:32:00,Card,9902.02,United States,Grocery,100,Critical,Unusual Amount,DEV1950,CP14510,Pending
FRD00267,TX304620,CUST20107,2026-03-11 06:53:00,Card,48134.12,United Kingdom,Crypto Exchange,100,Critical,Unusual Amount,DEV7919,CP15344,Escalated
FRD00268,TX304622,CUST20508,2026-03-03 19:21:00,Wire,33440.7,United States,Gaming,100,Critical,Unusual Amount,DEV2907,CP14177,Pending
FRD00269,TX304623,CUST20674,2026-07-04 03:18:00,ATM,4398.23,United Kingdom,Luxury,69,High,Unusual Amount,DEV2209,CP12123,False Positive
FRD00270,TX304638,CUST20443,2026-09-09 10:51:00,Wire,9633.84,United States,Luxury,64,High,Unusual Amount,DEV7778,CP11548,Pending
FRD00271,TX304645,CUST20367,2026-07-22 07:05:00,P2P,18449.81,Turkey,Luxury,62,High,Unusual Amount,DEV4267,CP12245,Pending
FRD00272,TX304649,CUST20265,2026-04-09 09:22:00,Card,9834.05,United States,Crypto Exchange,61,High,Unusual Amount,DEV3918,CP13503,Escalated
FRD00273,TX304651,CUST20657,2026-05-12 08:58:00,Wire,2117.13,India,Crypto Exchange,84,Critical,Unusual Amount,DEV3717,CP14141,False Positive
FRD00274,TX304696,CUST20159,2026-01-17 18:36:00,ACH,12663.78,Canada,Gaming,66,High,Unusual Amount,DEV4632,CP15809,False Positive
FRD00275,TX304732,CUST20309,2026-04-01 19:00:00,Card,382.49,United Arab Emirates,Crypto Exchange,71,High,Geo Anomaly,DEV7711,CP12054,False Positive
FRD00276,TX304747,CUST20301,2026-01-04 03:21:00,P2P,358.22,United States,Fuel,76,High,Rapid Fund Movement,DEV6793,CP15063,False Positive
FRD00277,TX304764,CUST20449,2026-05-21 10:41:00,P2P,3187.23,United States,Luxury,64,High,Account Takeover,DEV5051,CP11606,Escalated
FRD00278,TX304790,CUST20361,2026-07-09 12:30:00,ACH,28242.96,Nigeria,Retail,100,Critical,Unusual Amount,DEV7900,CP10962,False Positive
FRD00279,TX304809,CUST20539,2026-07-02 16:43:00,P2P,2079.4,Canada,Retail,66,High,Unusual Amount,DEV2571,CP10085,Escalated
FRD00280,TX304843,CUST20642,2026-02-04 16:52:00,P2P,423.56,India,Grocery,86,Critical,Account Takeover,DEV7771,CP13761,Pending
FRD00281,TX304845,CUST20328,2026-06-11 11:09:00,Wire,137.7,United Arab Emirates,Fuel,76,High,Rapid Fund Movement,DEV6289,CP10614,Confirmed Fraud
FRD00282,TX304863,CUST20672,2026-08-07 15:27:00,Card,943.8,Nigeria,Crypto Exchange,70,High,Geo Anomaly,DEV2406,CP12942,Pending
FRD00283,TX304864,CUST20218,2026-03-10 06:20:00,Card,3860.32,United States,Luxury,62,High,Velocity Spike,DEV7210,CP12627,Escalated
FRD00284,TX304930,CUST20337,2026-07-19 13:22:00,ATM,2147.69,United States,Travel,62,High,Unusual Amount,DEV5037,CP12089,Pending
FRD00285,TX304933,CUST20655,2026-04-15 00:13:00,P2P,13896.58,United States,Gaming,83,Critical,Unusual Amount,DEV3080,CP13601,Escalated
FRD00286,TX304935,CUST20671,2026-01-05 06:32:00,ACH,726.07,Turkey,Luxury,69,High,Geo Anomaly,DEV7227,CP13057,Confirmed Fraud
FRD00287,TX304949,CUST20459,2026-03-08 20:45:00,P2P,9652.79,Brazil,Electronics,100,Critical,Rapid Fund Movement,DEV3101,CP15779,Confirmed Fraud
FRD00288,TX304972,CUST20144,2026-04-06 01:29:00,Card,7665.76,Brazil,Crypto Exchange,77,High,Unusual Amount,DEV2665,CP10721,Pending
FRD00289,TX304973,CUST20667,2026-05-06 19:46:00,Card,10485.11,Canada,Grocery,63,High,Unusual Amount,DEV7348,CP12577,Confirmed Fraud
FRD00290,TX305007,CUST20663,2026-03-24 20:53:00,ACH,338.34,Nigeria,Gaming,64,High,Geo Anomaly,DEV5852,CP12298,False Positive
FRD00291,TX305041,CUST20020,2026-04-03 06:35:00,ACH,3270.74,Canada,Services,60,High,Rapid Fund Movement,DEV4351,CP13841,Pending
FRD00292,TX305053,CUST20237,2026-09-10 11:21:00,ACH,6408.08,United States,Luxury,73,High,Unusual Amount,DEV5124,CP15971,Pending
FRD00293,TX305066,CUST20097,2026-05-14 06:02:00,Card,6915.43,India,Retail,63,High,Unusual Amount,DEV6246,CP12997,Escalated
FRD00294,TX305095,CUST20120,2026-03-10 01:44:00,ATM,4864.68,United States,Crypto Exchange,65,High,Unusual Amount,DEV4029,CP10101,Pending
FRD00295,TX305098,CUST20102,2026-08-22 08:44:00,Card,50224.0,United States,Gaming,100,Critical,Unusual Amount,DEV1450,CP10976,False Positive
FRD00296,TX305117,CUST20433,2026-01-03 22:25:00,Card,338.17,United States,Crypto Exchange,62,High,Account Takeover,DEV7123,CP10673,Pending
FRD00297,TX305124,CUST20306,2026-07-20 21:03:00,P2P,14195.72,Canada,Gaming,62,High,Geo Anomaly,DEV5136,CP14512,Escalated
FRD00298,TX305149,CUST20247,2026-08-25 04:22:00,ACH,2531.67,Mexico,Travel,70,High,Unusual Amount,DEV6422,CP12109,Pending
FRD00299,TX305168,CUST20217,2026-07-14 08:23:00,Card,6316.77,Mexico,Fuel,66,High,Unusual Amount,DEV5011,CP14398,Confirmed Fraud
FRD00300,TX305193,CUST20472,2026-04-19 05:42:00,Card,7639.05,United States,Retail,62,High,Unusual Amount,DEV6993,CP14556,Confirmed Fraud
FRD00301,TX305196,CUST20208,2026-08-30 07:51:00,ACH,11602.65,Mexico,Luxury,70,High,Unusual Amount,DEV4963,CP15014,Escalated
FRD00302,TX305210,CUST20733,2026-03-10 07:35:00,ATM,20185.54,Nigeria,Retail,96,Critical,Unusual Amount,DEV6684,CP12329,Escalated
FRD00303,TX305226,CUST20708,2026-04-14 01:18:00,ACH,36655.06,India,Luxury,100,Critical,Unusual Amount,DEV5482,CP14990,False Positive
FRD00304,TX305243,CUST20457,2026-01-27 12:55:00,Card,12516.25,India,Gaming,63,High,Unusual Amount,DEV3102,CP11331,Pending
FRD00305,TX305259,CUST20101,2026-08-15 20:07:00,Card,9875.02,Mexico,Luxury,72,High,Unusual Amount,DEV7531,CP14119,Escalated
FRD00306,TX305263,CUST20097,2026-02-06 15:39:00,P2P,7217.35,United Arab Emirates,Retail,60,High,Unusual Amount,DEV7667,CP14646,Escalated
FRD00307,TX305301,CUST20656,2026-07-08 09:27:00,Wire,10438.01,United States,Travel,73,High,Unusual Amount,DEV1779,CP14907,Escalated
FRD00308,TX305330,CUST20119,2026-04-21 03:24:00,P2P,14611.25,United States,Grocery,65,High,Unusual Amount,DEV6483,CP14390,False Positive
FRD00309,TX305335,CUST20061,2026-06-08 23:08:00,Card,16238.45,United States,Gaming,70,High,Unusual Amount,DEV1685,CP12566,Pending
FRD00310,TX305347,CUST20115,2026-08-13 04:14:00,ATM,15415.43,India,Travel,63,High,Unusual Amount,DEV3728,CP11692,Confirmed Fraud
FRD00311,TX305349,CUST20169,2026-01-24 16:13:00,ACH,8711.28,Nigeria,Luxury,73,High,Unusual Amount,DEV1399,CP14647,Pending
FRD00312,TX305353,CUST20439,2026-06-23 06:21:00,Card,9727.53,United States,Fuel,61,High,Unusual Amount,DEV3939,CP10634,Pending
FRD00313,TX305365,CUST20427,2026-02-20 20:05:00,Card,5895.55,United States,Luxury,64,High,Unusual Amount,DEV4346,CP15223,Escalated
FRD00314,TX305440,CUST20185,2026-05-27 06:56:00,Wire,3660.66,United States,Luxury,65,High,Geo Anomaly,DEV6711,CP15116,Pending
FRD00315,TX305448,CUST20296,2026-05-30 04:12:00,P2P,9741.55,United States,Fuel,60,High,Unusual Amount,DEV5204,CP14672,Pending
FRD00316,TX305475,CUST20163,2026-08-20 15:06:00,P2P,5334.41,United States,Grocery,67,High,Unusual Amount,DEV6903,CP11136,Pending
FRD00317,TX305484,CUST20163,2026-02-26 06:31:00,Card,4993.8,United States,Retail,70,High,Unusual Amount,DEV7746,CP11089,False Positive
FRD00318,TX305516,CUST20549,2026-07-15 00:10:00,ATM,7547.06,Brazil,Gaming,73,High,Unusual Amount,DEV6169,CP13896,Escalated
FRD00319,TX305541,CUST20389,2026-05-18 20:30:00,Card,3420.28,United States,Retail,67,High,Account Takeover,DEV5728,CP15910,Confirmed Fraud
FRD00320,TX305550,CUST20009,2026-04-08 03:12:00,Card,11518.94,Turkey,Luxury,62,High,Unusual Amount,DEV7633,CP12167,False Positive
FRD00321,TX305573,CUST20008,2026-08-09 21:13:00,P2P,6400.44,Canada,Gaming,67,High,Unusual Amount,DEV4502,CP13084,False Positive
FRD00322,TX305576,CUST20099,2026-05-20 22:59:00,P2P,395.57,Nigeria,Gaming,76,High,Rapid Fund Movement,DEV2054,CP13161,Escalated
FRD00323,TX305605,CUST20539,2026-07-20 02:18:00,Card,1860.39,United Kingdom,Fuel,64,High,Unusual Amount,DEV7925,CP15474,Confirmed Fraud
FRD00324,TX305609,CUST20612,2026-05-14 15:15:00,Card,3340.34,United States,Retail,62,High,Unusual Amount,DEV5295,CP12915,False Positive
FRD00325,TX305632,CUST20502,2026-06-24 11:35:00,Card,15886.64,United States,Grocery,100,Critical,Account Takeover,DEV7994,CP10421,Pending
FRD00326,TX305642,CUST20035,2026-05-23 23:32:00,Card,17561.17,United Kingdom,Electronics,100,Critical,Account Takeover,DEV2323,CP10823,Escalated
FRD00327,TX305668,CUST20018,2026-08-03 02:08:00,Card,7773.84,Turkey,Services,64,High,Unusual Amount,DEV1936,CP10673,False Positive
FRD00328,TX305669,CUST20725,2026-06-12 18:53:00,Wire,8498.05,United States,Electronics,66,High,Unusual Amount,DEV6174,CP15339,Pending
FRD00329,TX305676,CUST20417,2026-02-10 22:35:00,ACH,2564.74,Turkey,Travel,61,High,Geo Anomaly,DEV1050,CP13837,False Positive
FRD00330,TX305696,CUST20183,2026-03-02 17:47:00,Card,64610.52,United States,Grocery,100,Critical,Unusual Amount,DEV2454,CP15027,Pending
FRD00331,TX305720,CUST20399,2026-05-22 15:59:00,Wire,16079.41,United States,Travel,100,Critical,Unusual Amount,DEV7657,CP15419,False Positive
FRD00332,TX305722,CUST20418,2026-04-20 21:52:00,P2P,1882.98,Turkey,Fuel,71,High,Account Takeover,DEV4770,CP14855,Pending
FRD00333,TX305756,CUST20720,2026-04-17 14:49:00,Cash Deposit,17100.47,Mexico,Electronics,69,High,Unusual Amount,DEV5702,CP11497,Pending
FRD00334,TX305763,CUST20348,2026-05-27 05:33:00,Card,33565.25,United Kingdom,Grocery,100,Critical,Unusual Amount,DEV3867,CP15164,False Positive
FRD00335,TX305787,CUST20210,2026-06-12 10:02:00,P2P,280.25,United States,Crypto Exchange,68,High,Rapid Fund Movement,DEV2952,CP13212,False Positive
FRD00336,TX305789,CUST20040,2026-06-19 23:06:00,Card,763.99,Nigeria,Crypto Exchange,63,High,Geo Anomaly,DEV2595,CP11203,Escalated
FRD00337,TX305798,CUST20511,2026-05-18 18:01:00,Cash Deposit,25460.06,United States,Fuel,100,Critical,Unusual Amount,DEV6523,CP15532,Escalated
FRD00338,TX305838,CUST20343,2026-06-17 19:55:00,Wire,7278.04,United States,Luxury,70,High,Unusual Amount,DEV4674,CP14329,False Positive
FRD00339,TX305844,CUST20054,2026-04-09 20:02:00,Card,10841.18,United States,Crypto Exchange,68,High,Unusual Amount,DEV3450,CP10382,False Positive
FRD00340,TX305868,CUST20710,2026-04-04 15:55:00,Card,39570.96,Nigeria,Luxury,100,Critical,Unusual Amount,DEV4779,CP11124,False Positive
FRD00341,TX305876,CUST20713,2026-03-08 04:17:00,P2P,2788.09,United States,Gaming,80,Critical,Account Takeover,DEV5193,CP15586,Escalated
FRD00342,TX305881,CUST20684,2026-05-19 13:11:00,P2P,3582.73,Canada,Crypto Exchange,64,High,Rapid Fund Movement,DEV5367,CP15544,Escalated
FRD00343,TX305905,CUST20240,2026-04-24 18:34:00,ACH,13476.43,United States,Luxury,65,High,Unusual Amount,DEV6481,CP14302,False Positive
FRD00344,TX305946,CUST20042,2026-04-27 23:20:00,ATM,9330.13,India,Crypto Exchange,94,Critical,Velocity Spike,DEV4161,CP11162,Escalated
FRD00345,TX305950,CUST20617,2026-04-22 07:10:00,Cash Deposit,3871.05,United States,Luxury,62,High,Velocity Spike,DEV6828,CP11609,Escalated
FRD00346,TX305965,CUST20371,2026-02-28 10:43:00,Card,3928.11,United States,Luxury,63,High,Unusual Amount,DEV4899,CP14435,Confirmed Fraud
FRD00347,TX305974,CUST20736,2026-05-29 23:28:00,Wire,2802.07,United States,Crypto Exchange,75,High,Unusual Amount,DEV6616,CP13085,False Positive
FRD00348,TX305988,CUST20307,2026-01-17 12:57:00,Cash Deposit,3742.34,United Kingdom,Crypto Exchange,64,High,Unusual Amount,DEV1166,CP11751,False Positive
FRD00349,TX306010,CUST20601,2026-01-10 14:24:00,Card,2025.71,Turkey,Retail,60,High,Geo Anomaly,DEV3902,CP14530,Escalated
FRD00350,TX306019,CUST20471,2026-04-28 23:51:00,ACH,22296.87,Mexico,Crypto Exchange,84,Critical,Unusual Amount,DEV2343,CP12703,Pending
FRD00351,TX306064,CUST20620,2026-08-02 07:19:00,Card,4590.78,United Kingdom,Gaming,75,High,Unusual Amount,DEV2578,CP12392,Pending
FRD00352,TX306122,CUST20345,2026-04-23 01:03:00,P2P,4360.64,United States,Gaming,79,High,Unusual Amount,DEV4656,CP12288,Pending
FRD00353,TX306146,CUST20577,2026-04-07 16:49:00,ACH,11377.91,United Kingdom,Grocery,91,Critical,Unusual Amount,DEV7314,CP10408,Pending
FRD00354,TX306162,CUST20348,2026-01-11 09:07:00,Card,15902.53,Brazil,Crypto Exchange,75,High,Unusual Amount,DEV2049,CP15632,Escalated
FRD00355,TX306222,CUST20264,2026-06-15 06:44:00,ACH,11590.33,United States,Crypto Exchange,72,High,Unusual Amount,DEV4653,CP10582,False Positive
FRD00356,TX306248,CUST20578,2026-04-10 07:37:00,ATM,10741.16,Canada,Services,68,High,Unusual Amount,DEV7575,CP13752,False Positive
FRD00357,TX306295,CUST20181,2026-04-23 20:02:00,P2P,15091.13,Turkey,Retail,62,High,Unusual Amount,DEV4244,CP11034,Escalated
FRD00358,TX306303,CUST20481,2026-07-10 04:33:00,Cash Deposit,9659.11,Mexico,Gaming,100,Critical,Repeated Counterparty,DEV1951,CP99999,Confirmed Fraud
FRD00359,TX306306,CUST20362,2026-01-25 21:55:00,P2P,22652.36,Mexico,Luxury,64,High,Unusual Amount,DEV3931,CP11111,Confirmed Fraud
FRD00360,TX306307,CUST20631,2026-04-25 08:17:00,P2P,1688.18,Mexico,Gaming,70,High,Velocity Spike,DEV6901,CP15994,Pending
FRD00361,TX306325,CUST20747,2026-01-01 17:57:00,ACH,4966.23,Nigeria,Crypto Exchange,78,High,Rapid Fund Movement,DEV5186,CP15115,False Positive
FRD00362,TX306330,CUST20071,2026-08-08 08:09:00,Wire,13510.85,United States,Crypto Exchange,65,High,Unusual Amount,DEV4599,CP10024,Escalated
FRD00363,TX306335,CUST20702,2026-08-24 07:37:00,Card,2456.65,United States,Electronics,71,High,Account Takeover,DEV5029,CP12234,Escalated
FRD00364,TX306369,CUST20674,2026-01-09 20:39:00,ATM,11295.7,Mexico,Services,63,High,Unusual Amount,DEV2539,CP15556,Escalated
FRD00365,TX306391,CUST20348,2026-02-03 09:39:00,P2P,10597.44,Mexico,Services,69,High,Unusual Amount,DEV1474,CP14423,Pending
FRD00366,TX306401,CUST20741,2026-01-17 13:13:00,Wire,508.02,United States,Services,60,High,Rapid Fund Movement,DEV4138,CP12853,Pending
FRD00367,TX306419,CUST20457,2026-02-15 14:42:00,Check,10772.97,United States,Electronics,94,Critical,Unusual Amount,DEV7252,CP14643,Escalated
FRD00368,TX306432,CUST20082,2026-07-23 11:38:00,P2P,727.49,United States,Electronics,71,High,Velocity Spike,DEV6598,CP14364,Pending
FRD00369,TX306437,CUST20080,2026-02-07 08:48:00,ATM,4699.4,United Kingdom,Retail,60,High,Unusual Amount,DEV5551,CP13898,Pending
FRD00370,TX306462,CUST20398,2026-03-15 09:52:00,ACH,26452.6,Canada,Gaming,100,Critical,Unusual Amount,DEV1402,CP12266,Pending
FRD00371,TX306482,CUST20381,2026-06-11 09:48:00,Cash Deposit,2338.5,United Kingdom,Gaming,74,High,Unusual Amount,DEV6936,CP10805,Pending
FRD00372,TX306491,CUST20665,2026-01-08 17:15:00,Card,7088.94,United Arab Emirates,Fuel,69,High,Unusual Amount,DEV3438,CP10532,Escalated
FRD00373,TX306504,CUST20406,2026-07-13 16:25:00,P2P,24804.19,Nigeria,Grocery,69,High,Unusual Amount,DEV1320,CP11896,Escalated
FRD00374,TX306507,CUST20304,2026-03-03 06:56:00,Card,59139.06,Mexico,Grocery,100,Critical,Unusual Amount,DEV5637,CP14804,Pending
FRD00375,TX306510,CUST20160,2026-03-10 19:51:00,Card,13576.91,United States,Grocery,63,High,Unusual Amount,DEV7800,CP10402,False Positive
FRD00376,TX306514,CUST20261,2026-02-01 03:00:00,ATM,15259.99,Nigeria,Fuel,100,Critical,Unusual Amount,DEV2909,CP10491,Pending
FRD00377,TX306535,CUST20397,2026-07-30 09:50:00,ACH,5755.76,United States,Retail,97,Critical,Rapid Fund Movement,DEV6486,CP15008,Confirmed Fraud
FRD00378,TX306537,CUST20412,2026-08-15 18:42:00,Wire,15662.0,India,Grocery,100,Critical,Unusual Amount,DEV2322,CP10526,Pending
FRD00379,TX306548,CUST20374,2026-02-12 21:14:00,P2P,1484.99,United Arab Emirates,Gaming,75,High,Geo Anomaly,DEV1403,CP13873,Pending
FRD00380,TX306557,CUST20495,2026-07-06 01:48:00,Cash Deposit,41668.71,India,Gaming,68,High,Unusual Amount,DEV7491,CP11653,Escalated
FRD00381,TX306562,CUST20440,2026-08-12 06:35:00,Card,3897.29,United States,Services,60,High,Unusual Amount,DEV3694,CP10994,Pending
FRD00382,TX306585,CUST20545,2026-03-11 05:22:00,Card,17013.03,Canada,Luxury,62,High,Unusual Amount,DEV3549,CP12674,False Positive
FRD00383,TX306589,CUST20351,2026-05-13 18:53:00,P2P,119.8,Turkey,Crypto Exchange,68,High,Geo Anomaly,DEV4698,CP10173,Escalated
FRD00384,TX306625,CUST20423,2026-01-28 17:30:00,Card,251.62,Turkey,Retail,62,High,Geo Anomaly,DEV1706,CP14310,Pending
FRD00385,TX306636,CUST20358,2026-04-09 05:50:00,ATM,38133.63,United States,Grocery,94,Critical,Unusual Amount,DEV4556,CP15616,Escalated
FRD00386,TX306666,CUST20506,2026-01-09 05:59:00,P2P,10075.37,Brazil,Luxury,96,Critical,Unusual Amount,DEV3363,CP10226,Escalated
FRD00387,TX306696,CUST20183,2026-05-17 06:45:00,ATM,16044.5,United States,Gaming,69,High,Unusual Amount,DEV5679,CP14989,Escalated
FRD00388,TX306705,CUST20071,2026-05-30 05:53:00,Wire,8154.81,United States,Gaming,100,Critical,Velocity Spike,DEV1790,CP14374,Confirmed Fraud
FRD00389,TX306756,CUST20400,2026-01-09 18:30:00,Card,13217.63,United States,Services,61,High,Unusual Amount,DEV4396,CP10449,Confirmed Fraud
FRD00390,TX306760,CUST20712,2026-08-24 19:44:00,ATM,66647.62,Canada,Gaming,100,Critical,Unusual Amount,DEV5398,CP15852,Pending
FRD00391,TX306777,CUST20348,2026-01-21 13:08:00,Card,8719.07,United States,Retail,96,Critical,Velocity Spike,DEV5882,CP11154,False Positive
FRD00392,TX306844,CUST20214,2026-04-13 21:35:00,Wire,1267.72,Canada,Electronics,69,High,Velocity Spike,DEV5625,CP15797,Escalated
FRD00393,TX306848,CUST20545,2026-08-24 11:15:00,P2P,8255.48,United States,Luxury,68,High,Unusual Amount,DEV1306,CP10385,Confirmed Fraud
FRD00394,TX306898,CUST20547,2026-05-15 14:34:00,Wire,2529.97,United States,Crypto Exchange,84,Critical,Repeated Counterparty,DEV2392,CP99999,False Positive
FRD00395,TX306921,CUST20645,2026-02-06 00:34:00,Card,2674.35,Brazil,Travel,61,High,Velocity Spike,DEV2457,CP12457,False Positive
FRD00396,TX306955,CUST20290,2026-06-04 20:51:00,P2P,147265.62,United Arab Emirates,Crypto Exchange,100,Critical,Unusual Amount,DEV5308,CP11800,Pending
FRD00397,TX306987,CUST20489,2026-05-29 17:01:00,Wire,16922.62,United States,Services,90,Critical,Unusual Amount,DEV1745,CP12478,False Positive
FRD00398,TX307003,CUST20491,2026-08-07 22:39:00,Wire,6465.44,United States,Luxury,72,High,Unusual Amount,DEV3614,CP13065,Pending
FRD00399,TX307016,CUST20160,2026-09-09 10:46:00,Card,87980.23,United States,Gaming,100,Critical,Unusual Amount,DEV6689,CP10535,Pending
FRD00400,TX307068,CUST20497,2026-01-06 18:18:00,Card,2958.93,United States,Grocery,72,High,Account Takeover,DEV1662,CP10341,Escalated
FRD00401,TX307070,CUST20174,2026-02-08 08:55:00,Wire,5805.3,United States,Services,67,High,Unusual Amount,DEV1287,CP13599,Pending
FRD00402,TX307105,CUST20658,2026-09-10 22:56:00,Wire,3494.39,Mexico,Fuel,72,High,Unusual Amount,DEV3725,CP11429,Pending
FRD00403,TX307131,CUST20263,2026-06-01 21:30:00,Cash Deposit,11792.53,Nigeria,Electronics,60,High,Unusual Amount,DEV1528,CP10271,Confirmed Fraud
FRD00404,TX307155,CUST20176,2026-05-07 07:38:00,Wire,12065.64,United States,Travel,65,High,Unusual Amount,DEV1551,CP13551,Escalated
FRD00405,TX307157,CUST20430,2026-06-22 00:47:00,Wire,3118.64,Nigeria,Crypto Exchange,65,High,Geo Anomaly,DEV1134,CP10076,Pending
FRD00406,TX307214,CUST20360,2026-08-26 04:30:00,ACH,12825.33,Nigeria,Luxury,69,High,Unusual Amount,DEV1666,CP13049,Escalated
FRD00407,TX307225,CUST20011,2026-06-28 14:44:00,Wire,407.7,United States,Crypto Exchange,65,High,Rapid Fund Movement,DEV3419,CP11916,Pending
FRD00408,TX307229,CUST20456,2026-05-02 20:30:00,Check,7600.05,United States,Services,91,Critical,Unusual Amount,DEV1797,CP14498,Pending
FRD00409,TX307233,CUST20589,2026-08-14 12:22:00,Check,9292.04,Nigeria,Fuel,62,High,Unusual Amount,DEV4383,CP12678,Pending
FRD00410,TX307251,CUST20032,2026-06-09 04:31:00,Card,4848.79,United Arab Emirates,Gaming,73,High,Unusual Amount,DEV7981,CP11969,Escalated
FRD00411,TX307257,CUST20278,2026-03-05 04:27:00,ACH,6793.7,United States,Grocery,61,High,Velocity Spike,DEV6019,CP15852,Escalated
FRD00412,TX307272,CUST20119,2026-04-22 16:45:00,Cash Deposit,1521.61,United States,Retail,66,High,Velocity Spike,DEV5543,CP11443,False Positive
FRD00413,TX307386,CUST20677,2026-01-24 09:10:00,Cash Deposit,6449.11,United States,Gaming,68,High,Unusual Amount,DEV2116,CP10112,Pending
FRD00414,TX307409,CUST20326,2026-01-02 04:52:00,Card,9040.33,Canada,Gaming,100,Critical,Velocity Spike,DEV5524,CP13229,Pending
FRD00415,TX307422,CUST20296,2026-03-04 04:22:00,Check,5287.62,United States,Electronics,83,Critical,Unusual Amount,DEV2934,CP11319,Confirmed Fraud
FRD00416,TX307466,CUST20380,2026-01-29 09:01:00,P2P,7181.23,Nigeria,Gaming,68,High,Geo Anomaly,DEV5696,CP12078,False Positive
FRD00417,TX307470,CUST20045,2026-06-26 08:56:00,Card,16005.67,Brazil,Grocery,65,High,Unusual Amount,DEV2592,CP10231,Escalated
FRD00418,TX307475,CUST20314,2026-06-27 06:53:00,Card,3257.17,United States,Luxury,94,Critical,Velocity Spike,DEV7249,CP13162,False Positive
FRD00419,TX307477,CUST20671,2026-04-29 06:26:00,Wire,10967.25,United Kingdom,Luxury,61,High,Geo Anomaly,DEV1906,CP12785,False Positive
FRD00420,TX307482,CUST20651,2026-08-23 23:39:00,Card,1613.39,Turkey,Gaming,72,High,Account Takeover,DEV7852,CP10167,Escalated
FRD00421,TX307501,CUST20314,2026-06-28 05:10:00,Wire,10794.79,Nigeria,Fuel,100,Critical,Velocity Spike,DEV2294,CP11254,False Positive
FRD00422,TX307524,CUST20337,2026-07-19 19:36:00,ACH,2159.87,United Arab Emirates,Gaming,62,High,Unusual Amount,DEV3464,CP11179,Pending
FRD00423,TX307556,CUST20213,2026-07-10 14:56:00,Wire,19641.62,United States,Luxury,73,High,Unusual Amount,DEV5319,CP12358,False Positive
FRD00424,TX307585,CUST20237,2026-06-22 21:53:00,ATM,7947.16,United States,Luxury,77,High,Unusual Amount,DEV2695,CP12934,False Positive
FRD00425,TX307588,CUST20341,2026-01-23 14:48:00,Wire,2314.11,United Kingdom,Luxury,65,High,Geo Anomaly,DEV3581,CP13172,Escalated
FRD00426,TX307596,CUST20465,2026-09-10 00:06:00,Card,1870.65,Canada,Travel,79,High,Account Takeover,DEV6282,CP15707,Pending
FRD00427,TX307608,CUST20638,2026-02-15 19:40:00,P2P,19453.38,United States,Electronics,63,High,Unusual Amount,DEV7616,CP13566,False Positive
FRD00428,TX307609,CUST20108,2026-03-09 01:19:00,P2P,31338.61,United States,Services,96,Critical,Velocity Spike,DEV5485,CP14872,Confirmed Fraud
FRD00429,TX307611,CUST20461,2026-05-26 13:56:00,ACH,2179.86,United States,Fuel,61,High,Rapid Fund Movement,DEV7700,CP12628,Confirmed Fraud
FRD00430,TX307618,CUST20418,2026-09-09 09:58:00,P2P,8546.39,United Kingdom,Fuel,91,Critical,Unusual Amount,DEV5426,CP10133,False Positive
FRD00431,TX307625,CUST20066,2026-06-18 10:01:00,Wire,15661.97,Canada,Gaming,100,Critical,Unusual Amount,DEV6139,CP10835,Pending
FRD00432,TX307637,CUST20045,2026-08-12 13:15:00,Card,5071.12,United States,Retail,65,High,Unusual Amount,DEV2355,CP14447,Pending
FRD00433,TX307648,CUST20080,2026-03-24 14:31:00,Cash Deposit,20476.77,United States,Luxury,71,High,Unusual Amount,DEV3623,CP13398,Escalated
FRD00434,TX307658,CUST20195,2026-07-23 20:09:00,Card,1078.93,United States,Travel,65,High,Velocity Spike,DEV3165,CP12674,Pending
FRD00435,TX307699,CUST20079,2026-07-03 01:47:00,P2P,18204.57,Brazil,Luxury,100,Critical,Unusual Amount,DEV5019,CP12926,Pending
FRD00436,TX307719,CUST20547,2026-07-10 12:55:00,P2P,4301.43,United States,Grocery,96,Critical,Rapid Fund Movement,DEV4449,CP14018,Pending
FRD00437,TX307726,CUST20244,2026-02-10 23:16:00,P2P,17611.95,United Arab Emirates,Gaming,67,High,Unusual Amount,DEV3425,CP11250,Pending
FRD00438,TX307730,CUST20558,2026-06-14 09:46:00,P2P,11406.25,Brazil,Luxury,65,High,Geo Anomaly,DEV2391,CP12383,Pending
FRD00439,TX307731,CUST20014,2026-04-14 02:23:00,ACH,12740.59,United States,Luxury,67,High,Unusual Amount,DEV3300,CP14255,Pending
FRD00440,TX307746,CUST20086,2026-04-14 02:15:00,Card,704.39,United States,Gaming,72,High,Account Takeover,DEV4435,CP12780,False Positive
FRD00441,TX307755,CUST20611,2026-05-03 22:48:00,ATM,19382.8,Nigeria,Gaming,100,Critical,Unusual Amount,DEV7653,CP14647,False Positive
FRD00442,TX307761,CUST20255,2026-05-19 17:55:00,Card,1223.7,Turkey,Gaming,66,High,Geo Anomaly,DEV5676,CP15637,Pending
FRD00443,TX307766,CUST20611,2026-08-01 12:09:00,Wire,425.8,United Arab Emirates,Crypto Exchange,82,Critical,Rapid Fund Movement,DEV4485,CP11397,Escalated
FRD00444,TX307841,CUST20372,2026-02-24 05:22:00,P2P,22945.59,United States,Crypto Exchange,82,Critical,Unusual Amount,DEV6647,CP12427,False Positive
FRD00445,TX307846,CUST20443,2026-04-20 09:18:00,ATM,11482.25,Canada,Luxury,77,High,Unusual Amount,DEV3486,CP14582,Confirmed Fraud
FRD00446,TX307859,CUST20502,2026-02-10 17:03:00,Card,7422.76,United States,Travel,69,High,Unusual Amount,DEV3091,CP11920,False Positive
FRD00447,TX307871,CUST20737,2026-07-23 20:48:00,P2P,3823.23,United States,Grocery,63,High,Rapid Fund Movement,DEV7640,CP12246,False Positive
FRD00448,TX307882,CUST20326,2026-07-19 23:04:00,P2P,7617.28,United States,Luxury,77,High,Unusual Amount,DEV7962,CP14906,Pending
FRD00449,TX307911,CUST20611,2026-07-17 20:47:00,Card,4022.83,United States,Luxury,72,High,Unusual Amount,DEV3857,CP12936,Confirmed Fraud
FRD00450,TX307926,CUST20627,2026-07-26 15:19:00,Card,22559.44,United Kingdom,Gaming,100,Critical,Unusual Amount,DEV6429,CP11533,Pending
FRD00451,TX307943,CUST20262,2026-02-17 07:37:00,Card,17181.95,United States,Services,63,High,Unusual Amount,DEV1226,CP13858,Escalated
FRD00452,TX307955,CUST20580,2026-04-06 02:37:00,P2P,6330.44,United States,Gaming,80,Critical,Repeated Counterparty,DEV1585,CP99999,False Positive
FRD00453,TX307956,CUST20300,2026-07-08 20:32:00,Card,279.7,United Arab Emirates,Luxury,62,High,Geo Anomaly,DEV6632,CP10101,Pending
FRD00454,TX307959,CUST20213,2026-06-18 23:04:00,P2P,3909.41,United Arab Emirates,Fuel,67,High,Account Takeover,DEV7747,CP13373,Pending
FRD00455,TX307979,CUST20459,2026-02-26 10:10:00,Wire,28455.81,Turkey,Retail,67,High,Unusual Amount,DEV5200,CP13826,False Positive
FRD00456,TX307982,CUST20701,2026-08-10 01:26:00,P2P,5268.48,Nigeria,Retail,100,Critical,Geo Anomaly,DEV5666,CP10734,Confirmed Fraud
FRD00457,TX307990,CUST20600,2026-08-21 10:39:00,ATM,3252.3,Nigeria,Crypto Exchange,64,High,Repeated Counterparty,DEV7991,CP99999,Confirmed Fraud
FRD00458,TX307994,CUST20261,2026-07-19 10:23:00,Check,1424.36,India,Grocery,60,High,Velocity Spike,DEV1654,CP13155,False Positive
FRD00459,TX308049,CUST20080,2026-08-26 07:30:00,Check,8073.9,United States,Electronics,60,High,Unusual Amount,DEV4460,CP13429,Escalated
FRD00460,TX308056,CUST20457,2026-02-21 19:39:00,ACH,85438.2,United States,Gaming,93,Critical,Unusual Amount,DEV5574,CP10326,False Positive
FRD00461,TX308073,CUST20620,2026-01-21 11:08:00,Card,4643.98,United States,Grocery,100,Critical,Account Takeover,DEV6964,CP13978,Confirmed Fraud
FRD00462,TX308076,CUST20447,2026-02-11 21:38:00,ATM,4661.84,Canada,Retail,68,High,Unusual Amount,DEV3002,CP11484,Pending
FRD00463,TX308093,CUST20433,2026-03-28 06:27:00,ACH,219649.26,United Kingdom,Gaming,100,Critical,Unusual Amount,DEV1550,CP13639,False Positive
FRD00464,TX308101,CUST20213,2026-03-04 23:01:00,Card,23709.78,United States,Electronics,100,Critical,Unusual Amount,DEV2590,CP13166,Escalated
FRD00465,TX308103,CUST20667,2026-06-30 08:06:00,P2P,6375.49,Mexico,Electronics,62,High,Unusual Amount,DEV4940,CP13857,Pending
FRD00466,TX308107,CUST20367,2026-09-02 00:11:00,ACH,11200.63,Turkey,Grocery,100,Critical,Rapid Fund Movement,DEV7602,CP14466,Escalated
FRD00467,TX308117,CUST20488,2026-02-12 04:32:00,Check,12832.61,United States,Travel,66,High,Unusual Amount,DEV4664,CP14178,False Positive
FRD00468,TX308119,CUST20297,2026-05-30 08:12:00,P2P,3098.99,Turkey,Gaming,83,Critical,Rapid Fund Movement,DEV3081,CP13812,Pending
FRD00469,TX308128,CUST20159,2026-01-17 19:09:00,Wire,72521.1,Canada,Luxury,100,Critical,Unusual Amount,DEV4710,CP11833,Pending
FRD00470,TX308134,CUST20244,2026-07-02 15:04:00,Wire,8609.77,Turkey,Luxury,69,High,Unusual Amount,DEV4357,CP12956,Escalated
FRD00471,TX308204,CUST20385,2026-06-03 02:07:00,Check,6643.19,Canada,Electronics,61,High,Unusual Amount,DEV6517,CP10047,False Positive
FRD00472,TX308213,CUST20179,2026-06-28 08:12:00,Card,4443.86,Nigeria,Fuel,61,High,Velocity Spike,DEV1308,CP13383,False Positive
FRD00473,TX308289,CUST20330,2026-08-14 14:54:00,Card,4590.69,Brazil,Services,95,Critical,Account Takeover,DEV3669,CP11974,False Positive
FRD00474,TX308295,CUST20201,2026-08-06 21:49:00,P2P,21765.24,United States,Electronics,68,High,Unusual Amount,DEV6432,CP13382,Pending
FRD00475,TX308320,CUST20620,2026-03-22 05:40:00,Wire,3141.42,United States,Retail,64,High,Unusual Amount,DEV1437,CP11021,Escalated
FRD00476,TX308337,CUST20284,2026-05-24 19:23:00,ATM,336.02,Nigeria,Gaming,66,High,Repeated Counterparty,DEV7299,CP99999,Pending
FRD00477,TX308426,CUST20169,2026-02-17 08:32:00,ACH,38168.45,United States,Retail,61,High,Unusual Amount,DEV6080,CP15968,Escalated
FRD00478,TX308430,CUST20518,2026-03-24 20:23:00,Wire,3365.57,United States,Luxury,60,High,Geo Anomaly,DEV3818,CP13538,Pending
FRD00479,TX308450,CUST20260,2026-06-10 13:04:00,Check,3365.57,Canada,Travel,77,High,Velocity Spike,DEV7274,CP10015,Pending
FRD00480,TX308461,CUST20658,2026-01-26 13:24:00,Wire,11808.21,Turkey,Services,64,High,Unusual Amount,DEV4046,CP10440,Escalated
FRD00481,TX308465,CUST20475,2026-01-27 17:38:00,Card,32131.82,United States,Retail,70,High,Unusual Amount,DEV2493,CP10097,Escalated
FRD00482,TX308489,CUST20101,2026-06-23 05:24:00,Cash Deposit,11762.92,United States,Crypto Exchange,74,High,Unusual Amount,DEV2712,CP10065,Escalated
FRD00483,TX308498,CUST20681,2026-01-27 03:28:00,Card,17917.37,United Kingdom,Travel,61,High,Unusual Amount,DEV5665,CP10586,False Positive
FRD00484,TX308509,CUST20547,2026-05-11 08:16:00,ACH,2962.14,India,Gaming,77,High,Unusual Amount,DEV2017,CP12136,Escalated
FRD00485,TX308570,CUST20169,2026-06-24 16:27:00,Card,191.71,United States,Luxury,63,High,Velocity Spike,DEV6412,CP11850,Pending
FRD00486,TX308615,CUST20406,2026-08-07 07:46:00,P2P,9708.37,Turkey,Grocery,72,High,Unusual Amount,DEV6770,CP10858,Pending
FRD00487,TX308619,CUST20579,2026-07-14 07:18:00,Wire,1384.6,United States,Electronics,62,High,Rapid Fund Movement,DEV1020,CP10636,False Positive
FRD00488,TX308635,CUST20312,2026-07-21 14:17:00,P2P,27426.1,United Arab Emirates,Travel,60,High,Unusual Amount,DEV1248,CP15500,Pending
FRD00489,TX308640,CUST20156,2026-03-09 01:46:00,ACH,409.17,India,Retail,65,High,Velocity Spike,DEV7182,CP14633,False Positive
FRD00490,TX308645,CUST20704,2026-08-22 02:45:00,Card,7833.48,United Arab Emirates,Fuel,74,High,Geo Anomaly,DEV3977,CP14508,Escalated
FRD00491,TX308648,CUST20620,2026-05-14 09:02:00,Wire,2605.03,United States,Grocery,60,High,Unusual Amount,DEV2858,CP15308,Confirmed Fraud
FRD00492,TX308656,CUST20271,2026-08-30 11:11:00,Wire,1992.35,United States,Luxury,62,High,Repeated Counterparty,DEV1754,CP99999,False Positive
FRD00493,TX308686,CUST20283,2026-01-30 20:25:00,Card,2563.1,Turkey,Retail,65,High,Unusual Amount,DEV6980,CP10706,Escalated
FRD00494,TX308688,CUST20543,2026-09-03 14:58:00,Card,6362.34,United Kingdom,Luxury,83,Critical,Unusual Amount,DEV5950,CP14002,Escalated
FRD00495,TX308692,CUST20339,2026-07-15 11:31:00,P2P,3026.96,Turkey,Luxury,63,High,Unusual Amount,DEV6530,CP12987,Pending
FRD00496,TX308713,CUST20539,2026-04-14 12:30:00,Check,2492.29,Canada,Services,61,High,Unusual Amount,DEV6731,CP11198,False Positive
FRD00497,TX308783,CUST20035,2026-03-07 04:48:00,P2P,3593.47,United States,Gaming,67,High,Unusual Amount,DEV5764,CP15008,Escalated
FRD00498,TX308784,CUST20660,2026-02-25 20:59:00,ACH,1600.09,Turkey,Luxury,61,High,Geo Anomaly,DEV5348,CP13920,Pending
FRD00499,TX308812,CUST20372,2026-06-04 17:20:00,P2P,6399.66,United States,Services,97,Critical,Account Takeover,DEV6715,CP11409,Confirmed Fraud
FRD00500,TX308821,CUST20611,2026-05-10 23:45:00,Card,6423.38,United States,Retail,70,High,Unusual Amount,DEV3287,CP15800,Pending
FRD00501,TX308855,CUST20272,2026-06-16 01:22:00,ATM,26088.05,United States,Gaming,63,High,Unusual Amount,DEV5215,CP15501,Confirmed Fraud
FRD00502,TX308863,CUST20249,2026-08-29 04:18:00,ACH,31167.88,Turkey,Travel,100,Critical,Unusual Amount,DEV1253,CP14224,False Positive
FRD00503,TX308874,CUST20249,2026-04-02 16:41:00,ACH,4442.45,Nigeria,Grocery,62,High,Geo Anomaly,DEV1129,CP15723,False Positive
FRD00504,TX308878,CUST20401,2026-08-06 22:45:00,Wire,12039.3,Canada,Luxury,63,High,Unusual Amount,DEV1625,CP11537,False Positive
FRD00505,TX308882,CUST20406,2026-06-21 15:52:00,P2P,617.49,Turkey,Grocery,75,High,Rapid Fund Movement,DEV6995,CP11153,Pending
FRD00506,TX308904,CUST20048,2026-06-16 07:09:00,Wire,5878.63,Nigeria,Crypto Exchange,83,Critical,Unusual Amount,DEV3550,CP14624,Pending
FRD00507,TX308926,CUST20571,2026-07-23 14:23:00,P2P,7238.69,United States,Travel,83,Critical,Velocity Spike,DEV3685,CP13504,Pending
FRD00508,TX308933,CUST20622,2026-08-23 19:40:00,Card,12958.5,United Kingdom,Luxury,65,High,Unusual Amount,DEV7364,CP10827,Pending
FRD00509,TX308949,CUST20204,2026-08-21 20:32:00,Wire,1288.36,United States,Gaming,70,High,Rapid Fund Movement,DEV4503,CP12795,Confirmed Fraud
FRD00510,TX308963,CUST20575,2026-05-10 10:01:00,ACH,8431.29,United States,Fuel,60,High,Unusual Amount,DEV7943,CP13389,Escalated
FRD00511,TX308968,CUST20427,2026-06-10 21:47:00,Wire,9009.15,United States,Luxury,100,Critical,Unusual Amount,DEV7773,CP15242,Confirmed Fraud
FRD00512,TX308984,CUST20594,2026-08-23 14:00:00,Check,11578.84,United States,Luxury,60,High,Unusual Amount,DEV4768,CP11579,Confirmed Fraud
FRD00513,TX308991,CUST20119,2026-03-23 13:43:00,Card,25160.04,Canada,Fuel,94,Critical,Unusual Amount,DEV3251,CP15082,Confirmed Fraud
FRD00514,TX309001,CUST20371,2026-08-25 05:56:00,Check,3565.62,Brazil,Services,68,High,Unusual Amount,DEV4507,CP14477,Pending
FRD00515,TX309006,CUST20061,2026-04-22 07:51:00,Card,2317.54,United States,Grocery,86,Critical,Account Takeover,DEV4083,CP11888,Escalated
FRD00516,TX309035,CUST20080,2026-01-02 21:12:00,Card,4378.57,Mexico,Travel,67,High,Unusual Amount,DEV1092,CP12674,Pending
FRD00517,TX309046,CUST20397,2026-04-20 10:53:00,Wire,5229.54,Mexico,Services,67,High,Unusual Amount,DEV5069,CP12384,Escalated
FRD00518,TX309069,CUST20296,2026-06-23 22:18:00,P2P,6704.24,United States,Electronics,75,High,Repeated Counterparty,DEV1190,CP99999,Confirmed Fraud
FRD00519,TX309105,CUST20675,2026-09-04 03:18:00,Card,61975.92,United States,Crypto Exchange,100,Critical,Unusual Amount,DEV5447,CP11424,Pending
FRD00520,TX309106,CUST20595,2026-03-28 06:11:00,Card,5547.69,United States,Crypto Exchange,65,High,Unusual Amount,DEV4547,CP11277,False Positive
FRD00521,TX309143,CUST20397,2026-09-08 09:26:00,ATM,6000.94,United States,Fuel,60,High,Unusual Amount,DEV7705,CP12565,Confirmed Fraud
FRD00522,TX309147,CUST20174,2026-03-26 15:40:00,Check,1493.31,India,Services,69,High,Unusual Amount,DEV6430,CP14778,Escalated
FRD00523,TX309170,CUST20468,2026-07-31 11:45:00,ACH,4607.06,Canada,Electronics,86,Critical,Velocity Spike,DEV2689,CP14525,False Positive
FRD00524,TX309191,CUST20200,2026-06-06 23:47:00,ATM,8278.65,India,Crypto Exchange,75,High,Unusual Amount,DEV1309,CP14630,Pending
FRD00525,TX309202,CUST20553,2026-06-28 06:19:00,Cash Deposit,96717.62,United States,Retail,89,Critical,Unusual Amount,DEV1967,CP14422,Pending
FRD00526,TX309251,CUST20260,2026-06-05 03:45:00,P2P,15366.86,United States,Grocery,67,High,Unusual Amount,DEV3968,CP11999,Pending
FRD00527,TX309274,CUST20069,2026-02-21 13:19:00,Cash Deposit,5474.21,United Arab Emirates,Travel,63,High,Unusual Amount,DEV2163,CP11203,False Positive
FRD00528,TX309277,CUST20385,2026-08-22 10:50:00,ATM,1771.57,United States,Services,64,High,Unusual Amount,DEV2046,CP13659,Escalated
FRD00529,TX309313,CUST20070,2026-05-02 04:55:00,Card,6368.15,United States,Retail,64,High,Velocity Spike,DEV6648,CP11077,Confirmed Fraud
FRD00530,TX309315,CUST20476,2026-07-15 03:35:00,Wire,3209.21,Brazil,Luxury,70,High,Rapid Fund Movement,DEV6727,CP13930,False Positive
FRD00531,TX309333,CUST20566,2026-07-10 14:47:00,P2P,2670.17,United States,Services,78,High,Account Takeover,DEV6828,CP14225,Pending
FRD00532,TX309334,CUST20694,2026-02-01 18:09:00,Wire,6600.39,Brazil,Retail,81,Critical,Rapid Fund Movement,DEV6443,CP12686,Escalated
FRD00533,TX309343,CUST20353,2026-09-04 14:37:00,Card,870.69,Nigeria,Crypto Exchange,61,High,Geo Anomaly,DEV2346,CP14358,Escalated
FRD00534,TX309378,CUST20417,2026-04-03 07:58:00,P2P,789.99,United States,Services,75,High,Rapid Fund Movement,DEV5778,CP10920,Escalated
FRD00535,TX309424,CUST20597,2026-07-11 05:12:00,Card,603.96,United States,Gaming,62,High,Account Takeover,DEV2049,CP15505,False Positive
FRD00536,TX309439,CUST20287,2026-05-09 09:35:00,Card,74086.04,India,Grocery,100,Critical,Unusual Amount,DEV5534,CP15923,Pending
FRD00537,TX309450,CUST20350,2026-01-20 04:31:00,Card,2309.54,Brazil,Luxury,71,High,Velocity Spike,DEV1162,CP12007,Confirmed Fraud
FRD00538,TX309494,CUST20279,2026-07-09 18:54:00,Wire,5114.59,Mexico,Crypto Exchange,65,High,Geo Anomaly,DEV5276,CP13969,Pending
FRD00539,TX309495,CUST20408,2026-01-02 17:08:00,Wire,1259.57,United Arab Emirates,Grocery,66,High,Geo Anomaly,DEV5992,CP12289,Pending
FRD00540,TX309514,CUST20663,2026-06-30 05:35:00,P2P,4456.86,United States,Electronics,69,High,Unusual Amount,DEV4517,CP12847,Escalated
FRD00541,TX309519,CUST20436,2026-05-17 13:43:00,Cash Deposit,12215.88,United Arab Emirates,Retail,70,High,Unusual Amount,DEV6535,CP11742,Escalated
FRD00542,TX309529,CUST20593,2026-08-20 18:10:00,P2P,10775.71,Nigeria,Fuel,61,High,Unusual Amount,DEV7312,CP12069,Escalated
FRD00543,TX309546,CUST20639,2026-08-04 19:12:00,Wire,8334.39,India,Crypto Exchange,64,High,Geo Anomaly,DEV2968,CP15719,Pending
FRD00544,TX309552,CUST20064,2026-03-28 09:30:00,ACH,415.95,United States,Crypto Exchange,62,High,Rapid Fund Movement,DEV4582,CP12944,False Positive
FRD00545,TX309554,CUST20080,2026-04-30 13:50:00,Card,6143.78,Nigeria,Services,68,High,Unusual Amount,DEV1970,CP15354,Pending
FRD00546,TX309601,CUST20598,2026-04-30 12:57:00,ACH,4697.55,Mexico,Fuel,60,High,Unusual Amount,DEV6330,CP14051,Pending
FRD00547,TX309625,CUST20385,2026-03-26 21:55:00,Card,2521.34,Canada,Electronics,61,High,Unusual Amount,DEV3475,CP14431,False Positive
FRD00548,TX309652,CUST20727,2026-01-23 10:23:00,Wire,2199.85,United States,Fuel,71,High,Rapid Fund Movement,DEV4245,CP13639,False Positive
FRD00549,TX309678,CUST20159,2026-06-15 07:16:00,Check,6601.82,United States,Gaming,62,High,Unusual Amount,DEV3351,CP13969,False Positive
FRD00550,TX309681,CUST20412,2026-06-27 00:29:00,P2P,3308.42,India,Grocery,85,Critical,Account Takeover,DEV1267,CP13911,Escalated
FRD00551,TX309705,CUST20083,2026-03-05 22:23:00,Card,3913.84,United States,Crypto Exchange,62,High,Unusual Amount,DEV7881,CP15805,Pending
FRD00552,TX309712,CUST20174,2026-01-24 11:38:00,ATM,4427.75,United States,Gaming,61,High,Unusual Amount,DEV6448,CP12271,Confirmed Fraud
FRD00553,TX309776,CUST20216,2026-04-17 17:07:00,Check,14670.84,Nigeria,Crypto Exchange,100,Critical,Geo Anomaly,DEV3362,CP15210,Pending
FRD00554,TX309780,CUST20164,2026-06-03 21:37:00,Card,27414.77,United States,Travel,100,Critical,Unusual Amount,DEV1322,CP13131,Escalated
FRD00555,TX309801,CUST20102,2026-01-15 18:02:00,P2P,5542.39,Brazil,Gaming,60,High,Geo Anomaly,DEV3279,CP11760,Escalated
FRD00556,TX309807,CUST20008,2026-05-10 03:43:00,Card,5672.36,Brazil,Grocery,68,High,Unusual Amount,DEV2950,CP13525,Escalated
FRD00557,TX309819,CUST20095,2026-03-01 03:35:00,Cash Deposit,14887.48,Canada,Electronics,62,High,Unusual Amount,DEV1523,CP15771,Pending
FRD00558,TX309826,CUST20039,2026-02-13 05:12:00,Card,12691.98,United States,Gaming,74,High,Unusual Amount,DEV4668,CP15509,Confirmed Fraud
FRD00559,TX309831,CUST20598,2026-06-06 17:44:00,Card,6757.71,United States,Grocery,70,High,Unusual Amount,DEV1863,CP13049,Pending
FRD00560,TX309839,CUST20618,2026-03-16 20:07:00,ATM,3450.13,United States,Grocery,61,High,Unusual Amount,DEV6463,CP11157,False Positive
FRD00561,TX309875,CUST20371,2026-08-17 03:33:00,Card,3290.58,United States,Grocery,60,High,Unusual Amount,DEV4840,CP14056,Pending
FRD00562,TX309888,CUST20048,2026-01-17 00:38:00,Card,7271.36,India,Gaming,76,High,Unusual Amount,DEV5179,CP14139,False Positive
FRD00563,TX309913,CUST20385,2026-05-01 02:10:00,Card,2114.85,Turkey,Crypto Exchange,70,High,Unusual Amount,DEV7162,CP11450,False Positive
FRD00564,TX309938,CUST20654,2026-07-22 15:39:00,ACH,6489.37,United Kingdom,Grocery,61,High,Unusual Amount,DEV4950,CP10732,Pending
FRD00565,TX309973,CUST20598,2026-06-02 20:20:00,ACH,10255.72,United States,Travel,60,High,Unusual Amount,DEV5127,CP12807,Pending
FRD00566,TX309975,CUST20705,2026-01-23 05:44:00,Check,18459.82,United States,Electronics,100,Critical,Unusual Amount,DEV4645,CP12096,Pending
FRD00567,TX309995,CUST20409,2026-07-03 09:34:00,P2P,9391.58,United States,Travel,60,High,Unusual Amount,DEV3094,CP12522,False Positive
FRD00568,TX310029,CUST20337,2026-07-26 05:37:00,ACH,2280.55,Nigeria,Crypto Exchange,73,High,Unusual Amount,DEV1855,CP13505,Escalated
FRD00569,TX310034,CUST20234,2026-08-09 20:41:00,P2P,11502.57,United States,Electronics,100,Critical,Unusual Amount,DEV5274,CP13622,Escalated
FRD00570,TX310038,CUST20385,2026-02-09 23:46:00,Card,4061.33,United States,Gaming,74,High,Unusual Amount,DEV4638,CP10752,Escalated
FRD00571,TX310051,CUST20114,2026-08-01 00:53:00,Card,13184.14,United States,Gaming,65,High,Unusual Amount,DEV4358,CP10189,Pending
FRD00572,TX310072,CUST20025,2026-04-08 09:43:00,Card,1049.94,Nigeria,Crypto Exchange,69,High,Geo Anomaly,DEV4412,CP14008,Pending
FRD00573,TX310095,CUST20667,2026-08-06 23:49:00,P2P,5713.38,United States,Crypto Exchange,72,High,Unusual Amount,DEV5989,CP10525,Confirmed Fraud
FRD00574,TX310153,CUST20060,2026-07-21 05:29:00,ACH,7001.0,United Kingdom,Gaming,74,High,Unusual Amount,DEV6308,CP14179,Pending
FRD00575,TX310168,CUST20054,2026-07-12 17:56:00,ACH,7718.6,United States,Gaming,64,High,Unusual Amount,DEV6336,CP15987,Confirmed Fraud
FRD00576,TX310257,CUST20152,2026-05-28 04:53:00,P2P,5484.58,United States,Gaming,73,High,Unusual Amount,DEV6964,CP12787,Confirmed Fraud
FRD00577,TX310265,CUST20115,2026-05-27 21:26:00,Cash Deposit,6607.73,Mexico,Luxury,61,High,Unusual Amount,DEV5298,CP15101,Pending
FRD00578,TX310285,CUST20165,2026-02-14 11:08:00,P2P,439.01,Turkey,Electronics,84,Critical,Account Takeover,DEV4557,CP12287,Pending
FRD00579,TX310301,CUST20677,2026-01-03 07:07:00,Check,6729.58,Nigeria,Grocery,90,Critical,Velocity Spike,DEV6823,CP15412,Escalated
FRD00580,TX310303,CUST20080,2026-02-01 03:41:00,P2P,31181.21,Canada,Fuel,100,Critical,Unusual Amount,DEV1152,CP15487,False Positive
FRD00581,TX310350,CUST20159,2026-03-30 13:21:00,Card,5597.76,Nigeria,Crypto Exchange,68,High,Unusual Amount,DEV7972,CP12914,False Positive
FRD00582,TX310365,CUST20308,2026-02-22 07:56:00,Card,7034.75,Nigeria,Luxury,77,High,Unusual Amount,DEV4211,CP11649,Pending
FRD00583,TX310366,CUST20314,2026-06-05 08:55:00,Wire,6983.08,Mexico,Electronics,66,High,Unusual Amount,DEV3305,CP14363,False Positive
FRD00584,TX310396,CUST20355,2026-01-08 15:16:00,P2P,4567.46,United States,Fuel,67,High,Unusual Amount,DEV1798,CP15343,Confirmed Fraud
FRD00585,TX310400,CUST20585,2026-08-15 02:29:00,ACH,3519.75,United States,Crypto Exchange,85,Critical,Rapid Fund Movement,DEV5499,CP12515,Escalated
FRD00586,TX310408,CUST20171,2026-01-08 17:30:00,Check,2029.91,Nigeria,Luxury,66,High,Geo Anomaly,DEV1912,CP11449,Escalated
FRD00587,TX310448,CUST20390,2026-05-03 01:20:00,Check,4468.31,Mexico,Retail,66,High,Unusual Amount,DEV3830,CP13029,Escalated
FRD00588,TX310469,CUST20216,2026-05-06 21:33:00,Card,947.65,Turkey,Grocery,61,High,Repeated Counterparty,DEV4162,CP99999,Pending
FRD00589,TX310501,CUST20298,2026-07-25 12:11:00,Card,4728.26,United States,Retail,67,High,Unusual Amount,DEV4951,CP12755,False Positive
FRD00590,TX310502,CUST20431,2026-02-25 18:56:00,Cash Deposit,6091.58,United States,Retail,61,High,Unusual Amount,DEV5522,CP13827,Pending
FRD00591,TX310506,CUST20600,2026-08-28 14:54:00,ATM,11664.34,United States,Retail,60,High,Velocity Spike,DEV6519,CP12388,Escalated
FRD00592,TX310510,CUST20250,2026-07-09 15:17:00,ACH,21677.23,United States,Crypto Exchange,65,High,Unusual Amount,DEV1763,CP11086,Escalated
FRD00593,TX310521,CUST20151,2026-06-23 03:23:00,ACH,11740.71,United States,Travel,95,Critical,Unusual Amount,DEV5630,CP10996,False Positive
FRD00594,TX310540,CUST20578,2026-02-19 18:36:00,Cash Deposit,1745.46,United States,Gaming,60,High,Velocity Spike,DEV4335,CP11187,False Positive
FRD00595,TX310581,CUST20402,2026-03-27 20:41:00,P2P,10059.24,United Kingdom,Services,61,High,Unusual Amount,DEV2577,CP10175,Pending
FRD00596,TX310594,CUST20745,2026-08-25 09:34:00,Wire,3664.71,Nigeria,Crypto Exchange,74,High,Rapid Fund Movement,DEV4395,CP14072,False Positive
FRD00597,TX310608,CUST20447,2026-08-19 00:40:00,Wire,12079.22,Nigeria,Gaming,63,High,Unusual Amount,DEV3276,CP14109,Escalated
FRD00598,TX310627,CUST20561,2026-08-28 05:50:00,Wire,3396.8,United Arab Emirates,Fuel,75,High,Unusual Amount,DEV6269,CP15831,Escalated
FRD00599,TX310636,CUST20107,2026-06-17 06:56:00,ACH,1698.38,Canada,Gaming,74,High,Velocity Spike,DEV5132,CP14688,False Positive
FRD00600,TX310697,CUST20478,2026-07-15 06:04:00,ATM,19440.8,Brazil,Grocery,100,Critical,Unusual Amount,DEV4979,CP13542,Escalated
FRD00601,TX310738,CUST20169,2026-07-09 17:14:00,Card,19215.14,United States,Gaming,67,High,Unusual Amount,DEV7873,CP11654,Escalated
FRD00602,TX310749,CUST20085,2026-05-25 18:51:00,ACH,1029.4,Turkey,Luxury,64,High,Geo Anomaly,DEV2547,CP12119,False Positive
FRD00603,TX310764,CUST20684,2026-06-23 08:48:00,Wire,23263.71,Brazil,Grocery,67,High,Unusual Amount,DEV3955,CP15206,Escalated
FRD00604,TX310777,CUST20705,2026-08-20 15:15:00,P2P,7261.92,Nigeria,Electronics,61,High,Unusual Amount,DEV6371,CP10468,Escalated
FRD00605,TX310798,CUST20460,2026-02-09 20:55:00,Wire,1987.91,United Arab Emirates,Grocery,61,High,Geo Anomaly,DEV6358,CP14561,False Positive
FRD00606,TX310850,CUST20717,2026-04-05 13:07:00,ATM,14807.0,United States,Retail,84,Critical,Unusual Amount,DEV4496,CP12613,False Positive
FRD00607,TX310861,CUST20198,2026-01-15 17:53:00,Card,7908.6,United States,Services,82,Critical,Account Takeover,DEV7885,CP14791,False Positive
FRD00608,TX310883,CUST20178,2026-05-09 13:10:00,Card,17105.99,United States,Retail,75,High,Velocity Spike,DEV4565,CP10038,Escalated
FRD00609,TX310903,CUST20725,2026-06-02 18:12:00,ATM,15924.51,United States,Gaming,99,Critical,Unusual Amount,DEV1113,CP15524,Escalated
FRD00610,TX310907,CUST20136,2026-03-21 06:12:00,ACH,57536.54,United Kingdom,Luxury,68,High,Unusual Amount,DEV2906,CP14731,Pending
FRD00611,TX310953,CUST20740,2026-02-03 20:54:00,Check,21245.28,United States,Electronics,100,Critical,Unusual Amount,DEV6821,CP13913,Confirmed Fraud
FRD00612,TX310956,CUST20192,2026-01-26 15:22:00,Wire,75478.23,United States,Grocery,95,Critical,Unusual Amount,DEV2657,CP10801,False Positive
FRD00613,TX310960,CUST20251,2026-08-19 07:47:00,ACH,26278.98,United States,Luxury,62,High,Unusual Amount,DEV1719,CP11618,Pending
FRD00614,TX310967,CUST20445,2026-05-09 05:44:00,ACH,4157.39,United States,Fuel,61,High,Unusual Amount,DEV3272,CP15612,False Positive
FRD00615,TX310981,CUST20264,2026-08-05 08:14:00,P2P,338.83,United States,Travel,82,Critical,Account Takeover,DEV6546,CP12553,False Positive
FRD00616,TX311022,CUST20200,2026-01-26 14:47:00,Card,9764.96,Brazil,Crypto Exchange,60,High,Unusual Amount,DEV4105,CP12494,False Positive
FRD00617,TX311041,CUST20225,2026-08-30 06:44:00,Wire,10125.21,United States,Electronics,99,Critical,Unusual Amount,DEV2663,CP14124,Pending
FRD00618,TX311066,CUST20598,2026-02-23 13:41:00,Card,5947.83,United Kingdom,Retail,67,High,Unusual Amount,DEV6640,CP13530,Pending
FRD00619,TX311144,CUST20066,2026-06-28 10:36:00,P2P,2963.01,United States,Gaming,60,High,Geo Anomaly,DEV5154,CP11633,Pending
FRD00620,TX311152,CUST20367,2026-04-18 10:41:00,Wire,18029.92,United States,Fuel,63,High,Unusual Amount,DEV2596,CP13336,Escalated
FRD00621,TX311160,CUST20406,2026-08-20 07:04:00,Wire,27108.39,United States,Luxury,67,High,Unusual Amount,DEV5091,CP14480,Escalated
FRD00622,TX311231,CUST20736,2026-01-17 02:06:00,Card,2199.05,United Kingdom,Gaming,67,High,Unusual Amount,DEV7303,CP11919,Pending
FRD00623,TX311266,CUST20147,2026-07-25 23:55:00,Wire,4089.75,United States,Grocery,75,High,Rapid Fund Movement,DEV4201,CP15339,Pending
FRD00624,TX311276,CUST20567,2026-04-13 20:13:00,P2P,2623.46,United States,Grocery,77,High,Account Takeover,DEV2743,CP11502,False Positive
FRD00625,TX311291,CUST20313,2026-02-15 20:18:00,P2P,436.25,United States,Grocery,65,High,Account Takeover,DEV1310,CP13232,Escalated
FRD00626,TX311295,CUST20747,2026-03-12 00:42:00,Card,9084.65,Turkey,Grocery,62,High,Unusual Amount,DEV7987,CP11398,Confirmed Fraud
FRD00627,TX311317,CUST20488,2026-02-21 20:33:00,Wire,5923.32,United States,Luxury,61,High,Geo Anomaly,DEV5827,CP12228,Escalated
FRD00628,TX311321,CUST20325,2026-05-18 00:45:00,Check,41806.04,Nigeria,Crypto Exchange,74,High,Unusual Amount,DEV6540,CP11996,Confirmed Fraud
FRD00629,TX311333,CUST20015,2026-05-04 14:27:00,ACH,1425.94,United States,Grocery,62,High,Velocity Spike,DEV3731,CP10593,False Positive
FRD00630,TX311345,CUST20385,2026-01-03 15:42:00,Card,2137.99,Nigeria,Crypto Exchange,73,High,Unusual Amount,DEV5709,CP15439,Confirmed Fraud
FRD00631,TX311354,CUST20386,2026-01-14 14:48:00,ACH,6954.69,United Arab Emirates,Luxury,84,Critical,Unusual Amount,DEV2051,CP10487,Pending
FRD00632,TX311392,CUST20268,2026-07-28 05:36:00,Card,20167.57,India,Luxury,76,High,Unusual Amount,DEV7004,CP12084,Escalated
FRD00633,TX311405,CUST20401,2026-09-01 09:11:00,Card,15863.68,United States,Crypto Exchange,69,High,Unusual Amount,DEV7410,CP15119,Pending
FRD00634,TX311413,CUST20360,2026-05-15 21:44:00,Wire,17416.7,Nigeria,Travel,64,High,Unusual Amount,DEV7512,CP11957,Pending
FRD00635,TX311415,CUST20579,2026-08-25 11:31:00,Card,943.43,United Kingdom,Electronics,60,High,Velocity Spike,DEV1072,CP11416,Escalated
FRD00636,TX311424,CUST20617,2026-08-21 05:49:00,Check,36174.19,United States,Grocery,63,High,Unusual Amount,DEV4726,CP15624,False Positive
FRD00637,TX311447,CUST20735,2026-04-29 20:25:00,Card,9545.18,India,Travel,60,High,Unusual Amount,DEV4006,CP15947,Pending
FRD00638,TX311466,CUST20183,2026-03-18 00:11:00,Cash Deposit,11732.34,Turkey,Luxury,74,High,Geo Anomaly,DEV5851,CP14224,Pending
FRD00639,TX311483,CUST20519,2026-07-07 03:47:00,Wire,7383.51,United States,Electronics,70,High,Unusual Amount,DEV7358,CP14516,False Positive
FRD00640,TX311514,CUST20291,2026-06-04 11:35:00,Wire,22432.72,United States,Crypto Exchange,100,Critical,Unusual Amount,DEV5058,CP12104,False Positive
FRD00641,TX311518,CUST20383,2026-07-27 12:39:00,ACH,6148.76,United States,Crypto Exchange,75,High,Unusual Amount,DEV3703,CP15324,False Positive
FRD00642,TX311534,CUST20283,2026-02-24 07:48:00,ACH,5203.64,United Arab Emirates,Grocery,68,High,Unusual Amount,DEV4982,CP14062,False Positive
FRD00643,TX311625,CUST20728,2026-01-22 12:22:00,ATM,11669.8,India,Fuel,60,High,Unusual Amount,DEV7020,CP11787,Pending
FRD00644,TX311630,CUST20733,2026-08-29 22:27:00,P2P,1328.43,Nigeria,Crypto Exchange,84,Critical,Account Takeover,DEV6004,CP11427,Escalated
FRD00645,TX311643,CUST20420,2026-02-17 17:57:00,ACH,437.04,Canada,Crypto Exchange,68,High,Velocity Spike,DEV7239,CP14215,Escalated
FRD00646,TX311654,CUST20539,2026-04-06 13:34:00,ACH,2286.06,Turkey,Gaming,100,Critical,Geo Anomaly,DEV4412,CP10667,False Positive
FRD00647,TX311666,CUST20385,2026-07-05 03:39:00,Cash Deposit,4140.25,United States,Luxury,74,High,Unusual Amount,DEV3696,CP10699,Pending
FRD00648,TX311667,CUST20276,2026-07-13 23:40:00,Check,101954.17,Turkey,Travel,100,Critical,Unusual Amount,DEV6385,CP12300,Pending
FRD00649,TX311670,CUST20263,2026-02-10 18:54:00,P2P,560.96,United Arab Emirates,Luxury,75,High,Account Takeover,DEV3054,CP15073,False Positive
FRD00650,TX311675,CUST20445,2026-05-08 15:09:00,ATM,4775.8,United States,Grocery,70,High,Unusual Amount,DEV3442,CP14141,Escalated
FRD00651,TX311699,CUST20312,2026-02-03 00:16:00,P2P,885.02,United States,Services,70,High,Account Takeover,DEV7631,CP10306,False Positive
FRD00652,TX311707,CUST20570,2026-05-14 12:10:00,Card,7081.57,Nigeria,Electronics,60,High,Unusual Amount,DEV2751,CP11605,False Positive
FRD00653,TX311711,CUST20619,2026-08-10 19:20:00,ACH,6092.5,United States,Fuel,65,High,Unusual Amount,DEV1154,CP10355,False Positive
FRD00654,TX311728,CUST20078,2026-04-27 11:00:00,ACH,12207.26,United States,Services,64,High,Unusual Amount,DEV2789,CP15249,Pending
FRD00655,TX311749,CUST20203,2026-03-29 15:44:00,P2P,381.36,United States,Crypto Exchange,72,High,Account Takeover,DEV6307,CP12270,Pending
FRD00656,TX311761,CUST20282,2026-01-16 13:20:00,P2P,8102.79,United States,Electronics,70,High,Unusual Amount,DEV7309,CP15341,Pending
FRD00657,TX311766,CUST20717,2026-06-21 23:58:00,Wire,650.4,United Arab Emirates,Grocery,68,High,Rapid Fund Movement,DEV3001,CP12945,Pending
FRD00658,TX311795,CUST20353,2026-02-05 18:47:00,Card,8442.62,Canada,Services,64,High,Unusual Amount,DEV7944,CP12689,False Positive
FRD00659,TX311801,CUST20355,2026-04-01 02:00:00,Card,2057.59,United States,Services,83,Critical,Velocity Spike,DEV3673,CP14740,Escalated
FRD00660,TX311815,CUST20739,2026-04-14 12:00:00,Card,4078.09,India,Luxury,70,High,Velocity Spike,DEV4254,CP14670,Confirmed Fraud
FRD00661,TX311819,CUST20105,2026-03-10 01:22:00,Check,6301.97,United States,Retail,66,High,Repeated Counterparty,DEV5997,CP99999,False Positive
FRD00662,TX311837,CUST20402,2026-05-16 03:32:00,Wire,13866.2,United States,Services,100,Critical,Unusual Amount,DEV5685,CP14401,Escalated
FRD00663,TX311847,CUST20032,2026-04-14 04:41:00,Card,9822.99,Turkey,Grocery,64,High,Unusual Amount,DEV5740,CP15772,Escalated
FRD00664,TX311905,CUST20479,2026-06-12 10:17:00,Wire,2391.9,United States,Gaming,61,High,Velocity Spike,DEV6285,CP15153,Confirmed Fraud
FRD00665,TX311926,CUST20547,2026-05-07 14:31:00,Card,4670.66,United States,Grocery,61,High,Unusual Amount,DEV4289,CP11831,False Positive
FRD00666,TX311943,CUST20174,2026-04-19 04:35:00,ATM,4257.84,United States,Crypto Exchange,63,High,Unusual Amount,DEV4495,CP10718,Escalated
FRD00667,TX311944,CUST20315,2026-06-30 19:45:00,P2P,17012.15,United States,Gaming,60,High,Geo Anomaly,DEV1084,CP15767,False Positive
FRD00668,TX311949,CUST20314,2026-03-25 19:49:00,ACH,5479.49,Nigeria,Luxury,73,High,Unusual Amount,DEV6029,CP14386,Escalated
FRD00669,TX311964,CUST20111,2026-01-12 10:07:00,ACH,380.15,United States,Crypto Exchange,69,High,Rapid Fund Movement,DEV2833,CP15538,False Positive
FRD00670,TX311980,CUST20483,2026-04-05 23:50:00,Wire,1742.81,United States,Fuel,64,High,Rapid Fund Movement,DEV2828,CP14083,Escalated
FRD00671,TX311982,CUST20276,2026-08-16 03:58:00,Wire,21558.16,United States,Services,94,Critical,Repeated Counterparty,DEV2732,CP99999,Escalated
FRD00672,TX311984,CUST20237,2026-04-15 20:21:00,Card,15259.72,United States,Travel,69,High,Unusual Amount,DEV3331,CP13667,Escalated
FRD00673,TX311990,CUST20655,2026-04-13 05:46:00,P2P,1658.19,United States,Services,68,High,Account Takeover,DEV6230,CP11067,Pending
FRD00674,TX312019,CUST20531,2026-03-30 15:37:00,Card,21844.88,United Kingdom,Crypto Exchange,63,High,Unusual Amount,DEV5949,CP10986,False Positive
FRD00675,TX312046,CUST20320,2026-08-15 03:22:00,P2P,19767.31,United States,Crypto Exchange,70,High,Unusual Amount,DEV5275,CP14796,Confirmed Fraud
FRD00676,TX312063,CUST20176,2026-03-31 14:40:00,Card,16356.76,United States,Gaming,69,High,Unusual Amount,DEV4572,CP12590,Escalated
FRD00677,TX312076,CUST20084,2026-04-15 19:29:00,Wire,6506.45,United Kingdom,Grocery,76,High,Unusual Amount,DEV6812,CP11417,Confirmed Fraud
FRD00678,TX312082,CUST20151,2026-02-24 18:05:00,ATM,6848.79,United States,Electronics,65,High,Unusual Amount,DEV4353,CP10615,Pending
FRD00679,TX312093,CUST20029,2026-05-25 16:14:00,Card,7511.32,United States,Crypto Exchange,61,High,Unusual Amount,DEV7718,CP12954,Pending
FRD00680,TX312101,CUST20475,2026-05-04 15:58:00,P2P,2645.24,Canada,Luxury,91,Critical,Account Takeover,DEV4860,CP14677,Escalated
FRD00681,TX312115,CUST20668,2026-04-30 00:07:00,ACH,5801.74,Turkey,Services,70,High,Unusual Amount,DEV7277,CP11262,Confirmed Fraud
FRD00682,TX312130,CUST20237,2026-05-14 01:29:00,Card,9479.74,Nigeria,Gaming,74,High,Unusual Amount,DEV6461,CP10817,Confirmed Fraud
FRD00683,TX312135,CUST20159,2026-02-03 16:26:00,Card,5200.26,United States,Crypto Exchange,69,High,Unusual Amount,DEV7996,CP14112,False Positive
FRD00684,TX312137,CUST20078,2026-05-29 19:25:00,ACH,11755.93,United States,Grocery,65,High,Unusual Amount,DEV6033,CP15446,Pending
FRD00685,TX312146,CUST20582,2026-03-03 17:39:00,P2P,8134.9,United States,Crypto Exchange,62,High,Unusual Amount,DEV4924,CP13985,False Positive
FRD00686,TX312153,CUST20456,2026-01-19 23:26:00,Check,7215.29,United States,Gaming,66,High,Unusual Amount,DEV7320,CP12562,False Positive
FRD00687,TX312178,CUST20332,2026-05-24 17:03:00,Cash Deposit,303.83,United States,Crypto Exchange,61,High,Velocity Spike,DEV4632,CP11869,Escalated
FRD00688,TX312192,CUST20199,2026-08-04 08:58:00,Check,11537.97,United States,Luxury,82,Critical,Unusual Amount,DEV6640,CP13097,False Positive
FRD00689,TX312218,CUST20381,2026-03-16 01:35:00,P2P,5226.97,United States,Retail,68,High,Account Takeover,DEV6237,CP11856,False Positive
FRD00690,TX312225,CUST20672,2026-07-01 01:44:00,Card,15902.74,India,Fuel,62,High,Unusual Amount,DEV6770,CP12044,Confirmed Fraud
FRD00691,TX312268,CUST20337,2026-08-08 16:00:00,ACH,7083.53,United States,Crypto Exchange,63,High,Unusual Amount,DEV1788,CP12308,False Positive
FRD00692,TX312297,CUST20384,2026-01-20 19:40:00,P2P,5599.31,Brazil,Retail,75,High,Unusual Amount,DEV2695,CP14719,Confirmed Fraud
FRD00693,TX312304,CUST20125,2026-02-18 23:48:00,Card,11086.06,United States,Gaming,64,High,Unusual Amount,DEV4925,CP14050,False Positive
FRD00694,TX312313,CUST20701,2026-04-28 20:12:00,Card,2294.59,United States,Fuel,61,High,Unusual Amount,DEV3297,CP14344,Escalated
FRD00695,TX312342,CUST20327,2026-07-08 22:58:00,P2P,14758.41,United Kingdom,Fuel,62,High,Unusual Amount,DEV1085,CP11051,False Positive
FRD00696,TX312351,CUST20622,2026-05-19 22:13:00,P2P,879.6,United States,Electronics,85,Critical,Account Takeover,DEV4936,CP15251,Pending
FRD00697,TX312360,CUST20472,2026-02-05 23:08:00,Cash Deposit,5839.33,Canada,Electronics,66,High,Unusual Amount,DEV5494,CP14818,False Positive
FRD00698,TX312363,CUST20072,2026-03-12 20:35:00,Card,40253.53,India,Services,100,Critical,Unusual Amount,DEV1201,CP15741,Pending
FRD00699,TX312387,CUST20459,2026-02-21 19:58:00,Card,10595.86,Nigeria,Crypto Exchange,70,High,Unusual Amount,DEV7028,CP11609,Escalated
FRD00700,TX312416,CUST20390,2026-06-25 21:47:00,P2P,10709.83,Turkey,Travel,100,Critical,Geo Anomaly,DEV7706,CP14753,Confirmed Fraud
FRD00701,TX312422,CUST20375,2026-06-01 19:56:00,Wire,13141.36,Turkey,Luxury,100,Critical,Unusual Amount,DEV7980,CP11029,Escalated
FRD00702,TX312436,CUST20393,2026-01-26 00:48:00,P2P,6154.17,Canada,Grocery,70,High,Unusual Amount,DEV7065,CP14368,Confirmed Fraud
FRD00703,TX312457,CUST20131,2026-06-10 22:10:00,Card,343.74,Canada,Gaming,78,High,Account Takeover,DEV7345,CP15066,Escalated
FRD00704,TX312465,CUST20009,2026-06-12 14:35:00,Check,11021.06,United States,Grocery,67,High,Unusual Amount,DEV6992,CP11168,Pending
FRD00705,TX312469,CUST20137,2026-04-26 07:33:00,Wire,819.44,Nigeria,Electronics,67,High,Rapid Fund Movement,DEV2920,CP10206,Pending
FRD00706,TX312483,CUST20461,2026-07-10 00:32:00,Card,24092.93,United States,Gaming,64,High,Unusual Amount,DEV5393,CP10815,Pending
FRD00707,TX312518,CUST20394,2026-02-23 21:13:00,ACH,2355.44,United States,Fuel,62,High,Rapid Fund Movement,DEV3374,CP14452,False Positive
FRD00708,TX312544,CUST20333,2026-05-24 16:00:00,Card,68636.04,United States,Gaming,100,Critical,Unusual Amount,DEV6338,CP14665,Pending
FRD00709,TX312548,CUST20392,2026-08-05 23:34:00,Card,5304.06,United States,Gaming,71,High,Velocity Spike,DEV1231,CP15910,Pending
FRD00710,TX312549,CUST20359,2026-01-16 10:37:00,Card,3056.87,United Arab Emirates,Gaming,60,High,Geo Anomaly,DEV5519,CP15871,Pending
FRD00711,TX312554,CUST20071,2026-04-12 02:27:00,ATM,9090.43,Canada,Crypto Exchange,61,High,Unusual Amount,DEV5687,CP11957,False Positive
FRD00712,TX312605,CUST20362,2026-02-11 15:21:00,P2P,146.75,Canada,Grocery,72,High,Velocity Spike,DEV3973,CP12369,Pending
FRD00713,TX312643,CUST20115,2026-04-19 12:02:00,ACH,9656.35,Brazil,Travel,69,High,Unusual Amount,DEV3398,CP15460,False Positive
FRD00714,TX312651,CUST20397,2026-08-15 02:01:00,ATM,9802.52,United States,Luxury,60,High,Unusual Amount,DEV4913,CP11647,Escalated
FRD00715,TX312655,CUST20392,2026-08-04 20:41:00,Card,91718.74,United States,Fuel,100,Critical,Unusual Amount,DEV5925,CP14133,False Positive
FRD00716,TX312673,CUST20741,2026-02-02 08:01:00,Card,20247.07,United Kingdom,Crypto Exchange,64,High,Unusual Amount,DEV2676,CP14212,Pending
FRD00717,TX312677,CUST20661,2026-02-26 18:40:00,ATM,3501.87,Nigeria,Grocery,62,High,Geo Anomaly,DEV2076,CP12321,Escalated
FRD00718,TX312723,CUST20638,2026-02-22 01:12:00,Wire,632.89,United States,Grocery,60,High,Velocity Spike,DEV7869,CP13296,Pending
FRD00719,TX312733,CUST20033,2026-03-23 02:34:00,ATM,53797.15,Canada,Gaming,100,Critical,Unusual Amount,DEV4876,CP11173,Confirmed Fraud
FRD00720,TX312806,CUST20250,2026-05-24 11:13:00,Cash Deposit,12278.07,United States,Crypto Exchange,62,High,Unusual Amount,DEV3768,CP11090,Pending
FRD00721,TX312819,CUST20390,2026-04-08 06:54:00,P2P,3364.48,Brazil,Crypto Exchange,62,High,Geo Anomaly,DEV6252,CP11059,Pending
FRD00722,TX312828,CUST20611,2026-03-01 01:32:00,Card,1030.91,United States,Fuel,67,High,Account Takeover,DEV1326,CP13999,Confirmed Fraud
FRD00723,TX312853,CUST20731,2026-04-08 15:48:00,ACH,5778.47,Turkey,Electronics,86,Critical,Geo Anomaly,DEV4339,CP13351,False Positive
FRD00724,TX312881,CUST20163,2026-05-31 08:00:00,P2P,11718.49,United States,Gaming,67,High,Unusual Amount,DEV7335,CP15304,Pending
FRD00725,TX312889,CUST20337,2026-07-19 21:03:00,P2P,4826.24,United States,Services,69,High,Unusual Amount,DEV1308,CP15502,Confirmed Fraud
FRD00726,TX312900,CUST20568,2026-04-21 19:34:00,P2P,9451.36,Nigeria,Gaming,60,High,Geo Anomaly,DEV7863,CP12477,Confirmed Fraud
FRD00727,TX312907,CUST20561,2026-01-31 17:38:00,Cash Deposit,20004.17,Turkey,Travel,64,High,Unusual Amount,DEV3024,CP10538,Pending
FRD00728,TX312912,CUST20611,2026-03-26 17:58:00,P2P,5050.8,United States,Services,64,High,Unusual Amount,DEV2491,CP12249,Confirmed Fraud
FRD00729,TX312933,CUST20320,2026-01-23 15:10:00,P2P,544.18,United States,Gaming,70,High,Rapid Fund Movement,DEV7692,CP12181,Confirmed Fraud
FRD00730,TX312935,CUST20224,2026-05-31 15:05:00,ACH,13183.73,Canada,Gaming,70,High,Unusual Amount,DEV7311,CP13530,Pending
FRD00731,TX312951,CUST20654,2026-08-04 18:54:00,Card,29261.36,United States,Crypto Exchange,62,High,Unusual Amount,DEV5287,CP10076,Pending
FRD00732,TX312959,CUST20594,2026-01-31 06:56:00,P2P,1848.95,Turkey,Gaming,71,High,Geo Anomaly,DEV5733,CP12793,Pending
FRD00733,TX312991,CUST20173,2026-02-06 20:43:00,P2P,2024.3,United States,Electronics,68,High,Account Takeover,DEV3082,CP14236,Confirmed Fraud
FRD00734,TX313006,CUST20402,2026-01-03 14:44:00,Card,8271.68,Mexico,Crypto Exchange,64,High,Unusual Amount,DEV4774,CP15636,False Positive
FRD00735,TX313028,CUST20208,2026-05-12 21:40:00,P2P,7718.26,Brazil,Luxury,72,High,Unusual Amount,DEV7663,CP13749,Escalated
FRD00736,TX313029,CUST20296,2026-02-03 19:55:00,Wire,14896.72,United Arab Emirates,Fuel,69,High,Unusual Amount,DEV5846,CP10583,Escalated
FRD00737,TX313035,CUST20116,2026-01-08 13:56:00,ACH,5609.67,Turkey,Fuel,84,Critical,Geo Anomaly,DEV6914,CP15891,Escalated
FRD00738,TX313043,CUST20262,2026-09-06 06:56:00,Card,9468.8,Mexico,Retail,60,High,Unusual Amount,DEV6590,CP15726,Escalated
FRD00739,TX313044,CUST20029,2026-03-31 21:31:00,Card,2861.47,United States,Fuel,84,Critical,Account Takeover,DEV5303,CP15580,Pending
FRD00740,TX313112,CUST20001,2026-01-18 23:18:00,Wire,20787.68,United Kingdom,Fuel,71,High,Unusual Amount,DEV1373,CP14068,False Positive
FRD00741,TX313114,CUST20570,2026-06-09 01:00:00,Check,11676.54,United States,Grocery,65,High,Unusual Amount,DEV5554,CP15159,False Positive
FRD00742,TX313120,CUST20684,2026-09-09 10:14:00,Wire,8690.71,United States,Services,88,Critical,Velocity Spike,DEV6587,CP13837,Confirmed Fraud
FRD00743,TX313136,CUST20539,2026-02-28 19:48:00,Wire,2576.43,United States,Retail,69,High,Unusual Amount,DEV3075,CP12246,Escalated
FRD00744,TX313142,CUST20094,2026-01-26 21:36:00,Card,101.68,United Arab Emirates,Travel,61,High,Velocity Spike,DEV6224,CP13845,False Positive
FRD00745,TX313165,CUST20480,2026-08-07 08:43:00,Wire,12639.22,United States,Travel,90,Critical,Unusual Amount,DEV3610,CP11216,Escalated
FRD00746,TX313180,CUST20101,2026-07-01 07:25:00,Cash Deposit,13046.66,United Arab Emirates,Electronics,100,Critical,Unusual Amount,DEV3154,CP10222,Pending
FRD00747,TX313193,CUST20012,2026-01-31 01:57:00,ACH,10808.7,United Kingdom,Gaming,67,High,Rapid Fund Movement,DEV6277,CP14626,Confirmed Fraud
FRD00748,TX313201,CUST20326,2026-03-24 12:49:00,P2P,2884.66,United States,Retail,76,High,Unusual Amount,DEV6633,CP10387,Pending
FRD00749,TX313206,CUST20650,2026-02-08 22:43:00,Cash Deposit,12892.67,Brazil,Gaming,63,High,Unusual Amount,DEV7803,CP11707,Confirmed Fraud
FRD00750,TX313207,CUST20329,2026-08-19 16:50:00,Cash Deposit,4109.73,Nigeria,Crypto Exchange,79,High,Geo Anomaly,DEV3812,CP11814,Pending
FRD00751,TX313252,CUST20337,2026-08-11 04:56:00,Wire,8244.86,United Arab Emirates,Retail,64,High,Unusual Amount,DEV5346,CP10135,Pending
FRD00752,TX313330,CUST20396,2026-07-22 19:48:00,ACH,14311.42,Mexico,Services,67,High,Unusual Amount,DEV1419,CP11562,Confirmed Fraud
FRD00753,TX313333,CUST20376,2026-01-19 02:53:00,ATM,13949.75,United States,Gaming,92,Critical,Unusual Amount,DEV2116,CP14595,Escalated
FRD00754,TX313372,CUST20018,2026-07-09 21:44:00,Card,695.06,Canada,Retail,61,High,Account Takeover,DEV7838,CP13857,False Positive
FRD00755,TX313381,CUST20262,2026-05-02 09:59:00,Wire,780.43,United States,Fuel,66,High,Rapid Fund Movement,DEV5431,CP15015,Pending
FRD00756,TX313397,CUST20163,2026-06-25 01:57:00,P2P,5388.37,United States,Fuel,73,High,Unusual Amount,DEV7251,CP11656,False Positive
FRD00757,TX313428,CUST20519,2026-03-11 14:01:00,Wire,6270.43,Mexico,Fuel,70,High,Unusual Amount,DEV7720,CP12337,Confirmed Fraud
FRD00758,TX313440,CUST20163,2026-05-03 16:16:00,Wire,8229.03,United States,Gaming,100,Critical,Unusual Amount,DEV6077,CP14701,False Positive
FRD00759,TX313471,CUST20747,2026-04-06 10:50:00,ACH,15862.59,Canada,Crypto Exchange,60,High,Unusual Amount,DEV6012,CP12515,Escalated
FRD00760,TX313485,CUST20658,2026-02-23 01:00:00,Card,6990.94,United States,Travel,61,High,Unusual Amount,DEV3405,CP12987,Pending
FRD00761,TX313492,CUST20266,2026-07-29 09:23:00,ACH,17765.03,United States,Fuel,90,Critical,Unusual Amount,DEV2062,CP13903,Confirmed Fraud
FRD00762,TX313498,CUST20213,2026-08-19 01:05:00,Card,6422.13,Nigeria,Electronics,76,High,Velocity Spike,DEV1141,CP14315,Confirmed Fraud
FRD00763,TX313505,CUST20298,2026-03-01 14:14:00,ACH,4328.82,United Kingdom,Retail,61,High,Unusual Amount,DEV4379,CP15013,Confirmed Fraud
FRD00764,TX313513,CUST20090,2026-02-05 02:39:00,P2P,4744.47,Nigeria,Crypto Exchange,61,High,Geo Anomaly,DEV5264,CP13954,Pending
FRD00765,TX313514,CUST20459,2026-08-07 08:45:00,Wire,2872.36,Nigeria,Crypto Exchange,93,Critical,Rapid Fund Movement,DEV2682,CP10163,False Positive
FRD00766,TX313517,CUST20269,2026-01-24 04:01:00,P2P,3584.39,Nigeria,Services,71,High,Unusual Amount,DEV1437,CP12968,False Positive
FRD00767,TX313547,CUST20466,2026-03-12 21:45:00,Card,177605.54,Mexico,Grocery,100,Critical,Unusual Amount,DEV3822,CP10191,Escalated
FRD00768,TX313549,CUST20355,2026-09-01 18:31:00,Cash Deposit,10216.15,Mexico,Services,70,High,Unusual Amount,DEV5445,CP12040,Escalated
FRD00769,TX313567,CUST20705,2026-02-14 22:23:00,ATM,4928.42,Canada,Crypto Exchange,70,High,Unusual Amount,DEV6862,CP12651,False Positive
FRD00770,TX313597,CUST20544,2026-08-19 16:32:00,Card,6688.37,United States,Retail,81,Critical,Account Takeover,DEV4352,CP12081,Pending
FRD00771,TX313620,CUST20305,2026-06-13 13:45:00,Wire,9995.14,India,Retail,68,High,Unusual Amount,DEV1412,CP12056,Pending
FRD00772,TX313644,CUST20032,2026-01-11 03:18:00,Check,5479.27,United Arab Emirates,Gaming,73,High,Unusual Amount,DEV5378,CP14243,Escalated
FRD00773,TX313652,CUST20245,2026-03-22 21:38:00,P2P,48400.96,United States,Services,66,High,Unusual Amount,DEV3173,CP13801,Pending
FRD00774,TX313664,CUST20575,2026-01-15 06:37:00,Wire,6791.48,India,Services,60,High,Unusual Amount,DEV5179,CP11944,Pending
FRD00775,TX313668,CUST20561,2026-05-17 05:08:00,P2P,2400.43,United States,Grocery,60,High,Unusual Amount,DEV3207,CP12278,Confirmed Fraud
FRD00776,TX313687,CUST20370,2026-08-18 12:02:00,ATM,12938.84,United States,Gaming,61,High,Unusual Amount,DEV7572,CP14714,False Positive
FRD00777,TX313688,CUST20248,2026-07-10 23:22:00,Check,9535.71,United States,Electronics,89,Critical,Unusual Amount,DEV5212,CP12461,Escalated
FRD00778,TX313707,CUST20246,2026-02-21 09:15:00,Card,4380.41,United States,Grocery,71,High,Unusual Amount,DEV5334,CP12011,False Positive
FRD00779,TX313711,CUST20685,2026-05-04 01:48:00,Card,29696.1,United Kingdom,Luxury,100,Critical,Unusual Amount,DEV5005,CP13063,False Positive
FRD00780,TX313723,CUST20139,2026-05-15 16:06:00,Wire,8746.02,Brazil,Retail,69,High,Unusual Amount,DEV4102,CP12202,Escalated
FRD00781,TX313724,CUST20677,2026-03-01 23:38:00,P2P,5265.97,United States,Gaming,69,High,Unusual Amount,DEV3780,CP13640,False Positive
FRD00782,TX313726,CUST20496,2026-03-18 19:43:00,P2P,18164.27,United States,Gaming,75,High,Unusual Amount,DEV5853,CP12546,Pending
FRD00783,TX313754,CUST20159,2026-01-26 07:26:00,ACH,547.26,Nigeria,Gaming,63,High,Geo Anomaly,DEV5075,CP15642,Escalated
FRD00784,TX313782,CUST20163,2026-06-14 11:51:00,P2P,7431.32,United States,Travel,73,High,Unusual Amount,DEV5302,CP11263,Confirmed Fraud
FRD00785,TX313790,CUST20696,2026-02-06 05:08:00,P2P,4969.16,United States,Fuel,60,High,Unusual Amount,DEV7452,CP12429,Escalated
FRD00786,TX313798,CUST20076,2026-04-07 00:00:00,Wire,4619.63,India,Gaming,61,High,Geo Anomaly,DEV2551,CP15159,Pending
FRD00787,TX313844,CUST20706,2026-02-05 18:10:00,Card,649.63,Turkey,Gaming,69,High,Geo Anomaly,DEV6158,CP12036,False Positive
FRD00788,TX313855,CUST20540,2026-04-07 03:14:00,Wire,3206.4,Canada,Luxury,71,High,Unusual Amount,DEV1674,CP14359,Pending
FRD00789,TX313865,CUST20120,2026-01-06 09:10:00,Card,5202.61,Mexico,Crypto Exchange,67,High,Unusual Amount,DEV4905,CP15549,Confirmed Fraud
FRD00790,TX313875,CUST20069,2026-08-09 16:52:00,P2P,6817.51,United States,Travel,65,High,Unusual Amount,DEV4032,CP13479,Confirmed Fraud
FRD00791,TX313889,CUST20095,2026-02-22 00:21:00,ACH,6020.22,Turkey,Crypto Exchange,72,High,Geo Anomaly,DEV5246,CP10331,False Positive
FRD00792,TX313917,CUST20441,2026-04-30 01:44:00,Check,24640.02,United States,Crypto Exchange,62,High,Unusual Amount,DEV7741,CP13443,Escalated
FRD00793,TX313920,CUST20314,2026-05-30 08:06:00,Wire,5584.55,United States,Fuel,64,High,Unusual Amount,DEV2372,CP14831,Pending
FRD00794,TX313928,CUST20482,2026-01-25 05:26:00,Card,307.67,United Arab Emirates,Crypto Exchange,69,High,Geo Anomaly,DEV6113,CP15387,Pending
FRD00795,TX313930,CUST20679,2026-05-17 11:24:00,Cash Deposit,8083.91,United States,Grocery,74,High,Unusual Amount,DEV3550,CP13305,Confirmed Fraud
FRD00796,TX313950,CUST20731,2026-05-19 14:11:00,ACH,6486.24,United States,Luxury,64,High,Unusual Amount,DEV2389,CP11022,Pending
FRD00797,TX314039,CUST20621,2026-07-05 13:29:00,Card,893.49,Nigeria,Crypto Exchange,68,High,Velocity Spike,DEV6211,CP15593,Pending
FRD00798,TX314044,CUST20227,2026-02-02 09:29:00,Card,3046.37,United States,Services,68,High,Unusual Amount,DEV3642,CP11487,Escalated
FRD00799,TX314069,CUST20164,2026-05-09 01:59:00,Wire,7565.53,United States,Retail,88,Critical,Unusual Amount,DEV5345,CP12018,False Positive
FRD00800,TX314070,CUST20066,2026-06-02 19:57:00,ACH,7058.39,United Kingdom,Services,70,High,Unusual Amount,DEV7927,CP10678,Confirmed Fraud
FRD00801,TX314072,CUST20204,2026-06-04 12:00:00,Card,1283.3,United States,Services,66,High,Account Takeover,DEV3687,CP15750,False Positive
FRD00802,TX314073,CUST20502,2026-07-15 20:31:00,Check,1334.02,Canada,Crypto Exchange,72,High,Velocity Spike,DEV5507,CP14862,False Positive
FRD00803,TX314076,CUST20265,2026-06-25 03:29:00,Wire,9983.69,United States,Travel,60,High,Unusual Amount,DEV6853,CP15487,Confirmed Fraud
FRD00804,TX314079,CUST20619,2026-06-30 07:49:00,Card,7206.51,Canada,Grocery,63,High,Unusual Amount,DEV2461,CP12465,Pending
FRD00805,TX314113,CUST20152,2026-04-25 09:53:00,Wire,880.79,United Arab Emirates,Gaming,62,High,Velocity Spike,DEV1673,CP10231,Pending
FRD00806,TX314140,CUST20445,2026-08-16 16:51:00,Wire,9296.04,United States,Retail,60,High,Unusual Amount,DEV4571,CP15603,False Positive
FRD00807,TX314155,CUST20083,2026-03-29 19:21:00,Wire,4029.21,India,Travel,63,High,Unusual Amount,DEV5031,CP13592,Pending
FRD00808,TX314157,CUST20024,2026-01-25 09:42:00,P2P,1946.33,India,Grocery,70,High,Unusual Amount,DEV3021,CP11548,False Positive
FRD00809,TX314183,CUST20586,2026-02-06 17:02:00,P2P,2695.16,United States,Luxury,82,Critical,Account Takeover,DEV7085,CP10423,False Positive
FRD00810,TX314231,CUST20337,2026-03-30 00:06:00,Card,5449.67,United States,Services,62,High,Unusual Amount,DEV5680,CP10413,False Positive
FRD00811,TX314233,CUST20237,2026-06-16 05:22:00,ACH,5092.55,United States,Retail,60,High,Unusual Amount,DEV5136,CP11451,False Positive
FRD00812,TX314240,CUST20066,2026-06-01 20:11:00,P2P,8169.49,United States,Travel,75,High,Unusual Amount,DEV3201,CP12131,False Positive
FRD00813,TX314334,CUST20080,2026-08-18 22:43:00,Cash Deposit,20394.67,Nigeria,Grocery,66,High,Unusual Amount,DEV4428,CP13197,Confirmed Fraud
FRD00814,TX314339,CUST20104,2026-03-12 05:44:00,P2P,10847.32,Canada,Crypto Exchange,78,High,Unusual Amount,DEV1016,CP13577,Pending
FRD00815,TX314350,CUST20430,2026-07-20 19:38:00,Card,17659.74,Mexico,Retail,64,High,Unusual Amount,DEV7176,CP15794,False Positive
FRD00816,TX314354,CUST20538,2026-08-26 03:45:00,Check,325.0,Canada,Retail,62,High,Repeated Counterparty,DEV7707,CP99999,Pending
FRD00817,TX314383,CUST20020,2026-03-18 00:16:00,Wire,10984.95,United States,Electronics,80,Critical,Repeated Counterparty,DEV3673,CP99999,Escalated
FRD00818,TX314413,CUST20073,2026-02-17 09:53:00,ATM,10072.75,United States,Crypto Exchange,62,High,Unusual Amount,DEV7665,CP14354,False Positive
FRD00819,TX314458,CUST20653,2026-01-05 08:15:00,ATM,25775.72,United States,Luxury,97,Critical,Unusual Amount,DEV1809,CP12459,Pending
FRD00820,TX314468,CUST20005,2026-01-26 15:35:00,ACH,15371.46,United States,Gaming,63,High,Unusual Amount,DEV2194,CP12040,Pending
FRD00821,TX314504,CUST20237,2026-04-22 16:48:00,ATM,4573.43,United States,Fuel,70,High,Unusual Amount,DEV1775,CP10802,Pending
FRD00822,TX314505,CUST20290,2026-05-07 05:12:00,Check,13805.59,India,Travel,74,High,Unusual Amount,DEV7360,CP10987,False Positive
FRD00823,TX314506,CUST20605,2026-02-28 19:15:00,Wire,48140.86,Turkey,Grocery,100,Critical,Unusual Amount,DEV4983,CP15550,Confirmed Fraud
FRD00824,TX314534,CUST20241,2026-03-23 20:37:00,P2P,2610.19,India,Travel,82,Critical,Account Takeover,DEV1993,CP10810,False Positive
FRD00825,TX314536,CUST20352,2026-05-23 09:36:00,P2P,4176.54,United States,Gaming,76,High,Velocity Spike,DEV3520,CP14556,Confirmed Fraud
FRD00826,TX314538,CUST20076,2026-07-15 06:04:00,Card,4958.39,United States,Gaming,62,High,Unusual Amount,DEV1384,CP13766,False Positive
FRD00827,TX314552,CUST20045,2026-02-21 06:00:00,ACH,4572.26,Canada,Luxury,68,High,Unusual Amount,DEV1638,CP12712,Escalated
FRD00828,TX314605,CUST20183,2026-02-14 17:52:00,ACH,12308.78,United States,Crypto Exchange,72,High,Unusual Amount,DEV6910,CP13866,False Positive
FRD00829,TX314606,CUST20738,2026-08-27 06:05:00,P2P,10793.95,United States,Luxury,86,Critical,Unusual Amount,DEV5540,CP11534,Escalated
FRD00830,TX314611,CUST20677,2026-05-10 07:11:00,ATM,10509.64,Canada,Gaming,61,High,Unusual Amount,DEV4356,CP10637,Escalated
FRD00831,TX314621,CUST20570,2026-01-22 01:12:00,P2P,354.77,United States,Luxury,71,High,Rapid Fund Movement,DEV1164,CP15537,Escalated
FRD00832,TX314668,CUST20075,2026-04-10 23:32:00,Wire,15596.37,Canada,Retail,60,High,Unusual Amount,DEV2149,CP11063,Pending
FRD00833,TX314753,CUST20436,2026-05-26 13:05:00,Card,2692.98,United States,Luxury,75,High,Velocity Spike,DEV6608,CP15892,Pending
FRD00834,TX314758,CUST20396,2026-01-10 05:32:00,ATM,643.04,United Kingdom,Luxury,60,High,Repeated Counterparty,DEV6677,CP99999,Pending
FRD00835,TX314762,CUST20540,2026-08-28 14:27:00,Wire,2064.99,United States,Crypto Exchange,65,High,Geo Anomaly,DEV4272,CP13457,Pending
FRD00836,TX314771,CUST20191,2026-06-28 17:54:00,Card,9282.26,United States,Fuel,96,Critical,Unusual Amount,DEV1480,CP11529,False Positive
FRD00837,TX314793,CUST20227,2026-03-12 06:59:00,ACH,25666.06,United Arab Emirates,Travel,66,High,Unusual Amount,DEV7341,CP12951,Confirmed Fraud
FRD00838,TX314825,CUST20711,2026-07-11 11:07:00,Card,7010.03,United States,Grocery,77,High,Account Takeover,DEV2893,CP13306,False Positive
FRD00839,TX314865,CUST20503,2026-05-25 08:44:00,Card,499.87,Nigeria,Crypto Exchange,78,High,Account Takeover,DEV2398,CP12745,False Positive
FRD00840,TX314867,CUST20289,2026-02-04 04:25:00,P2P,12856.78,Turkey,Retail,74,High,Unusual Amount,DEV7382,CP15223,Escalated
FRD00841,TX314912,CUST20617,2026-08-08 13:42:00,P2P,755.62,India,Gaming,83,Critical,Rapid Fund Movement,DEV1002,CP15494,False Positive
FRD00842,TX314920,CUST20638,2026-01-04 13:06:00,Card,19888.29,United States,Luxury,60,High,Unusual Amount,DEV1115,CP13714,False Positive
FRD00843,TX314946,CUST20607,2026-07-14 06:08:00,P2P,4140.61,United Kingdom,Fuel,64,High,Unusual Amount,DEV4611,CP12081,Escalated
FRD00844,TX314949,CUST20343,2026-06-01 04:54:00,Card,5358.9,United Kingdom,Gaming,66,High,Unusual Amount,DEV5148,CP14609,Escalated
FRD00845,TX314974,CUST20163,2026-06-28 17:06:00,ACH,11682.83,Canada,Gaming,69,High,Unusual Amount,DEV3452,CP14039,False Positive
FRD00846,TX314978,CUST20717,2026-01-12 16:40:00,Card,649.03,Turkey,Travel,63,High,Geo Anomaly,DEV4618,CP10518,False Positive
FRD00847,TX314988,CUST20097,2026-07-04 07:33:00,Wire,4225.2,Mexico,Services,63,High,Unusual Amount,DEV7346,CP14579,Confirmed Fraud
FRD00848,TX315013,CUST20278,2026-03-26 07:35:00,P2P,2687.14,United States,Crypto Exchange,70,High,Repeated Counterparty,DEV5232,CP99999,Pending
FRD00849,TX315018,CUST20494,2026-06-12 01:31:00,Wire,1284.13,Turkey,Crypto Exchange,61,High,Velocity Spike,DEV4965,CP11167,False Positive
FRD00850,TX315049,CUST20376,2026-05-21 12:28:00,Card,127414.91,Brazil,Services,94,Critical,Unusual Amount,DEV5071,CP12643,Pending
FRD00851,TX315065,CUST20244,2026-03-15 03:24:00,ACH,13155.64,United States,Fuel,63,High,Unusual Amount,DEV7067,CP15082,Pending
FRD00852,TX315067,CUST20363,2026-06-04 04:47:00,ACH,31263.25,United States,Luxury,60,High,Unusual Amount,DEV4940,CP15434,Escalated
FRD00853,TX315099,CUST20187,2026-04-07 06:03:00,Wire,6869.57,Mexico,Luxury,75,High,Repeated Counterparty,DEV3703,CP99999,Pending
FRD00854,TX315101,CUST20397,2026-05-08 18:02:00,P2P,8700.2,United Arab Emirates,Travel,60,High,Unusual Amount,DEV1662,CP14183,Pending
FRD00855,TX315109,CUST20696,2026-07-21 13:04:00,Check,1020.42,Turkey,Gaming,62,High,Geo Anomaly,DEV1282,CP14440,False Positive
FRD00856,TX315111,CUST20073,2026-02-10 18:29:00,Card,15290.7,United Kingdom,Travel,100,Critical,Unusual Amount,DEV3673,CP14173,Escalated
FRD00857,TX315114,CUST20426,2026-08-15 16:11:00,Card,1068.98,Turkey,Luxury,69,High,Repeated Counterparty,DEV6543,CP99999,False Positive
FRD00858,TX315178,CUST20366,2026-08-02 08:16:00,Card,9617.13,Nigeria,Grocery,66,High,Unusual Amount,DEV1945,CP12185,Confirmed Fraud
FRD00859,TX315208,CUST20277,2026-03-21 20:57:00,P2P,14920.22,Nigeria,Retail,63,High,Unusual Amount,DEV2233,CP14706,False Positive
FRD00860,TX315218,CUST20699,2026-03-30 10:15:00,ACH,14405.34,United Arab Emirates,Grocery,62,High,Unusual Amount,DEV7048,CP14891,False Positive
FRD00861,TX315248,CUST20221,2026-07-04 07:30:00,P2P,12993.91,United States,Services,68,High,Unusual Amount,DEV4887,CP13443,False Positive
FRD00862,TX315250,CUST20159,2026-02-09 11:19:00,P2P,9838.51,United States,Electronics,71,High,Unusual Amount,DEV2559,CP11931,False Positive
FRD00863,TX315255,CUST20573,2026-06-26 10:26:00,Card,5105.1,Nigeria,Travel,65,High,Unusual Amount,DEV7206,CP14452,False Positive
FRD00864,TX315266,CUST20217,2026-02-21 15:43:00,Wire,4201.59,Canada,Grocery,60,High,Unusual Amount,DEV5067,CP12126,False Positive
FRD00865,TX315283,CUST20440,2026-07-15 15:21:00,Wire,1932.84,United States,Gaming,60,High,Geo Anomaly,DEV5514,CP13369,False Positive
FRD00866,TX315293,CUST20481,2026-01-15 21:50:00,ACH,2222.13,Mexico,Grocery,78,High,Rapid Fund Movement,DEV4027,CP14021,Escalated
FRD00867,TX315305,CUST20736,2026-07-12 04:03:00,Check,9594.9,Canada,Electronics,69,High,Unusual Amount,DEV3821,CP13079,Pending
FRD00868,TX315316,CUST20705,2026-01-04 08:10:00,ATM,10563.62,United States,Electronics,64,High,Unusual Amount,DEV5127,CP11262,False Positive
FRD00869,TX315340,CUST20685,2026-06-12 06:26:00,Card,1335.51,United States,Retail,68,High,Account Takeover,DEV4334,CP13635,Pending
FRD00870,TX315357,CUST20237,2026-04-14 17:42:00,Card,10392.38,United States,Crypto Exchange,76,High,Unusual Amount,DEV2568,CP11238,Pending
FRD00871,TX315363,CUST20667,2026-02-06 19:28:00,Wire,4356.27,United States,Luxury,75,High,Unusual Amount,DEV5852,CP10098,Escalated
FRD00872,TX315364,CUST20707,2026-07-28 08:36:00,Wire,12143.0,United States,Electronics,100,Critical,Unusual Amount,DEV6205,CP10860,Escalated
FRD00873,TX315400,CUST20458,2026-01-04 15:02:00,Card,8792.38,United States,Retail,62,High,Unusual Amount,DEV1432,CP14389,Escalated
FRD00874,TX315452,CUST20252,2026-06-30 07:25:00,Wire,12205.36,United States,Crypto Exchange,74,High,Unusual Amount,DEV1239,CP14907,Pending
FRD00875,TX315516,CUST20052,2026-04-15 16:19:00,Card,6031.02,United States,Retail,61,High,Unusual Amount,DEV1345,CP13883,Pending
FRD00876,TX315531,CUST20589,2026-05-31 21:02:00,P2P,9498.38,United States,Services,62,High,Unusual Amount,DEV4406,CP11539,False Positive
FRD00877,TX315602,CUST20378,2026-06-06 23:02:00,ACH,14924.81,United States,Luxury,68,High,Unusual Amount,DEV1398,CP14978,False Positive
FRD00878,TX315629,CUST20208,2026-07-25 23:00:00,Wire,1783.41,Brazil,Fuel,65,High,Rapid Fund Movement,DEV6459,CP10369,Pending
FRD00879,TX315648,CUST20660,2026-05-02 00:11:00,Card,1087.56,Brazil,Crypto Exchange,73,High,Velocity Spike,DEV2283,CP11627,False Positive
FRD00880,TX315649,CUST20674,2026-07-28 10:47:00,Card,4344.12,United States,Luxury,66,High,Unusual Amount,DEV6140,CP13706,False Positive
FRD00881,TX315651,CUST20274,2026-01-07 06:02:00,ATM,63820.74,United States,Travel,86,Critical,Unusual Amount,DEV1208,CP12774,Pending
FRD00882,TX315654,CUST20547,2026-02-05 21:52:00,ATM,3877.63,United Kingdom,Crypto Exchange,67,High,Unusual Amount,DEV7963,CP11370,Escalated
FRD00883,TX315681,CUST20087,2026-06-10 02:30:00,Cash Deposit,2110.16,India,Services,62,High,Unusual Amount,DEV1644,CP13562,Pending
FRD00884,TX315684,CUST20174,2026-08-27 18:11:00,ACH,5052.04,United States,Travel,61,High,Unusual Amount,DEV7878,CP11378,False Positive
FRD00885,TX315694,CUST20035,2026-07-30 08:26:00,Card,2779.63,Mexico,Retail,60,High,Unusual Amount,DEV7282,CP15204,Escalated
FRD00886,TX315698,CUST20165,2026-05-16 09:20:00,Card,14220.34,Canada,Electronics,66,High,Unusual Amount,DEV7594,CP13010,False Positive
FRD00887,TX315716,CUST20491,2026-02-15 17:52:00,ACH,7423.7,Canada,Retail,63,High,Unusual Amount,DEV6218,CP14092,False Positive
FRD00888,TX315722,CUST20129,2026-04-21 12:07:00,Card,1445.56,United States,Luxury,76,High,Account Takeover,DEV6874,CP12396,False Positive
FRD00889,TX315747,CUST20342,2026-03-12 08:13:00,P2P,5666.65,United States,Luxury,60,High,Geo Anomaly,DEV5245,CP14012,Escalated
FRD00890,TX315753,CUST20700,2026-05-16 17:51:00,ACH,4672.83,United States,Retail,72,High,Repeated Counterparty,DEV7939,CP99999,Escalated
FRD00891,TX315761,CUST20457,2026-03-02 17:10:00,P2P,8005.11,India,Crypto Exchange,60,High,Geo Anomaly,DEV1452,CP12867,Confirmed Fraud
FRD00892,TX315823,CUST20644,2026-04-22 04:24:00,Wire,508.4,United States,Grocery,67,High,Rapid Fund Movement,DEV6413,CP12538,False Positive
FRD00893,TX315830,CUST20413,2026-03-14 03:50:00,Wire,44392.59,United States,Travel,100,Critical,Unusual Amount,DEV2616,CP14357,Pending
FRD00894,TX315869,CUST20747,2026-02-06 05:45:00,Wire,952.05,United States,Services,71,High,Velocity Spike,DEV2106,CP10340,Pending
FRD00895,TX315877,CUST20236,2026-06-11 04:21:00,Card,6805.71,United Kingdom,Services,65,High,Unusual Amount,DEV1975,CP12764,Confirmed Fraud
FRD00896,TX315917,CUST20472,2026-04-02 21:39:00,ACH,5687.5,Mexico,Services,60,High,Unusual Amount,DEV7023,CP11160,False Positive
FRD00897,TX315922,CUST20509,2026-05-22 12:15:00,Card,13734.85,Brazil,Fuel,63,High,Unusual Amount,DEV1076,CP15801,Confirmed Fraud
FRD00898,TX315927,CUST20029,2026-08-08 08:57:00,ATM,926.59,United Kingdom,Luxury,73,High,Velocity Spike,DEV5333,CP14031,Escalated
FRD00899,TX315942,CUST20585,2026-05-13 22:25:00,ATM,20594.28,United States,Fuel,66,High,Unusual Amount,DEV1754,CP12383,False Positive
FRD00900,TX315958,CUST20587,2026-06-05 23:13:00,Card,10652.92,Nigeria,Services,62,High,Unusual Amount,DEV6451,CP12199,Pending
FRD00901,TX315994,CUST20346,2026-04-11 20:19:00,ATM,12388.42,Nigeria,Retail,96,Critical,Unusual Amount,DEV4261,CP14802,Confirmed Fraud
FRD00902,TX316010,CUST20328,2026-01-28 21:17:00,P2P,1206.29,United Arab Emirates,Electronics,64,High,Geo Anomaly,DEV7195,CP14392,Escalated
FRD00903,TX316015,CUST20125,2026-06-07 02:45:00,ACH,17349.78,Turkey,Retail,60,High,Unusual Amount,DEV7318,CP11580,Escalated
FRD00904,TX316066,CUST20637,2026-04-21 10:13:00,ACH,5326.82,United States,Gaming,77,High,Unusual Amount,DEV6527,CP11225,Pending
FRD00905,TX316141,CUST20528,2026-03-25 21:12:00,P2P,5468.78,Mexico,Fuel,100,Critical,Unusual Amount,DEV7679,CP10198,False Positive
FRD00906,TX316146,CUST20177,2026-08-27 05:38:00,Check,10611.98,United States,Grocery,100,Critical,Unusual Amount,DEV5132,CP14197,Pending
FRD00907,TX316153,CUST20063,2026-07-15 17:49:00,ACH,83.06,United States,Services,62,High,Rapid Fund Movement,DEV7273,CP11094,Escalated
FRD00908,TX316154,CUST20662,2026-05-01 02:21:00,P2P,7184.42,Nigeria,Travel,82,Critical,Unusual Amount,DEV6152,CP14515,Escalated
FRD00909,TX316194,CUST20314,2026-02-27 02:17:00,Check,6026.45,United States,Gaming,63,High,Unusual Amount,DEV4869,CP15638,False Positive
FRD00910,TX316209,CUST20080,2026-05-24 00:40:00,Check,8965.98,United States,Gaming,66,High,Unusual Amount,DEV3185,CP10857,Pending
FRD00911,TX316214,CUST20261,2026-04-15 22:39:00,Card,12055.33,United States,Grocery,61,High,Unusual Amount,DEV5668,CP11309,Pending
FRD00912,TX316262,CUST20455,2026-08-06 12:54:00,Wire,6212.08,United States,Crypto Exchange,99,Critical,Velocity Spike,DEV7370,CP10049,Pending
FRD00913,TX316300,CUST20509,2026-06-20 11:03:00,Check,1024.17,Nigeria,Crypto Exchange,61,High,Geo Anomaly,DEV7898,CP15226,Pending
FRD00914,TX316321,CUST20648,2026-08-27 11:24:00,P2P,6294.13,United States,Gaming,66,High,Unusual Amount,DEV4353,CP12097,Confirmed Fraud
FRD00915,TX316334,CUST20628,2026-01-21 23:57:00,ACH,4950.93,Turkey,Electronics,61,High,Geo Anomaly,DEV6114,CP13433,Pending
FRD00916,TX316339,CUST20459,2026-07-04 07:59:00,ACH,37639.92,United Kingdom,Travel,100,Critical,Unusual Amount,DEV1359,CP15063,Pending
FRD00917,TX316344,CUST20321,2026-03-25 04:01:00,Card,37820.6,United States,Gaming,76,High,Unusual Amount,DEV4368,CP12366,Pending
FRD00918,TX316356,CUST20201,2026-08-17 11:03:00,Card,10560.8,Turkey,Crypto Exchange,75,High,Geo Anomaly,DEV4393,CP13130,Pending
FRD00919,TX316371,CUST20449,2026-03-24 12:01:00,ACH,963.8,United Kingdom,Luxury,68,High,Rapid Fund Movement,DEV4048,CP15050,Pending
FRD00920,TX316373,CUST20723,2026-06-08 16:01:00,Card,17327.85,India,Gaming,70,High,Unusual Amount,DEV2336,CP14911,Pending
FRD00921,TX316377,CUST20221,2026-08-25 19:10:00,Card,16439.1,United States,Travel,61,High,Unusual Amount,DEV2255,CP10339,Escalated
FRD00922,TX316385,CUST20305,2026-02-14 07:51:00,ACH,895.63,United States,Gaming,65,High,Repeated Counterparty,DEV5828,CP99999,Pending
FRD00923,TX316406,CUST20141,2026-01-17 20:43:00,Card,819.41,Canada,Luxury,80,Critical,Account Takeover,DEV3917,CP15946,Escalated
FRD00924,TX316425,CUST20198,2026-09-06 00:38:00,Card,73057.43,United States,Crypto Exchange,63,High,Unusual Amount,DEV6655,CP13708,Pending
FRD00925,TX316437,CUST20667,2026-06-14 05:35:00,Card,17711.17,Mexico,Luxury,77,High,Unusual Amount,DEV4239,CP10573,Escalated
FRD00926,TX316439,CUST20563,2026-07-30 19:17:00,ACH,5799.57,United States,Gaming,75,High,Unusual Amount,DEV1979,CP14575,Pending
FRD00927,TX316458,CUST20207,2026-06-01 23:46:00,Card,1513.56,United Kingdom,Electronics,61,High,Velocity Spike,DEV5394,CP15708,Escalated
FRD00928,TX316471,CUST20326,2026-08-14 18:21:00,P2P,4772.48,Brazil,Travel,64,High,Unusual Amount,DEV2374,CP10815,Pending
FRD00929,TX316487,CUST20321,2026-06-24 13:32:00,Wire,11789.67,United States,Travel,60,High,Unusual Amount,DEV7393,CP12709,False Positive
FRD00930,TX316523,CUST20392,2026-03-11 09:32:00,Card,2255.25,Canada,Retail,66,High,Velocity Spike,DEV5353,CP12599,False Positive
FRD00931,TX316527,CUST20275,2026-03-29 16:07:00,Card,1031.52,United States,Crypto Exchange,84,Critical,Account Takeover,DEV4272,CP13908,Pending
FRD00932,TX316577,CUST20259,2026-08-23 21:49:00,ATM,15718.2,United States,Electronics,65,High,Unusual Amount,DEV2049,CP12848,Pending
FRD00933,TX316588,CUST20251,2026-04-21 16:46:00,Card,10281.51,United States,Retail,79,High,Unusual Amount,DEV6217,CP15279,Escalated
FRD00934,TX316619,CUST20509,2026-09-08 04:38:00,Check,12369.04,India,Crypto Exchange,100,Critical,Unusual Amount,DEV1921,CP11140,False Positive
FRD00935,TX316627,CUST20193,2026-05-28 23:08:00,P2P,1349.69,United States,Luxury,76,High,Account Takeover,DEV7378,CP12763,False Positive
FRD00936,TX316695,CUST20203,2026-07-31 02:37:00,Check,7461.87,Nigeria,Electronics,62,High,Unusual Amount,DEV1107,CP15922,Pending
FRD00937,TX316706,CUST20540,2026-08-17 15:36:00,Wire,2716.24,United States,Gaming,60,High,Geo Anomaly,DEV7162,CP11758,False Positive
FRD00938,TX316714,CUST20496,2026-05-04 20:44:00,Wire,4088.2,India,Luxury,60,High,Geo Anomaly,DEV3586,CP11248,False Positive
FRD00939,TX316717,CUST20165,2026-08-11 07:58:00,Card,14491.62,Nigeria,Crypto Exchange,72,High,Unusual Amount,DEV4290,CP11004,False Positive
FRD00940,TX316744,CUST20167,2026-05-05 20:24:00,Card,8727.88,Canada,Luxury,65,High,Unusual Amount,DEV6766,CP12976,Escalated
FRD00941,TX316765,CUST20479,2026-01-04 23:17:00,Card,24531.32,Mexico,Services,66,High,Unusual Amount,DEV7826,CP12282,Confirmed Fraud
FRD00942,TX316769,CUST20355,2026-01-17 04:11:00,ATM,25664.37,India,Services,69,High,Unusual Amount,DEV6735,CP13425,False Positive
FRD00943,TX316779,CUST20736,2026-05-31 18:21:00,Card,40488.7,United States,Services,99,Critical,Unusual Amount,DEV4525,CP11593,False Positive
FRD00944,TX316797,CUST20544,2026-08-25 07:46:00,P2P,2917.3,Canada,Travel,65,High,Account Takeover,DEV6445,CP12914,Pending
FRD00945,TX316823,CUST20020,2026-06-11 08:36:00,Card,158.02,United States,Grocery,76,High,Account Takeover,DEV7657,CP15538,Pending
FRD00946,TX316892,CUST20019,2026-08-07 22:28:00,P2P,9403.41,Canada,Fuel,60,High,Unusual Amount,DEV5643,CP12424,Confirmed Fraud
FRD00947,TX316906,CUST20179,2026-09-09 20:09:00,ACH,18019.22,India,Crypto Exchange,69,High,Unusual Amount,DEV7262,CP14133,False Positive
FRD00948,TX316927,CUST20709,2026-05-22 23:10:00,Cash Deposit,13088.06,Turkey,Crypto Exchange,85,Critical,Geo Anomaly,DEV5006,CP11819,Pending
FRD00949,TX316947,CUST20669,2026-05-12 19:53:00,P2P,17132.78,Canada,Retail,85,Critical,Unusual Amount,DEV1665,CP11685,False Positive
FRD00950,TX316982,CUST20007,2026-02-15 05:40:00,Wire,4579.24,Nigeria,Electronics,87,Critical,Geo Anomaly,DEV3782,CP11094,False Positive
FRD00951,TX316995,CUST20575,2026-04-24 12:17:00,Card,1155.44,India,Crypto Exchange,80,Critical,Account Takeover,DEV4061,CP13300,Pending
FRD00952,TX317031,CUST20540,2026-09-02 11:59:00,P2P,4804.78,United States,Electronics,65,High,Unusual Amount,DEV5995,CP15046,Pending
FRD00953,TX317046,CUST20174,2026-02-06 23:07:00,Card,5274.93,India,Electronics,61,High,Unusual Amount,DEV5331,CP10666,False Positive
FRD00954,TX317057,CUST20092,2026-03-18 04:11:00,P2P,50263.63,Canada,Crypto Exchange,64,High,Unusual Amount,DEV2534,CP11390,False Positive
FRD00955,TX317060,CUST20547,2026-02-13 08:47:00,ACH,4417.15,United States,Fuel,83,Critical,Rapid Fund Movement,DEV3408,CP12700,Pending
FRD00956,TX317062,CUST20174,2026-08-25 09:58:00,P2P,7426.02,United Kingdom,Crypto Exchange,100,Critical,Account Takeover,DEV7497,CP14397,Confirmed Fraud
FRD00957,TX317063,CUST20737,2026-02-19 05:04:00,ACH,12782.8,Turkey,Travel,61,High,Unusual Amount,DEV6005,CP11729,Pending
FRD00958,TX317066,CUST20186,2026-08-09 01:37:00,P2P,17153.53,United States,Luxury,62,High,Unusual Amount,DEV7470,CP12385,False Positive
FRD00959,TX317068,CUST20503,2026-03-23 08:38:00,ACH,7428.87,United States,Crypto Exchange,65,High,Unusual Amount,DEV7030,CP10535,Escalated
FRD00960,TX317080,CUST20138,2026-04-04 01:10:00,Check,3174.56,Brazil,Services,66,High,Unusual Amount,DEV5672,CP11991,Confirmed Fraud
FRD00961,TX317098,CUST20259,2026-03-09 12:39:00,ACH,6588.17,United States,Crypto Exchange,65,High,Unusual Amount,DEV2019,CP11861,False Positive
FRD00962,TX317159,CUST20197,2026-04-14 15:34:00,ACH,2363.9,United Kingdom,Crypto Exchange,71,High,Rapid Fund Movement,DEV5614,CP12698,Pending
FRD00963,TX317160,CUST20701,2026-08-09 08:44:00,ACH,5636.95,United States,Travel,63,High,Unusual Amount,DEV7809,CP15512,Escalated
FRD00964,TX317179,CUST20505,2026-03-26 11:41:00,P2P,7801.75,United Arab Emirates,Luxury,60,High,Geo Anomaly,DEV7540,CP10446,False Positive
FRD00965,TX317197,CUST20170,2026-03-27 19:40:00,Check,7764.41,United States,Fuel,69,High,Unusual Amount,DEV3632,CP11641,Confirmed Fraud
FRD00966,TX317202,CUST20448,2026-04-18 03:03:00,P2P,2659.24,United Arab Emirates,Grocery,74,High,Unusual Amount,DEV3795,CP12909,Pending
FRD00967,TX317248,CUST20453,2026-04-14 08:08:00,Card,56840.1,Mexico,Services,100,Critical,Unusual Amount,DEV6394,CP13770,False Positive
FRD00968,TX317252,CUST20045,2026-02-16 23:02:00,P2P,1773.99,United States,Crypto Exchange,65,High,Geo Anomaly,DEV4982,CP12312,Confirmed Fraud
FRD00969,TX317273,CUST20625,2026-02-22 05:06:00,Wire,14269.06,United States,Gaming,63,High,Geo Anomaly,DEV5270,CP11466,Pending
FRD00970,TX317331,CUST20241,2026-06-07 09:08:00,ACH,1357.94,Nigeria,Fuel,63,High,Geo Anomaly,DEV1019,CP10782,Pending
FRD00971,TX317343,CUST20213,2026-02-02 10:51:00,P2P,2066.72,United States,Crypto Exchange,81,Critical,Rapid Fund Movement,DEV5551,CP12888,Escalated
FRD00972,TX317348,CUST20447,2026-01-07 17:01:00,Card,4450.27,Mexico,Gaming,68,High,Unusual Amount,DEV5592,CP14968,Pending
FRD00973,TX317356,CUST20082,2026-01-09 23:00:00,ATM,5443.1,Turkey,Services,67,High,Velocity Spike,DEV7995,CP10405,Escalated
FRD00974,TX317364,CUST20653,2026-07-13 10:22:00,Wire,20977.94,Nigeria,Crypto Exchange,76,High,Unusual Amount,DEV7609,CP12451,Confirmed Fraud
FRD00975,TX317423,CUST20447,2026-08-28 05:25:00,ACH,6746.48,United States,Electronics,65,High,Unusual Amount,DEV2919,CP12793,False Positive
FRD00976,TX317436,CUST20641,2026-05-11 14:39:00,Check,6922.7,Canada,Electronics,69,High,Velocity Spike,DEV1343,CP11865,False Positive
FRD00977,TX317438,CUST20050,2026-09-08 21:38:00,Card,2711.85,India,Retail,65,High,Account Takeover,DEV6614,CP11436,Escalated
FRD00978,TX317456,CUST20699,2026-05-20 07:56:00,Wire,781.96,Mexico,Fuel,63,High,Rapid Fund Movement,DEV7018,CP11310,Pending
FRD00979,TX317483,CUST20317,2026-06-30 16:01:00,Card,184.29,United States,Luxury,67,High,Velocity Spike,DEV4767,CP11661,False Positive
FRD00980,TX317494,CUST20396,2026-05-12 21:10:00,ACH,15734.11,Mexico,Retail,61,High,Unusual Amount,DEV3479,CP14598,Pending
FRD00981,TX317500,CUST20147,2026-02-08 05:27:00,Card,11388.85,United States,Services,61,High,Unusual Amount,DEV4698,CP10682,False Positive
FRD00982,TX317509,CUST20502,2026-08-18 07:49:00,P2P,31975.92,Canada,Retail,100,Critical,Unusual Amount,DEV7907,CP12479,False Positive
FRD00983,TX317512,CUST20512,2026-08-29 18:05:00,ACH,1100.97,United States,Luxury,61,High,Velocity Spike,DEV1544,CP13841,Escalated
FRD00984,TX317529,CUST20611,2026-07-03 05:15:00,Card,4133.74,United Arab Emirates,Travel,62,High,Unusual Amount,DEV3084,CP11525,Escalated
FRD00985,TX317541,CUST20468,2026-05-01 11:31:00,Wire,9568.78,United States,Gaming,82,Critical,Unusual Amount,DEV7033,CP10139,Pending
FRD00986,TX317544,CUST20475,2026-07-25 06:37:00,Wire,233506.01,United States,Electronics,100,Critical,Unusual Amount,DEV3344,CP14304,False Positive
FRD00987,TX317576,CUST20566,2026-07-18 01:51:00,ATM,8278.75,United States,Crypto Exchange,84,Critical,Unusual Amount,DEV3221,CP15320,Confirmed Fraud
FRD00988,TX317577,CUST20527,2026-03-01 16:06:00,Card,3447.92,United States,Fuel,86,Critical,Account Takeover,DEV5109,CP12603,False Positive
FRD00989,TX317588,CUST20329,2026-06-11 17:28:00,P2P,1429.53,India,Gaming,72,High,Velocity Spike,DEV1927,CP14008,Pending
FRD00990,TX317595,CUST20440,2026-06-28 17:10:00,Check,4695.8,Mexico,Grocery,60,High,Unusual Amount,DEV5755,CP13015,False Positive
FRD00991,TX317606,CUST20556,2026-02-24 01:45:00,P2P,12670.82,United Kingdom,Electronics,100,Critical,Unusual Amount,DEV3379,CP10486,Escalated
FRD00992,TX317613,CUST20245,2026-04-17 09:11:00,Wire,5151.17,Turkey,Gaming,61,High,Geo Anomaly,DEV1004,CP10261,Escalated
FRD00993,TX317625,CUST20718,2026-08-15 22:51:00,Cash Deposit,11508.57,United States,Travel,94,Critical,Unusual Amount,DEV7032,CP10940,False Positive
FRD00994,TX317628,CUST20623,2026-03-22 16:12:00,Card,1605.05,United Kingdom,Luxury,69,High,Account Takeover,DEV6872,CP10454,Pending
FRD00995,TX317636,CUST20540,2026-01-29 03:16:00,P2P,4639.76,United States,Electronics,61,High,Unusual Amount,DEV2413,CP10433,Pending
FRD00996,TX317642,CUST20719,2026-05-19 07:49:00,Wire,2196.22,Turkey,Crypto Exchange,96,Critical,Geo Anomaly,DEV3009,CP14264,Pending
FRD00997,TX317646,CUST20046,2026-07-12 04:06:00,P2P,5616.86,United Kingdom,Travel,85,Critical,Account Takeover,DEV2473,CP12799,False Positive
FRD00998,TX317665,CUST20326,2026-08-23 13:40:00,P2P,5612.79,India,Retail,73,High,Unusual Amount,DEV1561,CP14619,Escalated
FRD00999,TX317670,CUST20446,2026-03-18 12:41:00,Card,1563.36,Mexico,Electronics,71,High,Account Takeover,DEV1450,CP11169,Pending
FRD01000,TX317676,CUST20349,2026-07-31 06:35:00,P2P,6221.87,United States,Gaming,75,High,Unusual Amount,DEV5801,CP10038,Escalated
FRD01001,TX317689,CUST20418,2026-08-20 02:59:00,ACH,447.35,Brazil,Gaming,72,High,Velocity Spike,DEV2320,CP11958,Pending
FRD01002,TX317698,CUST20009,2026-02-08 01:05:00,Card,3830.85,Turkey,Retail,66,High,Account Takeover,DEV3702,CP13029,Pending
FRD01003,TX317706,CUST20021,2026-02-28 05:51:00,Card,7292.64,Canada,Electronics,66,High,Unusual Amount,DEV3141,CP13447,False Positive
FRD01004,TX317721,CUST20549,2026-02-17 16:52:00,ACH,11476.16,United States,Retail,65,High,Unusual Amount,DEV1412,CP15065,Escalated
FRD01005,TX317732,CUST20019,2026-01-03 15:39:00,P2P,5432.91,United States,Retail,85,Critical,Account Takeover,DEV4875,CP13114,Pending
FRD01006,TX317735,CUST20706,2026-01-19 06:00:00,Check,12958.0,United States,Services,60,High,Unusual Amount,DEV4494,CP13982,False Positive
FRD01007,TX317762,CUST20509,2026-01-08 14:02:00,P2P,2418.16,United Arab Emirates,Gaming,70,High,Geo Anomaly,DEV2081,CP15211,Escalated
FRD01008,TX317766,CUST20212,2026-08-03 17:31:00,P2P,4640.24,United Kingdom,Luxury,65,High,Geo Anomaly,DEV3215,CP12621,False Positive
FRD01009,TX317768,CUST20018,2026-08-23 22:19:00,Card,12399.37,Mexico,Luxury,63,High,Unusual Amount,DEV3026,CP14262,Pending
FRD01010,TX317779,CUST20624,2026-05-12 20:27:00,Wire,2174.15,India,Electronics,72,High,Rapid Fund Movement,DEV2720,CP10118,Pending
FRD01011,TX317816,CUST20474,2026-08-23 22:31:00,Cash Deposit,11399.39,Mexico,Travel,65,High,Unusual Amount,DEV2612,CP12351,Escalated
FRD01012,TX317821,CUST20254,2026-04-01 13:12:00,P2P,13899.72,United States,Electronics,61,High,Unusual Amount,DEV7203,CP15779,Pending
FRD01013,TX317874,CUST20237,2026-08-07 13:28:00,P2P,7010.86,United States,Grocery,70,High,Unusual Amount,DEV3213,CP13093,Escalated
FRD01014,TX317890,CUST20066,2026-01-06 04:25:00,ACH,2414.5,United States,Electronics,82,Critical,Rapid Fund Movement,DEV4563,CP10314,Pending
FRD01015,TX317940,CUST20033,2026-07-21 22:46:00,Wire,43889.52,United States,Fuel,62,High,Unusual Amount,DEV2701,CP12506,Pending
FRD01016,TX317973,CUST20457,2026-05-14 23:43:00,Cash Deposit,572.72,Turkey,Crypto Exchange,69,High,Geo Anomaly,DEV5284,CP10407,Confirmed Fraud
FRD01017,TX318005,CUST20441,2026-05-17 01:44:00,Wire,16941.6,United States,Grocery,68,High,Unusual Amount,DEV4842,CP13599,Escalated
FRD01018,TX318050,CUST20005,2026-07-05 08:42:00,Card,8721.88,United States,Gaming,66,High,Unusual Amount,DEV7021,CP13494,Escalated
FRD01019,TX318062,CUST20701,2026-04-28 19:01:00,ACH,5202.78,India,Luxury,68,High,Unusual Amount,DEV5891,CP10609,False Positive
FRD01020,TX318068,CUST20352,2026-08-06 00:08:00,ATM,56733.08,India,Electronics,68,High,Unusual Amount,DEV3582,CP10180,False Positive
FRD01021,TX318091,CUST20261,2026-05-14 10:10:00,P2P,7558.93,United States,Travel,63,High,Unusual Amount,DEV6206,CP11156,Pending
FRD01022,TX318100,CUST20112,2026-04-06 06:13:00,Card,5605.59,United States,Travel,67,High,Unusual Amount,DEV2187,CP12311,Pending
FRD01023,TX318112,CUST20228,2026-03-07 22:47:00,Wire,12262.97,United Kingdom,Luxury,68,High,Unusual Amount,DEV1798,CP12740,False Positive
FRD01024,TX318141,CUST20393,2026-07-24 16:51:00,Cash Deposit,14896.94,United States,Gaming,100,Critical,Unusual Amount,DEV2940,CP15666,False Positive
FRD01025,TX318148,CUST20314,2026-06-23 14:36:00,Card,4769.41,Nigeria,Services,92,Critical,Geo Anomaly,DEV4046,CP12257,False Positive
FRD01026,TX318163,CUST20462,2026-06-22 00:54:00,P2P,2684.78,United States,Electronics,68,High,Rapid Fund Movement,DEV6185,CP14247,Confirmed Fraud
FRD01027,TX318191,CUST20045,2026-06-18 09:36:00,Card,7121.46,Turkey,Crypto Exchange,67,High,Unusual Amount,DEV2543,CP12927,Confirmed Fraud
FRD01028,TX318219,CUST20097,2026-08-31 04:23:00,Card,1535.17,India,Services,80,Critical,Velocity Spike,DEV1955,CP11390,Confirmed Fraud
FRD01029,TX318230,CUST20374,2026-07-04 07:45:00,Card,1073.67,United States,Electronics,72,High,Account Takeover,DEV1385,CP10001,Pending
FRD01030,TX318255,CUST20427,2026-02-21 15:55:00,P2P,408.01,Nigeria,Services,70,High,Geo Anomaly,DEV2622,CP12733,False Positive
FRD01031,TX318266,CUST20265,2026-04-06 02:43:00,P2P,12980.07,United States,Crypto Exchange,73,High,Unusual Amount,DEV2836,CP11421,Pending
FRD01032,TX318281,CUST20211,2026-07-02 17:22:00,Card,13203.06,United States,Luxury,60,High,Unusual Amount,DEV2427,CP15207,False Positive
FRD01033,TX318284,CUST20596,2026-05-20 10:52:00,Card,1036.73,Mexico,Grocery,78,High,Account Takeover,DEV6403,CP14519,Pending
FRD01034,TX318295,CUST20568,2026-07-30 11:51:00,Check,772.5,Mexico,Fuel,65,High,Velocity Spike,DEV7016,CP13429,Pending
FRD01035,TX318303,CUST20344,2026-08-21 00:50:00,Card,13222.04,Canada,Grocery,67,High,Unusual Amount,DEV6726,CP15702,False Positive
FRD01036,TX318321,CUST20445,2026-09-03 07:06:00,P2P,4397.97,Brazil,Electronics,63,High,Unusual Amount,DEV7640,CP10140,False Positive
FRD01037,TX318376,CUST20320,2026-07-08 12:05:00,Card,8198.01,United States,Gaming,62,High,Unusual Amount,DEV3872,CP14523,False Positive
FRD01038,TX318378,CUST20336,2026-01-22 21:53:00,ACH,16211.37,United States,Grocery,86,Critical,Unusual Amount,DEV4634,CP14155,False Positive
FRD01039,TX318385,CUST20472,2026-01-17 21:58:00,ATM,10596.68,United Arab Emirates,Services,61,High,Unusual Amount,DEV2318,CP14600,Escalated
FRD01040,TX318386,CUST20476,2026-04-07 06:29:00,ACH,1238.86,United States,Electronics,67,High,Rapid Fund Movement,DEV3838,CP13904,Pending
FRD01041,TX318390,CUST20338,2026-03-27 18:57:00,Wire,4920.9,Mexico,Luxury,97,Critical,Unusual Amount,DEV5367,CP10224,False Positive
FRD01042,TX318406,CUST20140,2026-04-10 06:57:00,Wire,1982.86,Turkey,Services,66,High,Rapid Fund Movement,DEV3334,CP11762,Pending
FRD01043,TX318407,CUST20318,2026-02-21 03:47:00,Wire,1116.86,Brazil,Luxury,66,High,Rapid Fund Movement,DEV2830,CP10493,Confirmed Fraud
FRD01044,TX318416,CUST20193,2026-09-08 21:59:00,P2P,1602.81,United States,Grocery,78,High,Account Takeover,DEV7567,CP13979,Escalated
FRD01045,TX318418,CUST20110,2026-06-09 12:24:00,Cash Deposit,142.37,United Arab Emirates,Services,62,High,Geo Anomaly,DEV6930,CP14191,Escalated
FRD01046,TX318429,CUST20406,2026-08-31 21:57:00,Wire,1361.49,United States,Services,63,High,Rapid Fund Movement,DEV7292,CP14598,Pending
FRD01047,TX318442,CUST20507,2026-05-08 02:25:00,Card,11534.33,Nigeria,Services,61,High,Unusual Amount,DEV5807,CP13222,Pending
FRD01048,TX318459,CUST20032,2026-03-28 20:36:00,P2P,4141.2,United Kingdom,Crypto Exchange,68,High,Unusual Amount,DEV3648,CP13848,False Positive
FRD01049,TX318496,CUST20344,2026-08-06 22:11:00,ACH,9717.52,United States,Gaming,75,High,Unusual Amount,DEV6883,CP15254,Pending
FRD01050,TX318516,CUST20023,2026-04-05 06:00:00,Check,1781.96,United Arab Emirates,Crypto Exchange,70,High,Geo Anomaly,DEV1319,CP15462,Escalated
FRD01051,TX318561,CUST20382,2026-02-10 15:22:00,ACH,11964.42,United Kingdom,Grocery,61,High,Unusual Amount,DEV5405,CP11617,Confirmed Fraud
FRD01052,TX318568,CUST20527,2026-02-16 12:26:00,ATM,10267.37,Canada,Gaming,69,High,Unusual Amount,DEV5582,CP14107,Confirmed Fraud
FRD01053,TX318593,CUST20283,2026-02-25 04:46:00,Check,23325.8,United States,Gaming,100,Critical,Unusual Amount,DEV7670,CP10579,Escalated
FRD01054,TX318624,CUST20282,2026-07-15 01:53:00,Cash Deposit,12670.47,United States,Fuel,66,High,Unusual Amount,DEV7780,CP13469,Escalated
FRD01055,TX318633,CUST20035,2026-03-12 20:35:00,P2P,244.93,United Kingdom,Travel,81,Critical,Account Takeover,DEV5048,CP10712,Escalated
FRD01056,TX318654,CUST20731,2026-05-29 07:13:00,ACH,26169.0,United States,Travel,100,Critical,Unusual Amount,DEV7590,CP14072,Pending
FRD01057,TX318659,CUST20582,2026-02-10 13:13:00,ACH,6218.77,Nigeria,Gaming,75,High,Unusual Amount,DEV5704,CP15909,Confirmed Fraud
FRD01058,TX318688,CUST20744,2026-04-01 04:27:00,Card,8051.67,Brazil,Travel,74,High,Velocity Spike,DEV7320,CP15978,Pending
FRD01059,TX318698,CUST20614,2026-04-01 00:48:00,Cash Deposit,88483.65,Mexico,Retail,100,Critical,Unusual Amount,DEV4915,CP13776,Escalated
FRD01060,TX318710,CUST20233,2026-07-25 21:27:00,ACH,11431.06,Turkey,Luxury,65,High,Unusual Amount,DEV3786,CP10817,False Positive
FRD01061,TX318716,CUST20706,2026-03-26 23:26:00,Card,20102.05,Turkey,Grocery,94,Critical,Unusual Amount,DEV1512,CP15773,Escalated
FRD01062,TX318738,CUST20635,2026-05-06 09:46:00,P2P,1729.47,United Arab Emirates,Crypto Exchange,60,High,Geo Anomaly,DEV1404,CP15094,False Positive
FRD01063,TX318796,CUST20242,2026-02-14 16:48:00,ATM,3943.81,Mexico,Services,69,High,Unusual Amount,DEV1916,CP13126,Pending
FRD01064,TX318818,CUST20397,2026-01-28 13:41:00,Wire,169576.07,United Kingdom,Retail,100,Critical,Unusual Amount,DEV5294,CP12253,Escalated
FRD01065,TX318837,CUST20265,2026-03-29 02:31:00,P2P,2007.9,United Arab Emirates,Luxury,62,High,Geo Anomaly,DEV4947,CP12180,Confirmed Fraud
FRD01066,TX318878,CUST20547,2026-04-01 00:05:00,P2P,2541.66,Nigeria,Retail,69,High,Unusual Amount,DEV3208,CP10963,Pending
FRD01067,TX318897,CUST20310,2026-04-25 22:41:00,ACH,7379.61,Turkey,Services,79,High,Geo Anomaly,DEV2027,CP14572,False Positive
FRD01068,TX318916,CUST20656,2026-07-16 05:10:00,Check,8505.38,Mexico,Luxury,70,High,Unusual Amount,DEV5548,CP13801,Confirmed Fraud
FRD01069,TX318924,CUST20054,2026-08-23 09:44:00,Card,22697.72,United Kingdom,Luxury,66,High,Unusual Amount,DEV1463,CP10695,False Positive
FRD01070,TX318951,CUST20442,2026-06-16 08:48:00,P2P,31043.9,United Arab Emirates,Grocery,100,Critical,Unusual Amount,DEV7183,CP13325,Pending
FRD01071,TX318989,CUST20163,2026-07-13 19:01:00,Wire,10200.56,Nigeria,Electronics,60,High,Unusual Amount,DEV4685,CP12070,Pending
FRD01072,TX318990,CUST20272,2026-03-18 04:05:00,Wire,8431.4,United Arab Emirates,Electronics,66,High,Unusual Amount,DEV5454,CP11299,False Positive
FRD01073,TX318994,CUST20448,2026-08-29 02:45:00,ACH,14727.58,United States,Travel,61,High,Unusual Amount,DEV4620,CP14952,Confirmed Fraud
FRD01074,TX318995,CUST20557,2026-03-23 20:48:00,ACH,24455.53,United States,Retail,100,Critical,Unusual Amount,DEV5661,CP14904,Confirmed Fraud
FRD01075,TX319006,CUST20654,2026-07-31 02:59:00,Card,6729.85,United States,Services,62,High,Unusual Amount,DEV5300,CP10904,Confirmed Fraud
FRD01076,TX319009,CUST20743,2026-01-20 23:22:00,P2P,2226.88,Mexico,Electronics,79,High,Account Takeover,DEV6325,CP15971,False Positive
FRD01077,TX319013,CUST20087,2026-02-11 13:26:00,Card,15106.07,Nigeria,Electronics,67,High,Unusual Amount,DEV4812,CP11194,Escalated
FRD01078,TX319035,CUST20539,2026-06-30 10:05:00,Cash Deposit,2560.5,United States,Grocery,63,High,Unusual Amount,DEV2603,CP14844,False Positive
FRD01079,TX319048,CUST20620,2026-07-09 12:51:00,ACH,2991.94,United Arab Emirates,Gaming,67,High,Unusual Amount,DEV4046,CP11413,Escalated
FRD01080,TX319053,CUST20307,2026-04-10 05:09:00,Card,7780.6,Nigeria,Retail,66,High,Unusual Amount,DEV7553,CP15370,False Positive
FRD01081,TX319062,CUST20272,2026-05-27 14:25:00,P2P,2063.71,Canada,Crypto Exchange,64,High,Geo Anomaly,DEV1795,CP11611,False Positive
FRD01082,TX319077,CUST20680,2026-06-26 20:16:00,Card,10014.76,United States,Electronics,72,High,Unusual Amount,DEV1295,CP15330,Confirmed Fraud
FRD01083,TX319094,CUST20635,2026-07-17 08:54:00,Wire,4453.55,United States,Services,64,High,Unusual Amount,DEV1940,CP14994,Escalated
FRD01084,TX319128,CUST20252,2026-06-19 21:58:00,Check,6617.91,United Arab Emirates,Luxury,96,Critical,Geo Anomaly,DEV5484,CP12609,Pending
FRD01085,TX319144,CUST20396,2026-01-17 00:06:00,P2P,19466.54,United States,Crypto Exchange,69,High,Unusual Amount,DEV3776,CP10735,Escalated
FRD01086,TX319146,CUST20084,2026-05-17 10:15:00,Cash Deposit,11271.08,Mexico,Crypto Exchange,75,High,Unusual Amount,DEV2417,CP15774,Pending
FRD01087,TX319195,CUST20029,2026-06-23 17:44:00,Wire,9893.09,India,Gaming,76,High,Unusual Amount,DEV3112,CP10701,Confirmed Fraud
FRD01088,TX319199,CUST20583,2026-08-26 14:53:00,P2P,960.07,Turkey,Gaming,65,High,Geo Anomaly,DEV4341,CP11473,Pending
FRD01089,TX319207,CUST20283,2026-02-02 18:07:00,P2P,2135.14,United Arab Emirates,Travel,74,High,Unusual Amount,DEV3547,CP10615,False Positive
FRD01090,TX319247,CUST20430,2026-06-14 05:48:00,Check,8843.37,United States,Luxury,62,High,Unusual Amount,DEV4619,CP13100,Confirmed Fraud
FRD01091,TX319305,CUST20705,2026-09-06 21:44:00,Card,3890.9,Mexico,Fuel,64,High,Unusual Amount,DEV1686,CP14909,False Positive
FRD01092,TX319318,CUST20349,2026-05-28 06:46:00,P2P,10288.51,United States,Travel,100,Critical,Unusual Amount,DEV7583,CP13196,Escalated
FRD01093,TX319329,CUST20250,2026-03-28 21:01:00,ACH,8653.09,United States,Travel,64,High,Rapid Fund Movement,DEV6954,CP15557,False Positive
FRD01094,TX319337,CUST20163,2026-05-16 15:08:00,ACH,1908.9,Brazil,Gaming,81,Critical,Rapid Fund Movement,DEV4182,CP14641,False Positive
FRD01095,TX319338,CUST20474,2026-07-05 07:28:00,Card,593.75,United States,Crypto Exchange,72,High,Account Takeover,DEV3849,CP12364,Pending
FRD01096,TX319348,CUST20696,2026-04-25 09:57:00,P2P,3191.48,Canada,Crypto Exchange,64,High,Geo Anomaly,DEV4044,CP10417,False Positive
FRD01097,TX319355,CUST20457,2026-05-01 19:10:00,ATM,899.1,Turkey,Gaming,62,High,Geo Anomaly,DEV6655,CP15664,Escalated
FRD01098,TX319380,CUST20528,2026-02-06 20:57:00,Card,3563.75,Brazil,Electronics,60,High,Unusual Amount,DEV2683,CP15851,Confirmed Fraud
FRD01099,TX319382,CUST20430,2026-03-24 22:35:00,P2P,8286.51,United Kingdom,Services,100,Critical,Rapid Fund Movement,DEV7527,CP12049,Escalated
FRD01100,TX319383,CUST20346,2026-07-08 07:37:00,Card,7845.77,Canada,Crypto Exchange,71,High,Unusual Amount,DEV1224,CP12543,Pending
FRD01101,TX319385,CUST20647,2026-08-22 23:17:00,ACH,8162.26,United States,Luxury,76,High,Unusual Amount,DEV2798,CP13199,Pending
FRD01102,TX319396,CUST20021,2026-04-24 10:51:00,P2P,13414.21,Canada,Luxury,74,High,Unusual Amount,DEV6532,CP14390,Confirmed Fraud
FRD01103,TX319403,CUST20524,2026-01-21 17:28:00,P2P,1559.67,Nigeria,Luxury,82,Critical,Account Takeover,DEV4533,CP13788,False Positive
FRD01104,TX319437,CUST20400,2026-06-27 04:04:00,Wire,9415.8,United States,Electronics,68,High,Unusual Amount,DEV7598,CP14794,Escalated
FRD01105,TX319464,CUST20337,2026-08-29 07:04:00,Card,7694.71,India,Grocery,64,High,Unusual Amount,DEV7810,CP10213,False Positive
FRD01106,TX319471,CUST20221,2026-07-04 13:51:00,Card,11994.32,United States,Electronics,61,High,Unusual Amount,DEV3348,CP10436,False Positive
FRD01107,TX319473,CUST20724,2026-09-05 06:32:00,ATM,44599.76,Mexico,Travel,100,Critical,Unusual Amount,DEV2760,CP10911,Pending
FRD01108,TX319479,CUST20592,2026-04-13 10:00:00,Card,7499.04,Turkey,Crypto Exchange,91,Critical,Velocity Spike,DEV7358,CP14072,Confirmed Fraud
FRD01109,TX319480,CUST20334,2026-05-10 12:41:00,Wire,12848.3,Nigeria,Grocery,71,High,Unusual Amount,DEV4329,CP13993,False Positive
FRD01110,TX319538,CUST20503,2026-03-11 06:48:00,P2P,19686.78,United States,Crypto Exchange,66,High,Unusual Amount,DEV5455,CP15834,Pending
FRD01111,TX319545,CUST20295,2026-02-13 06:16:00,P2P,18310.45,United States,Fuel,71,High,Unusual Amount,DEV6210,CP10387,Pending
FRD01112,TX319585,CUST20033,2026-03-01 04:59:00,P2P,7467.21,United States,Gaming,60,High,Unusual Amount,DEV5439,CP15658,Confirmed Fraud
FRD01113,TX319608,CUST20611,2026-05-11 18:54:00,P2P,5266.97,Brazil,Electronics,68,High,Unusual Amount,DEV2622,CP11581,False Positive
FRD01114,TX319627,CUST20549,2026-06-18 09:20:00,Card,4774.17,United States,Fuel,70,High,Unusual Amount,DEV3551,CP11708,Pending
FRD01115,TX319655,CUST20672,2026-07-03 05:37:00,ACH,25411.06,Turkey,Gaming,64,High,Unusual Amount,DEV7818,CP15388,Pending
FRD01116,TX319680,CUST20547,2026-07-25 17:34:00,ATM,2456.07,United States,Luxury,61,High,Unusual Amount,DEV1983,CP15674,Escalated
FRD01117,TX319685,CUST20017,2026-07-22 11:15:00,P2P,1281.83,United States,Grocery,76,High,Rapid Fund Movement,DEV3553,CP11674,Confirmed Fraud
FRD01118,TX319695,CUST20393,2026-08-10 08:43:00,Wire,63389.49,Turkey,Crypto Exchange,72,High,Unusual Amount,DEV3600,CP12203,False Positive
FRD01119,TX319700,CUST20384,2026-01-01 17:34:00,Wire,6145.98,United States,Luxury,100,Critical,Rapid Fund Movement,DEV6510,CP11175,Escalated
FRD01120,TX319712,CUST20283,2026-01-12 08:03:00,Card,5029.36,Mexico,Services,60,High,Unusual Amount,DEV3106,CP12191,False Positive
FRD01121,TX319726,CUST20456,2026-02-08 20:11:00,Check,9246.27,Canada,Grocery,69,High,Unusual Amount,DEV4716,CP15545,Confirmed Fraud
FRD01122,TX319745,CUST20143,2026-03-29 05:07:00,Card,2802.24,Nigeria,Gaming,63,High,Unusual Amount,DEV3691,CP12648,Pending
FRD01123,TX319758,CUST20691,2026-05-09 22:22:00,Wire,14065.59,United States,Crypto Exchange,62,High,Unusual Amount,DEV4784,CP10310,Pending
FRD01124,TX319763,CUST20060,2026-09-09 17:34:00,Cash Deposit,4810.35,Mexico,Fuel,64,High,Unusual Amount,DEV4063,CP13917,False Positive
FRD01125,TX319773,CUST20310,2026-05-04 07:07:00,ATM,103294.23,United States,Services,92,Critical,Unusual Amount,DEV7123,CP15192,Pending
FRD01126,TX319806,CUST20187,2026-05-24 04:14:00,Card,574.17,Mexico,Retail,62,High,Velocity Spike,DEV2534,CP14123,Escalated
FRD01127,TX319901,CUST20747,2026-04-12 06:13:00,Wire,6250.35,United States,Crypto Exchange,61,High,Geo Anomaly,DEV2854,CP10631,False Positive
FRD01128,TX319904,CUST20574,2026-09-08 18:08:00,ACH,22646.24,United Arab Emirates,Crypto Exchange,100,Critical,Unusual Amount,DEV7933,CP12654,Pending
FRD01129,TX319923,CUST20520,2026-06-20 16:16:00,ACH,2714.16,Canada,Fuel,85,Critical,Rapid Fund Movement,DEV5897,CP12370,Pending
FRD01130,TX319936,CUST20653,2026-04-18 14:57:00,Wire,13625.69,Turkey,Gaming,78,High,Unusual Amount,DEV3183,CP10655,Escalated
FRD01131,TX319953,CUST20539,2026-07-30 09:03:00,ACH,4523.83,Brazil,Services,94,Critical,Velocity Spike,DEV2313,CP14388,Pending
FRD01132,TX319959,CUST20737,2026-09-08 15:36:00,Wire,28068.18,United States,Luxury,100,Critical,Unusual Amount,DEV5371,CP11260,False Positive
FRD01133,TX319961,CUST20620,2026-04-08 01:15:00,Card,3081.6,United Kingdom,Travel,100,Critical,Account Takeover,DEV7734,CP11972,Escalated
FRD01134,TX319978,CUST20493,2026-05-29 23:58:00,Card,1154.71,United States,Services,61,High,Repeated Counterparty,DEV4785,CP99999,False Positive
FRD01135,TX319997,CUST20032,2026-03-03 19:00:00,P2P,837.93,United States,Gaming,72,High,Account Takeover,DEV2801,CP10396,False Positive
FRD01136,TX320050,CUST20332,2026-08-10 16:53:00,Wire,14001.42,India,Crypto Exchange,80,Critical,Unusual Amount,DEV3389,CP15418,False Positive
FRD01137,TX320051,CUST20083,2026-02-07 22:22:00,P2P,3725.73,United Arab Emirates,Gaming,73,High,Unusual Amount,DEV2803,CP12825,Pending
FRD01138,TX320054,CUST20620,2026-07-13 01:04:00,Card,3908.91,Mexico,Gaming,76,High,Unusual Amount,DEV3386,CP11158,Pending
FRD01139,TX320059,CUST20517,2026-04-13 21:29:00,Card,2490.15,Turkey,Crypto Exchange,67,High,Geo Anomaly,DEV5193,CP11889,False Positive
FRD01140,TX320113,CUST20320,2026-03-21 11:36:00,Card,9236.45,United States,Crypto Exchange,71,High,Unusual Amount,DEV7126,CP12527,Escalated
FRD01141,TX320129,CUST20029,2026-01-01 14:49:00,P2P,23837.84,United Arab Emirates,Grocery,66,High,Unusual Amount,DEV7294,CP13609,False Positive
FRD01142,TX320158,CUST20322,2026-02-14 19:34:00,ACH,16701.75,Canada,Luxury,83,Critical,Unusual Amount,DEV6491,CP14742,Pending
FRD01143,TX320185,CUST20005,2026-03-12 21:25:00,P2P,3144.64,United States,Electronics,87,Critical,Account Takeover,DEV4452,CP14962,Escalated
FRD01144,TX320190,CUST20299,2026-04-15 01:27:00,Wire,180.71,Nigeria,Electronics,64,High,Geo Anomaly,DEV4189,CP11796,False Positive
FRD01145,TX320198,CUST20156,2026-07-13 01:19:00,Card,792.3,Canada,Gaming,79,High,Account Takeover,DEV6139,CP15809,Escalated
FRD01146,TX320213,CUST20287,2026-08-19 04:06:00,P2P,396.27,India,Travel,74,High,Rapid Fund Movement,DEV6430,CP14174,False Positive
FRD01147,TX320215,CUST20747,2026-08-19 05:37:00,P2P,21445.48,United States,Travel,65,High,Unusual Amount,DEV3116,CP11409,Confirmed Fraud
FRD01148,TX320238,CUST20192,2026-04-23 03:37:00,P2P,10897.17,United Arab Emirates,Gaming,97,Critical,Unusual Amount,DEV7677,CP12143,Escalated
FRD01149,TX320247,CUST20052,2026-01-05 00:06:00,Card,4494.21,Turkey,Crypto Exchange,72,High,Unusual Amount,DEV2707,CP10035,Escalated
FRD01150,TX320319,CUST20069,2026-06-12 23:03:00,Card,2316.29,Brazil,Electronics,71,High,Velocity Spike,DEV1504,CP15537,Pending
FRD01151,TX320346,CUST20675,2026-07-03 06:56:00,P2P,631.4,United Arab Emirates,Electronics,73,High,Velocity Spike,DEV5249,CP10880,Pending
FRD01152,TX320390,CUST20385,2026-07-13 03:07:00,Card,3821.67,India,Crypto Exchange,69,High,Unusual Amount,DEV1151,CP14349,Pending
FRD01153,TX320406,CUST20167,2026-04-19 01:45:00,P2P,638.02,Nigeria,Grocery,67,High,Geo Anomaly,DEV6946,CP10914,Escalated
FRD01154,TX320411,CUST20611,2026-03-14 14:08:00,Card,3797.11,Brazil,Luxury,70,High,Unusual Amount,DEV5592,CP15351,Pending
FRD01155,TX320427,CUST20399,2026-02-03 14:58:00,P2P,2496.12,Canada,Gaming,62,High,Geo Anomaly,DEV1934,CP12094,False Positive
FRD01156,TX320428,CUST20405,2026-04-27 03:48:00,ACH,10753.59,India,Retail,60,High,Unusual Amount,DEV3429,CP13938,Pending
FRD01157,TX320447,CUST20620,2026-02-13 20:54:00,P2P,9264.92,United States,Gaming,71,High,Unusual Amount,DEV5218,CP15191,Pending
FRD01158,TX320458,CUST20714,2026-06-05 16:22:00,Card,2565.84,United Arab Emirates,Gaming,71,High,Velocity Spike,DEV6918,CP15529,Pending
FRD01159,TX320460,CUST20732,2026-01-14 18:34:00,Wire,542.76,United States,Retail,60,High,Repeated Counterparty,DEV1760,CP99999,False Positive
FRD01160,TX320478,CUST20222,2026-01-29 14:08:00,Check,13692.97,United States,Luxury,66,High,Unusual Amount,DEV3723,CP13739,Pending
FRD01161,TX320483,CUST20715,2026-03-14 09:47:00,Wire,4158.32,United Kingdom,Crypto Exchange,63,High,Geo Anomaly,DEV5767,CP12624,Pending
FRD01162,TX320492,CUST20047,2026-06-03 08:08:00,P2P,12609.77,India,Fuel,86,Critical,Account Takeover,DEV4520,CP13540,Escalated
FRD01163,TX320516,CUST20146,2026-02-15 12:06:00,Card,34301.11,Nigeria,Gaming,65,High,Unusual Amount,DEV3187,CP12967,Confirmed Fraud
FRD01164,TX320522,CUST20620,2026-08-08 03:22:00,Card,34888.93,United Kingdom,Crypto Exchange,100,Critical,Unusual Amount,DEV2308,CP14175,Pending
FRD01165,TX320524,CUST20195,2026-06-01 20:20:00,Card,22545.54,United States,Fuel,60,High,Unusual Amount,DEV2727,CP14598,Escalated
FRD01166,TX320560,CUST20061,2026-05-06 00:46:00,Card,4389.91,Brazil,Travel,68,High,Unusual Amount,DEV1254,CP11532,False Positive
FRD01167,TX320561,CUST20283,2026-09-02 22:26:00,ACH,1955.29,Turkey,Travel,81,Critical,Geo Anomaly,DEV4040,CP12874,Pending
FRD01168,TX320565,CUST20066,2026-07-26 17:36:00,ACH,3481.22,United States,Retail,69,High,Unusual Amount,DEV4381,CP10243,Pending
FRD01169,TX320570,CUST20539,2026-09-08 04:30:00,Card,1914.57,United States,Services,69,High,Unusual Amount,DEV6552,CP10775,Escalated
FRD01170,TX320574,CUST20066,2026-01-23 06:09:00,Card,1442.47,Nigeria,Travel,77,High,Geo Anomaly,DEV2473,CP14708,Pending
FRD01171,TX320625,CUST20340,2026-05-08 04:41:00,P2P,7892.02,United States,Electronics,61,High,Unusual Amount,DEV4711,CP12158,Pending
FRD01172,TX320635,CUST20418,2026-05-09 08:18:00,Card,4658.86,United States,Gaming,64,High,Repeated Counterparty,DEV4503,CP99999,Pending
FRD01173,TX320636,CUST20330,2026-04-24 15:58:00,P2P,9583.1,Canada,Gaming,71,High,Unusual Amount,DEV5306,CP15739,Pending
FRD01174,TX320690,CUST20357,2026-01-21 23:44:00,Wire,1487.91,India,Crypto Exchange,78,High,Velocity Spike,DEV4806,CP13026,Pending
FRD01175,TX320703,CUST20514,2026-04-09 07:37:00,Card,6507.38,United Kingdom,Services,68,High,Unusual Amount,DEV6183,CP15150,Confirmed Fraud
FRD01176,TX320704,CUST20191,2026-01-30 19:27:00,Check,4800.53,United Arab Emirates,Travel,85,Critical,Unusual Amount,DEV2844,CP13456,False Positive
FRD01177,TX320705,CUST20174,2026-08-28 03:18:00,Card,1670.22,Nigeria,Grocery,61,High,Unusual Amount,DEV4802,CP14407,Pending
FRD01178,TX320740,CUST20385,2026-01-01 04:23:00,Wire,4477.98,United States,Crypto Exchange,71,High,Unusual Amount,DEV6929,CP14836,False Positive
FRD01179,TX320747,CUST20739,2026-03-07 17:59:00,ACH,23517.47,United Kingdom,Luxury,73,High,Unusual Amount,DEV2694,CP10070,False Positive
FRD01180,TX320755,CUST20115,2026-01-14 05:04:00,Cash Deposit,2869.04,Turkey,Luxury,64,High,Unusual Amount,DEV6365,CP15684,Confirmed Fraud
FRD01181,TX320792,CUST20023,2026-08-28 10:03:00,Card,6469.68,United States,Luxury,71,High,Velocity Spike,DEV1110,CP14968,Confirmed Fraud
FRD01182,TX320796,CUST20283,2026-04-14 17:50:00,Wire,2375.53,United States,Crypto Exchange,64,High,Unusual Amount,DEV2666,CP10066,Confirmed Fraud
FRD01183,TX320805,CUST20619,2026-01-27 07:27:00,Card,8986.19,Canada,Fuel,68,High,Unusual Amount,DEV5800,CP11990,False Positive
FRD01184,TX320809,CUST20201,2026-09-10 00:42:00,ACH,6849.77,United States,Grocery,73,High,Repeated Counterparty,DEV4085,CP99999,Pending
FRD01185,TX320832,CUST20036,2026-06-26 23:09:00,Card,22492.49,United States,Retail,100,Critical,Unusual Amount,DEV7396,CP14356,Pending
FRD01186,TX320843,CUST20502,2026-06-25 16:53:00,P2P,9055.28,United States,Travel,61,High,Unusual Amount,DEV1233,CP11356,False Positive
FRD01187,TX320847,CUST20559,2026-05-11 21:54:00,ACH,30216.93,United Kingdom,Retail,99,Critical,Rapid Fund Movement,DEV3920,CP12928,Confirmed Fraud
FRD01188,TX320856,CUST20237,2026-03-04 03:53:00,Wire,5015.67,United States,Travel,69,High,Unusual Amount,DEV5502,CP13169,Escalated
FRD01189,TX320861,CUST20227,2026-05-18 13:55:00,P2P,25678.07,United States,Gaming,70,High,Unusual Amount,DEV1957,CP14817,Confirmed Fraud
FRD01190,TX320865,CUST20194,2026-04-21 04:56:00,Card,1940.19,Mexico,Crypto Exchange,72,High,Velocity Spike,DEV4979,CP13245,Pending
FRD01191,TX320874,CUST20252,2026-04-09 22:12:00,P2P,13426.34,India,Crypto Exchange,63,High,Unusual Amount,DEV5727,CP10928,Confirmed Fraud
FRD01192,TX320902,CUST20385,2026-01-09 22:00:00,ATM,6021.29,Canada,Crypto Exchange,60,High,Unusual Amount,DEV2520,CP11312,Escalated
FRD01193,TX320942,CUST20631,2026-08-26 23:50:00,P2P,11251.54,United States,Grocery,61,High,Unusual Amount,DEV4239,CP15566,False Positive
FRD01194,TX320951,CUST20014,2026-06-13 10:03:00,P2P,5651.46,United States,Electronics,86,Critical,Rapid Fund Movement,DEV3394,CP12415,Pending
FRD01195,TX320955,CUST20045,2026-04-28 01:30:00,ACH,6828.85,United States,Fuel,69,High,Unusual Amount,DEV2008,CP13055,Pending
FRD01196,TX320980,CUST20162,2026-01-14 21:58:00,ACH,9503.95,United States,Grocery,63,High,Unusual Amount,DEV6021,CP15960,False Positive
FRD01197,TX320998,CUST20712,2026-05-01 21:57:00,ACH,1269.94,United States,Retail,62,High,Rapid Fund Movement,DEV1591,CP10174,False Positive
FRD01198,TX321009,CUST20078,2026-01-29 04:52:00,P2P,646.93,United States,Electronics,81,Critical,Account Takeover,DEV2484,CP11980,Pending
FRD01199,TX321018,CUST20412,2026-04-11 10:31:00,ACH,14949.57,United States,Services,65,High,Unusual Amount,DEV5813,CP15097,False Positive
FRD01200,TX321022,CUST20340,2026-01-20 03:41:00,P2P,11930.89,Nigeria,Services,91,Critical,Repeated Counterparty,DEV4998,CP99999,Pending
FRD01201,TX321080,CUST20093,2026-04-04 07:57:00,Wire,3971.27,United States,Electronics,71,High,Velocity Spike,DEV3542,CP13378,Confirmed Fraud
FRD01202,TX321083,CUST20539,2026-08-03 19:36:00,Card,17449.54,Brazil,Travel,97,Critical,Unusual Amount,DEV5848,CP14697,False Positive
FRD01203,TX321096,CUST20551,2026-04-07 14:16:00,P2P,621.06,Brazil,Electronics,66,High,Rapid Fund Movement,DEV3599,CP14338,Pending
FRD01204,TX321119,CUST20736,2026-03-03 17:27:00,Cash Deposit,1167.18,Canada,Fuel,81,Critical,Repeated Counterparty,DEV2350,CP99999,Pending
FRD01205,TX321123,CUST20225,2026-03-27 18:25:00,ACH,6258.43,India,Grocery,65,High,Unusual Amount,DEV7265,CP12411,Escalated
FRD01206,TX321141,CUST20405,2026-02-15 23:24:00,P2P,27284.15,United States,Retail,100,Critical,Unusual Amount,DEV4373,CP14050,Escalated
FRD01207,TX321153,CUST20227,2026-06-27 18:41:00,Wire,55700.43,Canada,Fuel,100,Critical,Unusual Amount,DEV1738,CP15726,Escalated
FRD01208,TX321171,CUST20682,2026-09-05 02:56:00,P2P,475.57,Nigeria,Services,65,High,Geo Anomaly,DEV6525,CP15092,False Positive
FRD01209,TX321181,CUST20456,2026-06-24 01:55:00,Check,5270.12,United Kingdom,Gaming,66,High,Unusual Amount,DEV4732,CP11951,Confirmed Fraud
FRD01210,TX321190,CUST20513,2026-06-05 21:35:00,P2P,22594.83,United States,Grocery,100,Critical,Unusual Amount,DEV4799,CP11280,Confirmed Fraud
FRD01211,TX321193,CUST20663,2026-06-28 00:38:00,P2P,4139.86,United Kingdom,Retail,76,High,Unusual Amount,DEV5858,CP13325,Confirmed Fraud
FRD01212,TX321210,CUST20237,2026-07-02 06:42:00,Card,5947.3,India,Retail,67,High,Unusual Amount,DEV1773,CP15745,Pending
FRD01213,TX321216,CUST20465,2026-02-14 17:10:00,Wire,17441.78,United States,Services,89,Critical,Unusual Amount,DEV1809,CP13364,Escalated
FRD01214,TX321217,CUST20546,2026-01-19 23:31:00,ACH,19225.81,United Kingdom,Crypto Exchange,76,High,Unusual Amount,DEV4714,CP15407,Escalated
FRD01215,TX321234,CUST20198,2026-09-07 21:31:00,Card,21174.43,Mexico,Retail,64,High,Unusual Amount,DEV4269,CP12523,False Positive
FRD01216,TX321247,CUST20556,2026-03-30 20:24:00,Cash Deposit,4993.48,Turkey,Luxury,63,High,Unusual Amount,DEV6576,CP15064,Pending
FRD01217,TX321257,CUST20003,2026-06-27 13:19:00,P2P,391.93,Canada,Travel,62,High,Rapid Fund Movement,DEV2428,CP12286,Pending
FRD01218,TX321313,CUST20397,2026-04-02 18:53:00,Card,6223.9,Brazil,Travel,64,High,Unusual Amount,DEV3334,CP15477,Pending
FRD01219,TX321314,CUST20186,2026-05-06 19:43:00,Cash Deposit,9380.19,United States,Luxury,64,High,Unusual Amount,DEV2447,CP11978,Confirmed Fraud
FRD01220,TX321340,CUST20547,2026-08-07 08:59:00,Cash Deposit,5707.51,India,Luxury,72,High,Unusual Amount,DEV5195,CP13769,Pending
FRD01221,TX321384,CUST20622,2026-02-17 21:12:00,P2P,4111.64,United States,Luxury,65,High,Geo Anomaly,DEV3166,CP14041,Pending
FRD01222,TX321404,CUST20726,2026-02-07 17:25:00,Check,1927.91,Mexico,Grocery,74,High,Unusual Amount,DEV5055,CP10490,Escalated
FRD01223,TX321420,CUST20333,2026-05-25 21:20:00,ACH,40501.77,United Arab Emirates,Retail,63,High,Unusual Amount,DEV7003,CP11875,False Positive
FRD01224,TX321425,CUST20160,2026-06-20 23:03:00,Wire,14625.5,Canada,Gaming,78,High,Unusual Amount,DEV1200,CP10435,Confirmed Fraud
FRD01225,TX321475,CUST20660,2026-07-27 00:47:00,P2P,1093.2,Mexico,Travel,66,High,Account Takeover,DEV7122,CP13792,Pending
FRD01226,TX321484,CUST20593,2026-02-24 12:09:00,Cash Deposit,20861.92,United States,Retail,69,High,Unusual Amount,DEV5621,CP11071,Pending
FRD01227,TX321485,CUST20701,2026-05-29 11:51:00,ACH,2184.52,United States,Crypto Exchange,74,High,Unusual Amount,DEV6326,CP12532,False Positive
FRD01228,TX321487,CUST20141,2026-09-07 21:46:00,P2P,1113.3,India,Luxury,73,High,Rapid Fund Movement,DEV4682,CP14871,Confirmed Fraud
FRD01229,TX321500,CUST20139,2026-06-10 04:33:00,P2P,731.28,Turkey,Grocery,61,High,Geo Anomaly,DEV2357,CP11047,False Positive
FRD01230,TX321501,CUST20305,2026-02-10 09:22:00,P2P,7608.0,United States,Grocery,81,Critical,Velocity Spike,DEV2375,CP11685,Pending
FRD01231,TX321514,CUST20260,2026-08-29 07:33:00,ACH,8758.66,Mexico,Grocery,65,High,Unusual Amount,DEV4936,CP11162,Pending
FRD01232,TX321536,CUST20007,2026-05-18 17:31:00,P2P,12817.48,Canada,Grocery,70,High,Unusual Amount,DEV4516,CP11758,False Positive
FRD01233,TX321564,CUST20611,2026-08-10 06:02:00,P2P,7054.71,United States,Luxury,74,High,Unusual Amount,DEV7288,CP10775,Escalated
FRD01234,TX321575,CUST20701,2026-06-04 07:43:00,ATM,3021.8,United States,Gaming,62,High,Unusual Amount,DEV4440,CP10353,Confirmed Fraud
FRD01235,TX321587,CUST20263,2026-03-08 08:49:00,Card,53061.8,United States,Luxury,97,Critical,Unusual Amount,DEV4294,CP15275,False Positive
FRD01236,TX321590,CUST20331,2026-03-18 20:20:00,ACH,50775.6,United States,Retail,94,Critical,Unusual Amount,DEV5515,CP13121,Pending
FRD01237,TX321604,CUST20115,2026-07-27 18:28:00,Wire,31169.71,United States,Grocery,96,Critical,Unusual Amount,DEV6987,CP11374,Pending
FRD01238,TX321608,CUST20335,2026-01-12 02:01:00,Card,12834.87,Brazil,Gaming,91,Critical,Velocity Spike,DEV4656,CP13513,False Positive
FRD01239,TX321623,CUST20561,2026-08-04 06:20:00,P2P,3270.9,Canada,Electronics,71,High,Unusual Amount,DEV5149,CP11478,Escalated
FRD01240,TX321647,CUST20233,2026-04-18 20:27:00,Card,10932.76,Brazil,Grocery,66,High,Unusual Amount,DEV4815,CP15730,Confirmed Fraud
FRD01241,TX321650,CUST20150,2026-02-07 23:55:00,Card,5865.88,United States,Services,81,Critical,Unusual Amount,DEV2754,CP11807,Escalated
FRD01242,TX321655,CUST20620,2026-01-10 22:28:00,Card,2557.46,United States,Services,100,Critical,Unusual Amount,DEV1878,CP13077,Pending
FRD01243,TX321674,CUST20537,2026-02-04 05:19:00,Cash Deposit,16782.76,United Arab Emirates,Fuel,69,High,Unusual Amount,DEV7948,CP11670,Pending
FRD01244,TX321691,CUST20503,2026-09-07 07:57:00,Check,9171.58,India,Grocery,65,High,Unusual Amount,DEV1291,CP13334,False Positive
FRD01245,TX321695,CUST20179,2026-02-16 05:07:00,P2P,3627.36,Brazil,Luxury,63,High,Geo Anomaly,DEV1964,CP12884,Escalated
FRD01246,TX321708,CUST20078,2026-06-16 02:22:00,ATM,11750.18,Brazil,Gaming,74,High,Unusual Amount,DEV1145,CP15632,Pending
FRD01247,TX321734,CUST20468,2026-07-14 13:17:00,Card,2209.71,United States,Crypto Exchange,68,High,Velocity Spike,DEV1332,CP12486,False Positive
FRD01248,TX321739,CUST20430,2026-03-02 00:26:00,Card,384.89,United Kingdom,Retail,68,High,Account Takeover,DEV1622,CP12102,Pending
FRD01249,TX321745,CUST20361,2026-03-17 13:24:00,Wire,13959.98,India,Services,68,High,Unusual Amount,DEV5782,CP11316,False Positive
FRD01250,TX321749,CUST20431,2026-08-09 10:53:00,P2P,3443.16,India,Gaming,83,Critical,Unusual Amount,DEV5673,CP10328,Pending
FRD01251,TX321779,CUST20532,2026-07-30 15:49:00,ACH,34584.55,United States,Luxury,72,High,Unusual Amount,DEV5642,CP10369,False Positive
FRD01252,TX321793,CUST20663,2026-02-21 12:08:00,Cash Deposit,6720.0,United States,Electronics,67,High,Unusual Amount,DEV6021,CP10709,Escalated
FRD01253,TX321804,CUST20176,2026-02-06 23:34:00,ACH,895.39,Turkey,Crypto Exchange,65,High,Rapid Fund Movement,DEV2282,CP14810,False Positive
FRD01254,TX321809,CUST20670,2026-08-14 13:21:00,P2P,96.37,United States,Crypto Exchange,74,High,Account Takeover,DEV2165,CP13241,False Positive
FRD01255,TX321813,CUST20356,2026-02-19 18:10:00,P2P,4373.29,United States,Retail,68,High,Unusual Amount,DEV2377,CP15455,Escalated
FRD01256,TX321849,CUST20322,2026-06-22 02:27:00,Card,568.89,United States,Gaming,74,High,Velocity Spike,DEV4856,CP12937,Escalated
FRD01257,TX321852,CUST20143,2026-06-22 12:33:00,ACH,601.87,Brazil,Luxury,72,High,Velocity Spike,DEV7527,CP13426,Confirmed Fraud
FRD01258,TX321884,CUST20261,2026-03-20 11:42:00,P2P,582.24,Mexico,Electronics,80,Critical,Account Takeover,DEV3416,CP13036,Escalated
FRD01259,TX321891,CUST20383,2026-01-03 21:43:00,Card,14204.05,United States,Luxury,100,Critical,Unusual Amount,DEV7066,CP10736,Escalated
FRD01260,TX321910,CUST20178,2026-06-29 06:46:00,Card,4833.09,United Kingdom,Gaming,70,High,Velocity Spike,DEV6737,CP10621,Escalated
FRD01261,TX321911,CUST20694,2026-06-02 08:12:00,P2P,22672.31,United States,Travel,100,Critical,Unusual Amount,DEV4306,CP10461,Pending
FRD01262,TX321922,CUST20186,2026-03-17 03:32:00,ACH,3214.61,United States,Services,77,High,Velocity Spike,DEV4771,CP14941,Pending
FRD01263,TX321930,CUST20668,2026-07-17 19:44:00,Card,18378.92,Brazil,Fuel,66,High,Unusual Amount,DEV4392,CP13837,Escalated
FRD01264,TX321936,CUST20384,2026-05-23 12:52:00,ACH,9641.07,Brazil,Luxury,63,High,Unusual Amount,DEV6226,CP10257,Pending
FRD01265,TX321939,CUST20273,2026-01-17 06:55:00,ATM,80764.52,United States,Grocery,96,Critical,Unusual Amount,DEV3839,CP15892,Pending
FRD01266,TX321940,CUST20593,2026-06-30 15:33:00,Check,179049.11,India,Services,100,Critical,Unusual Amount,DEV7784,CP10457,False Positive
FRD01267,TX321966,CUST20738,2026-04-19 16:19:00,ACH,1348.54,Nigeria,Travel,60,High,Geo Anomaly,DEV5486,CP15935,Confirmed Fraud
FRD01268,TX322007,CUST20306,2026-06-04 08:28:00,P2P,538.52,United States,Gaming,61,High,Velocity Spike,DEV4876,CP10628,False Positive
FRD01269,TX322054,CUST20133,2026-02-27 12:12:00,P2P,1882.74,Canada,Electronics,81,Critical,Account Takeover,DEV7146,CP14247,Pending
FRD01270,TX322060,CUST20418,2026-03-01 13:02:00,ACH,18071.0,Brazil,Fuel,97,Critical,Unusual Amount,DEV4536,CP13633,False Positive
FRD01271,TX322085,CUST20527,2026-06-15 17:57:00,Wire,6641.41,United States,Grocery,67,High,Unusual Amount,DEV5777,CP15108,False Positive
FRD01272,TX322087,CUST20648,2026-06-09 15:10:00,Check,5787.96,United States,Services,70,High,Unusual Amount,DEV3439,CP15038,Pending
FRD01273,TX322106,CUST20068,2026-01-27 22:25:00,Check,14817.6,Turkey,Grocery,70,High,Unusual Amount,DEV1856,CP15430,Escalated
FRD01274,TX322129,CUST20265,2026-09-09 20:09:00,Card,5714.49,Mexico,Electronics,66,High,Unusual Amount,DEV1735,CP15418,Pending
FRD01275,TX322140,CUST20502,2026-05-30 15:31:00,Card,14630.05,United Arab Emirates,Crypto Exchange,96,Critical,Geo Anomaly,DEV2445,CP11925,Confirmed Fraud
FRD01276,TX322184,CUST20061,2026-01-15 16:50:00,Check,7052.95,United States,Travel,68,High,Unusual Amount,DEV6950,CP15351,Escalated
FRD01277,TX322210,CUST20478,2026-06-03 05:27:00,Cash Deposit,7952.51,Canada,Gaming,76,High,Unusual Amount,DEV6359,CP14319,False Positive
FRD01278,TX322257,CUST20181,2026-08-20 18:06:00,ACH,2395.26,Nigeria,Grocery,78,High,Rapid Fund Movement,DEV6911,CP10982,False Positive
FRD01279,TX322315,CUST20275,2026-03-21 21:44:00,Card,3401.63,United States,Electronics,60,High,Repeated Counterparty,DEV5770,CP99999,Pending
FRD01280,TX322345,CUST20144,2026-07-03 20:12:00,Card,513.98,India,Crypto Exchange,60,High,Repeated Counterparty,DEV3861,CP99999,Confirmed Fraud
FRD01281,TX322346,CUST20298,2026-03-25 13:40:00,Card,3593.84,Turkey,Gaming,92,Critical,Geo Anomaly,DEV2063,CP13347,Confirmed Fraud
FRD01282,TX322361,CUST20216,2026-03-13 20:23:00,Cash Deposit,3845.27,Turkey,Luxury,73,High,Unusual Amount,DEV3862,CP10931,Confirmed Fraud
FRD01283,TX322372,CUST20132,2026-09-06 04:40:00,P2P,149.1,United States,Fuel,69,High,Account Takeover,DEV6656,CP15350,Confirmed Fraud
FRD01284,TX322379,CUST20437,2026-07-07 16:48:00,Wire,27336.3,United States,Fuel,64,High,Unusual Amount,DEV6343,CP13301,Pending
FRD01285,TX322399,CUST20326,2026-07-10 11:25:00,Card,5068.46,Mexico,Travel,67,High,Unusual Amount,DEV1140,CP12527,Pending
FRD01286,TX322404,CUST20326,2026-03-08 16:29:00,Card,6074.23,Canada,Crypto Exchange,66,High,Unusual Amount,DEV5750,CP11495,Pending
FRD01287,TX322409,CUST20736,2026-08-06 07:50:00,P2P,7336.56,United Kingdom,Electronics,65,High,Unusual Amount,DEV5736,CP10725,Escalated
FRD01288,TX322410,CUST20696,2026-07-05 17:00:00,Card,7316.63,India,Travel,65,High,Unusual Amount,DEV3204,CP14064,False Positive
FRD01289,TX322438,CUST20397,2026-06-11 02:55:00,ACH,33102.21,Nigeria,Travel,65,High,Unusual Amount,DEV3551,CP11024,False Positive
FRD01290,TX322455,CUST20441,2026-02-10 00:09:00,P2P,10562.6,Brazil,Services,62,High,Unusual Amount,DEV3478,CP10578,Pending
FRD01291,TX322457,CUST20724,2026-04-05 16:24:00,Card,5527.94,United States,Luxury,70,High,Velocity Spike,DEV1609,CP10330,Escalated
FRD01292,TX322464,CUST20453,2026-08-31 09:44:00,Card,9024.66,Turkey,Electronics,62,High,Unusual Amount,DEV5130,CP14530,Pending
FRD01293,TX322470,CUST20475,2026-08-05 23:48:00,P2P,5352.67,United States,Crypto Exchange,65,High,Geo Anomaly,DEV2724,CP10387,Confirmed Fraud
FRD01294,TX322485,CUST20104,2026-01-14 16:54:00,P2P,4071.93,Turkey,Electronics,94,Critical,Geo Anomaly,DEV1510,CP10590,Escalated
FRD01295,TX322501,CUST20408,2026-02-25 14:04:00,P2P,139148.58,India,Luxury,100,Critical,Unusual Amount,DEV6686,CP15095,Pending
FRD01296,TX322509,CUST20405,2026-04-10 12:30:00,P2P,8013.12,Nigeria,Gaming,77,High,Unusual Amount,DEV2898,CP14484,Pending
FRD01297,TX322512,CUST20166,2026-06-19 10:35:00,ACH,15044.62,India,Grocery,69,High,Unusual Amount,DEV3320,CP14084,Pending
FRD01298,TX322534,CUST20409,2026-09-05 10:49:00,Card,9456.19,United States,Electronics,60,High,Unusual Amount,DEV7428,CP14768,Escalated
FRD01299,TX322570,CUST20080,2026-09-07 04:54:00,ACH,3566.46,United States,Fuel,100,Critical,Rapid Fund Movement,DEV3617,CP11639,False Positive
FRD01300,TX322576,CUST20488,2026-06-23 10:36:00,ACH,8100.6,United States,Luxury,77,High,Unusual Amount,DEV1185,CP13800,Pending
FRD01301,TX322596,CUST20001,2026-06-16 08:42:00,P2P,9694.97,Brazil,Crypto Exchange,63,High,Geo Anomaly,DEV7236,CP15285,Confirmed Fraud
FRD01302,TX322602,CUST20730,2026-07-28 16:58:00,Cash Deposit,10185.06,United Arab Emirates,Services,67,High,Unusual Amount,DEV3860,CP11880,False Positive
FRD01303,TX322603,CUST20615,2026-03-08 19:02:00,Card,35247.65,India,Services,82,Critical,Unusual Amount,DEV3331,CP15152,Pending
FRD01304,TX322608,CUST20318,2026-06-26 21:57:00,P2P,22207.34,United Kingdom,Services,62,High,Unusual Amount,DEV2651,CP10859,Pending
FRD01305,TX322611,CUST20647,2026-01-11 08:42:00,P2P,7776.36,Canada,Retail,78,High,Account Takeover,DEV3243,CP14618,Escalated
FRD01306,TX322618,CUST20549,2026-07-15 08:22:00,ACH,3333.29,United Kingdom,Gaming,68,High,Unusual Amount,DEV6708,CP10450,Confirmed Fraud
FRD01307,TX322635,CUST20502,2026-06-23 05:42:00,Wire,14564.79,Canada,Services,75,High,Unusual Amount,DEV6536,CP14535,Pending
FRD01308,TX322640,CUST20586,2026-04-02 19:41:00,ATM,1553.63,United States,Luxury,72,High,Velocity Spike,DEV3190,CP15684,Escalated
FRD01309,TX322654,CUST20455,2026-09-03 02:06:00,Card,5557.76,United States,Crypto Exchange,83,Critical,Unusual Amount,DEV6725,CP12753,Escalated
FRD01310,TX322666,CUST20627,2026-01-13 20:10:00,P2P,6241.44,Nigeria,Crypto Exchange,67,High,Unusual Amount,DEV3920,CP12249,False Positive
FRD01311,TX322673,CUST20375,2026-08-04 16:55:00,ATM,39068.65,Brazil,Fuel,96,Critical,Unusual Amount,DEV7603,CP12590,Pending
FRD01312,TX322713,CUST20652,2026-05-21 13:21:00,Check,139546.44,United States,Services,100,Critical,Unusual Amount,DEV4080,CP13789,False Positive
FRD01313,TX322724,CUST20663,2026-04-29 19:56:00,Card,27108.49,United Arab Emirates,Luxury,68,High,Unusual Amount,DEV6696,CP10837,Confirmed Fraud
FRD01314,TX322731,CUST20735,2026-09-05 23:29:00,Check,4015.53,Nigeria,Luxury,83,Critical,Geo Anomaly,DEV2604,CP13539,Confirmed Fraud
FRD01315,TX322765,CUST20177,2026-05-02 05:00:00,Card,98731.47,United States,Grocery,100,Critical,Unusual Amount,DEV5346,CP13228,Pending
FRD01316,TX322774,CUST20592,2026-09-05 18:17:00,Card,32714.32,Nigeria,Luxury,100,Critical,Unusual Amount,DEV3733,CP14755,False Positive
FRD01317,TX322783,CUST20283,2026-08-21 21:16:00,Check,4171.52,United States,Retail,67,High,Unusual Amount,DEV3752,CP10033,Pending
FRD01318,TX322797,CUST20520,2026-06-21 04:16:00,P2P,3078.24,Mexico,Luxury,62,High,Geo Anomaly,DEV3565,CP13969,Escalated
FRD01319,TX322815,CUST20646,2026-05-04 13:48:00,P2P,1219.28,United States,Electronics,72,High,Rapid Fund Movement,DEV2449,CP11701,False Positive
FRD01320,TX322847,CUST20066,2026-08-27 05:16:00,ACH,5383.33,United States,Fuel,60,High,Unusual Amount,DEV4755,CP14814,Confirmed Fraud
FRD01321,TX322874,CUST20104,2026-09-04 02:30:00,ACH,3154.2,Turkey,Grocery,61,High,Unusual Amount,DEV7508,CP10170,Confirmed Fraud
FRD01322,TX322875,CUST20207,2026-02-14 09:29:00,Card,10976.4,United States,Grocery,73,High,Velocity Spike,DEV6898,CP15425,Pending
FRD01323,TX322892,CUST20549,2026-04-14 22:36:00,Wire,3722.58,Canada,Gaming,82,Critical,Unusual Amount,DEV2411,CP15573,Pending
FRD01324,TX322894,CUST20663,2026-03-11 16:40:00,Wire,21158.45,United States,Gaming,76,High,Unusual Amount,DEV6699,CP15702,False Positive
FRD01325,TX322923,CUST20725,2026-04-09 22:28:00,Cash Deposit,23036.87,Canada,Crypto Exchange,73,High,Unusual Amount,DEV3338,CP15060,Pending
FRD01326,TX322927,CUST20707,2026-06-01 23:59:00,Card,14166.52,United Kingdom,Crypto Exchange,61,High,Unusual Amount,DEV3568,CP13736,False Positive
FRD01327,TX322936,CUST20284,2026-03-29 14:47:00,P2P,10125.77,Turkey,Retail,71,High,Unusual Amount,DEV1290,CP13338,Pending
FRD01328,TX322972,CUST20066,2026-05-12 21:47:00,Cash Deposit,3457.8,United States,Electronics,65,High,Unusual Amount,DEV6998,CP14350,Pending
FRD01329,TX322986,CUST20517,2026-02-22 22:19:00,Card,19171.26,United States,Services,92,Critical,Unusual Amount,DEV2701,CP12465,False Positive
FRD01330,TX322991,CUST20008,2026-04-17 13:02:00,Wire,9608.6,United States,Electronics,66,High,Unusual Amount,DEV1818,CP12332,False Positive
FRD01331,TX323023,CUST20143,2026-05-16 15:37:00,ATM,2603.49,Nigeria,Electronics,100,Critical,Geo Anomaly,DEV4448,CP14933,Pending
FRD01332,TX323028,CUST20211,2026-04-27 06:31:00,Wire,14543.47,United States,Gaming,100,Critical,Unusual Amount,DEV6372,CP11087,False Positive
FRD01333,TX323033,CUST20174,2026-01-24 01:18:00,ACH,8508.08,United States,Gaming,63,High,Unusual Amount,DEV2714,CP11991,False Positive
FRD01334,TX323044,CUST20242,2026-09-06 00:04:00,ACH,5406.19,United States,Luxury,63,High,Unusual Amount,DEV5031,CP11300,Pending
FRD01335,TX323046,CUST20551,2026-03-16 10:41:00,P2P,298.44,Canada,Luxury,86,Critical,Account Takeover,DEV5334,CP11325,False Positive
FRD01336,TX323058,CUST20308,2026-05-06 21:41:00,P2P,1120.89,Nigeria,Services,75,High,Rapid Fund Movement,DEV6973,CP12081,Escalated
FRD01337,TX323100,CUST20111,2026-01-05 02:37:00,Check,72353.22,Brazil,Retail,100,Critical,Unusual Amount,DEV3536,CP15064,Pending
FRD01338,TX323110,CUST20179,2026-01-28 01:05:00,Wire,10897.77,United States,Travel,65,High,Unusual Amount,DEV1357,CP12471,False Positive
FRD01339,TX323113,CUST20315,2026-04-11 10:23:00,Wire,9916.2,United Arab Emirates,Electronics,74,High,Geo Anomaly,DEV6147,CP12578,Pending
FRD01340,TX323146,CUST20510,2026-01-10 03:48:00,P2P,9256.78,United Kingdom,Gaming,100,Critical,Velocity Spike,DEV2147,CP10664,Escalated
FRD01341,TX323151,CUST20259,2026-05-16 06:46:00,Wire,351.35,Brazil,Crypto Exchange,68,High,Rapid Fund Movement,DEV6946,CP11759,False Positive
FRD01342,TX323157,CUST20632,2026-05-20 04:22:00,P2P,19667.44,Mexico,Electronics,60,High,Unusual Amount,DEV6643,CP15166,Pending
FRD01343,TX323168,CUST20383,2026-02-07 05:45:00,Wire,13092.32,United States,Crypto Exchange,100,Critical,Unusual Amount,DEV7502,CP11988,False Positive
FRD01344,TX323179,CUST20701,2026-01-26 12:46:00,Card,2702.45,United States,Electronics,69,High,Unusual Amount,DEV6149,CP13861,Escalated
FRD01345,TX323188,CUST20410,2026-04-09 02:20:00,Wire,8774.03,United States,Grocery,63,High,Unusual Amount,DEV2566,CP12519,False Positive
FRD01346,TX323204,CUST20005,2026-03-20 03:51:00,Card,3903.67,Canada,Services,81,Critical,Repeated Counterparty,DEV5889,CP99999,Pending
FRD01347,TX323219,CUST20174,2026-07-04 09:04:00,Wire,2912.59,United States,Crypto Exchange,65,High,Unusual Amount,DEV2528,CP15686,Pending
FRD01348,TX323223,CUST20181,2026-07-06 03:48:00,ACH,25011.86,United States,Crypto Exchange,61,High,Unusual Amount,DEV2628,CP15839,Pending
FRD01349,TX323236,CUST20581,2026-08-19 11:58:00,Card,10027.16,Brazil,Gaming,75,High,Unusual Amount,DEV7821,CP12736,False Positive
FRD01350,TX323249,CUST20267,2026-02-16 16:53:00,P2P,1338.87,United States,Gaming,72,High,Rapid Fund Movement,DEV4250,CP15532,False Positive
FRD01351,TX323267,CUST20202,2026-01-04 06:55:00,P2P,18814.62,United States,Fuel,100,Critical,Unusual Amount,DEV3720,CP11672,Confirmed Fraud
FRD01352,TX323299,CUST20385,2026-01-21 11:11:00,ACH,19655.19,United States,Retail,84,Critical,Repeated Counterparty,DEV7498,CP99999,False Positive
FRD01353,TX323301,CUST20023,2026-04-11 13:22:00,ACH,6638.67,Mexico,Grocery,64,High,Unusual Amount,DEV1339,CP12104,Confirmed Fraud
FRD01354,TX323346,CUST20279,2026-04-30 16:56:00,Card,1037.81,United Arab Emirates,Services,63,High,Geo Anomaly,DEV1223,CP13698,Pending
FRD01355,TX323349,CUST20083,2026-06-10 08:47:00,ATM,7641.53,Mexico,Crypto Exchange,70,High,Unusual Amount,DEV1701,CP12608,False Positive
FRD01356,TX323355,CUST20469,2026-03-30 17:33:00,ATM,566.92,United States,Gaming,67,High,Repeated Counterparty,DEV7203,CP99999,False Positive
FRD01357,TX323365,CUST20242,2026-03-14 13:01:00,P2P,11000.79,Brazil,Services,76,High,Unusual Amount,DEV1207,CP13059,False Positive
FRD01358,TX323375,CUST20078,2026-06-24 07:39:00,P2P,14614.85,United States,Luxury,65,High,Unusual Amount,DEV1069,CP15571,False Positive
FRD01359,TX323392,CUST20705,2026-07-16 12:34:00,Wire,4140.31,United States,Crypto Exchange,62,High,Unusual Amount,DEV1822,CP15693,False Positive
FRD01360,TX323404,CUST20250,2026-05-09 18:56:00,P2P,12002.93,United States,Grocery,63,High,Unusual Amount,DEV3388,CP14324,Escalated
FRD01361,TX323434,CUST20198,2026-05-08 00:07:00,Card,63203.6,United States,Crypto Exchange,100,Critical,Account Takeover,DEV7039,CP15454,False Positive
FRD01362,TX323473,CUST20305,2026-02-11 08:36:00,Wire,2365.28,Turkey,Travel,72,High,Rapid Fund Movement,DEV5438,CP14973,Pending
FRD01363,TX323474,CUST20385,2026-07-23 15:34:00,ACH,1977.99,United States,Luxury,61,High,Unusual Amount,DEV6274,CP13924,False Positive
FRD01364,TX323489,CUST20654,2026-08-18 02:06:00,P2P,10505.83,Nigeria,Services,76,High,Unusual Amount,DEV4962,CP12239,Pending
FRD01365,TX323496,CUST20383,2026-07-15 09:22:00,Card,6336.68,Mexico,Gaming,63,High,Unusual Amount,DEV5255,CP11757,Escalated
FRD01366,TX323497,CUST20611,2026-05-10 05:08:00,Wire,8426.68,Brazil,Services,73,High,Unusual Amount,DEV2840,CP13924,False Positive
FRD01367,TX323500,CUST20326,2026-07-29 18:56:00,Card,12340.51,United States,Electronics,61,High,Unusual Amount,DEV6659,CP11963,Escalated
FRD01368,TX323505,CUST20691,2026-08-19 12:03:00,P2P,21691.53,United States,Grocery,66,High,Unusual Amount,DEV7978,CP15780,Pending
FRD01369,TX323509,CUST20159,2026-01-14 00:04:00,Wire,7161.2,United States,Gaming,66,High,Unusual Amount,DEV1416,CP13842,Pending
FRD01370,TX323515,CUST20175,2026-05-11 11:09:00,Cash Deposit,47136.47,United States,Crypto Exchange,86,Critical,Unusual Amount,DEV1696,CP14751,False Positive
FRD01371,TX323537,CUST20556,2026-01-21 04:25:00,Wire,3225.56,United States,Luxury,62,High,Unusual Amount,DEV5330,CP15684,False Positive
FRD01372,TX323612,CUST20213,2026-06-20 19:28:00,P2P,12919.8,United Arab Emirates,Grocery,72,High,Unusual Amount,DEV3788,CP15030,Pending
FRD01373,TX323613,CUST20526,2026-05-28 18:00:00,P2P,13045.29,Mexico,Grocery,87,Critical,Unusual Amount,DEV2571,CP11031,Pending
FRD01374,TX323627,CUST20166,2026-05-04 06:38:00,Cash Deposit,17511.06,United Kingdom,Gaming,100,Critical,Unusual Amount,DEV6213,CP11249,Escalated
FRD01375,TX323631,CUST20177,2026-04-02 07:50:00,Check,24743.47,United States,Grocery,100,Critical,Unusual Amount,DEV1345,CP10789,False Positive
FRD01376,TX323648,CUST20349,2026-02-13 07:30:00,P2P,9722.46,United States,Travel,70,High,Unusual Amount,DEV6690,CP15465,Pending
FRD01377,TX323651,CUST20371,2026-02-15 22:17:00,Check,11693.78,Nigeria,Travel,68,High,Unusual Amount,DEV1033,CP14612,Pending
FRD01378,TX323670,CUST20151,2026-06-17 07:46:00,P2P,442.46,Canada,Services,71,High,Rapid Fund Movement,DEV7874,CP14345,False Positive
FRD01379,TX323672,CUST20148,2026-02-08 23:54:00,P2P,18753.76,United States,Retail,75,High,Unusual Amount,DEV6169,CP11050,Escalated
FRD01380,TX323701,CUST20711,2026-01-27 16:23:00,Check,19775.65,United States,Gaming,70,High,Unusual Amount,DEV7867,CP15575,False Positive
FRD01381,TX323731,CUST20701,2026-02-03 03:30:00,ACH,1825.62,United Kingdom,Travel,70,High,Unusual Amount,DEV7712,CP10001,False Positive
FRD01382,TX323734,CUST20736,2026-03-16 19:23:00,P2P,470.75,Turkey,Luxury,88,Critical,Account Takeover,DEV2459,CP14105,False Positive
FRD01383,TX323771,CUST20436,2026-02-25 18:00:00,Card,2789.78,Turkey,Luxury,83,Critical,Geo Anomaly,DEV6247,CP13536,Pending
FRD01384,TX323782,CUST20595,2026-03-19 14:21:00,Check,4496.81,United States,Crypto Exchange,68,High,Unusual Amount,DEV6044,CP13568,Pending
FRD01385,TX323803,CUST20186,2026-03-24 15:14:00,Card,12362.98,Nigeria,Travel,60,High,Unusual Amount,DEV5725,CP15046,Escalated
FRD01386,TX323820,CUST20654,2026-06-28 19:38:00,ACH,1396.55,India,Fuel,71,High,Unusual Amount,DEV3349,CP13460,Pending
FRD01387,TX323834,CUST20264,2026-02-19 07:15:00,ACH,8522.96,India,Retail,67,High,Unusual Amount,DEV6603,CP14522,False Positive
FRD01388,TX323839,CUST20554,2026-08-15 17:07:00,Wire,1888.49,India,Travel,61,High,Rapid Fund Movement,DEV6415,CP13720,Confirmed Fraud
FRD01389,TX323867,CUST20143,2026-01-12 20:28:00,Cash Deposit,2285.49,India,Fuel,65,High,Unusual Amount,DEV1781,CP14708,Escalated
FRD01390,TX323883,CUST20305,2026-04-15 07:49:00,Card,15031.92,Turkey,Gaming,66,High,Unusual Amount,DEV5000,CP14590,Pending
FRD01391,TX323891,CUST20440,2026-08-29 08:54:00,ACH,9165.32,United States,Luxury,67,High,Unusual Amount,DEV6825,CP14470,False Positive
FRD01392,TX323903,CUST20638,2026-03-07 13:09:00,Card,59504.57,United Arab Emirates,Crypto Exchange,75,High,Unusual Amount,DEV6928,CP15632,Confirmed Fraud
FRD01393,TX323904,CUST20061,2026-03-24 19:34:00,Card,3165.17,United States,Gaming,63,High,Unusual Amount,DEV2482,CP10575,Pending
FRD01394,TX323968,CUST20634,2026-01-21 18:01:00,P2P,471.18,United Arab Emirates,Travel,66,High,Account Takeover,DEV6498,CP11568,Pending
FRD01395,TX323972,CUST20079,2026-08-20 23:23:00,ACH,1870.54,Turkey,Crypto Exchange,64,High,Rapid Fund Movement,DEV4278,CP12991,Escalated
FRD01396,TX323975,CUST20278,2026-01-27 02:06:00,ACH,1361.64,United Arab Emirates,Travel,62,High,Geo Anomaly,DEV3096,CP11356,False Positive
FRD01397,TX323998,CUST20385,2026-07-22 11:34:00,Card,1978.01,United States,Luxury,71,High,Unusual Amount,DEV4685,CP15943,Pending
FRD01398,TX324023,CUST20343,2026-06-20 22:58:00,P2P,5818.17,United States,Retail,63,High,Unusual Amount,DEV2892,CP13695,False Positive
FRD01399,TX324060,CUST20646,2026-08-20 13:45:00,Wire,60838.21,United States,Luxury,100,Critical,Unusual Amount,DEV2346,CP10796,Escalated
FRD01400,TX324072,CUST20569,2026-07-29 22:41:00,Wire,11266.25,United States,Fuel,66,High,Unusual Amount,DEV6404,CP12745,Escalated
FRD01401,TX324077,CUST20026,2026-08-07 05:24:00,Card,995.84,Turkey,Crypto Exchange,71,High,Velocity Spike,DEV5975,CP14995,Confirmed Fraud
FRD01402,TX324111,CUST20372,2026-02-16 23:24:00,Cash Deposit,15474.05,United States,Gaming,100,Critical,Unusual Amount,DEV7954,CP10336,Pending
FRD01403,TX324125,CUST20708,2026-01-11 13:28:00,ACH,23085.47,United States,Services,89,Critical,Unusual Amount,DEV6498,CP14629,Escalated
FRD01404,TX324129,CUST20456,2026-07-09 12:47:00,P2P,4003.39,Nigeria,Electronics,69,High,Unusual Amount,DEV5162,CP11020,False Positive
FRD01405,TX324171,CUST20143,2026-01-27 11:12:00,ACH,4452.15,United States,Grocery,60,High,Unusual Amount,DEV6024,CP15770,Pending
FRD01406,TX324182,CUST20181,2026-03-11 20:09:00,Card,7114.41,India,Luxury,60,High,Unusual Amount,DEV6585,CP11007,False Positive
FRD01407,TX324183,CUST20134,2026-06-17 19:36:00,Wire,8845.55,United States,Luxury,95,Critical,Rapid Fund Movement,DEV2482,CP13281,False Positive
FRD01408,TX324191,CUST20676,2026-03-09 08:23:00,Wire,2539.41,United Kingdom,Luxury,77,High,Velocity Spike,DEV6474,CP13336,Pending
FRD01409,TX324212,CUST20223,2026-08-02 15:30:00,Wire,1796.3,Nigeria,Crypto Exchange,72,High,Geo Anomaly,DEV6160,CP15692,Escalated
FRD01410,TX324217,CUST20701,2026-06-19 11:51:00,Wire,2695.92,Mexico,Grocery,74,High,Unusual Amount,DEV1995,CP14242,Pending
FRD01411,TX324242,CUST20170,2026-03-06 15:38:00,Wire,10424.55,Canada,Retail,69,High,Unusual Amount,DEV6932,CP13514,Confirmed Fraud
FRD01412,TX324280,CUST20224,2026-07-31 20:17:00,ACH,1614.57,United Arab Emirates,Travel,70,High,Rapid Fund Movement,DEV7035,CP12738,False Positive
FRD01413,TX324281,CUST20136,2026-08-23 19:46:00,ACH,3197.13,Nigeria,Luxury,72,High,Unusual Amount,DEV5695,CP11702,Confirmed Fraud
FRD01414,TX324298,CUST20101,2026-07-20 03:17:00,Wire,9588.12,Canada,Retail,63,High,Unusual Amount,DEV5917,CP13533,False Positive
FRD01415,TX324318,CUST20638,2026-06-19 03:16:00,P2P,2207.88,United Kingdom,Services,66,High,Rapid Fund Movement,DEV3106,CP11492,False Positive
FRD01416,TX324320,CUST20734,2026-05-25 19:20:00,Card,15495.33,United States,Travel,63,High,Unusual Amount,DEV6268,CP12594,False Positive
FRD01417,TX324332,CUST20475,2026-04-10 18:44:00,ACH,16007.0,United Arab Emirates,Luxury,100,Critical,Unusual Amount,DEV2715,CP15032,Escalated
FRD01418,TX324380,CUST20066,2026-04-08 00:42:00,Wire,8048.9,United States,Fuel,64,High,Unusual Amount,DEV5797,CP13852,False Positive
FRD01419,TX324382,CUST20734,2026-05-07 17:08:00,Cash Deposit,10204.19,United States,Fuel,74,High,Velocity Spike,DEV4642,CP14051,Escalated
FRD01420,TX324426,CUST20576,2026-06-21 00:32:00,Check,16506.62,Mexico,Electronics,69,High,Unusual Amount,DEV3182,CP12199,False Positive
FRD01421,TX324429,CUST20413,2026-05-31 02:35:00,Wire,1983.96,United Kingdom,Services,65,High,Rapid Fund Movement,DEV1672,CP10554,False Positive
FRD01422,TX324447,CUST20399,2026-04-05 17:19:00,P2P,1675.84,Mexico,Travel,62,High,Rapid Fund Movement,DEV6600,CP11870,Pending
FRD01423,TX324453,CUST20621,2026-04-29 01:54:00,Card,497.99,Canada,Fuel,65,High,Velocity Spike,DEV7886,CP14213,Escalated
FRD01424,TX324454,CUST20527,2026-08-18 11:24:00,ACH,7895.21,Turkey,Fuel,66,High,Unusual Amount,DEV2779,CP15352,False Positive
FRD01425,TX324457,CUST20617,2026-03-18 13:18:00,ACH,22320.95,Mexico,Travel,100,Critical,Unusual Amount,DEV2252,CP14928,False Positive
FRD01426,TX324471,CUST20687,2026-07-19 12:00:00,P2P,20844.91,United Kingdom,Gaming,100,Critical,Unusual Amount,DEV4923,CP10611,False Positive
FRD01427,TX324555,CUST20403,2026-07-13 18:15:00,Card,21903.94,United States,Gaming,100,Critical,Account Takeover,DEV7299,CP11997,Pending
FRD01428,TX324646,CUST20250,2026-04-04 19:57:00,Cash Deposit,5485.36,United States,Crypto Exchange,67,High,Velocity Spike,DEV2368,CP13319,False Positive
FRD01429,TX324658,CUST20326,2026-02-05 17:14:00,Card,5697.56,United States,Luxury,69,High,Unusual Amount,DEV5237,CP10855,Escalated
FRD01430,TX324693,CUST20549,2026-02-03 04:17:00,ACH,4514.7,United Kingdom,Fuel,60,High,Unusual Amount,DEV4448,CP12586,Pending
FRD01431,TX324724,CUST20559,2026-06-20 08:47:00,Cash Deposit,7279.05,United States,Retail,71,High,Unusual Amount,DEV6089,CP14990,Pending
FRD01432,TX324725,CUST20296,2026-08-17 11:39:00,Card,13791.58,United States,Gaming,68,High,Unusual Amount,DEV1859,CP15706,Pending
FRD01433,TX324733,CUST20353,2026-04-30 18:24:00,Card,3460.79,India,Fuel,90,Critical,Account Takeover,DEV5058,CP11675,Confirmed Fraud
FRD01434,TX324749,CUST20602,2026-04-13 18:42:00,Card,21643.49,United States,Gaming,87,Critical,Unusual Amount,DEV7866,CP11045,Confirmed Fraud
FRD01435,TX324755,CUST20540,2026-01-05 15:36:00,Wire,4455.93,Nigeria,Retail,60,High,Unusual Amount,DEV4577,CP10813,Confirmed Fraud
FRD01436,TX324766,CUST20287,2026-09-01 20:55:00,Card,1477.31,Canada,Gaming,73,High,Account Takeover,DEV2473,CP11202,False Positive
FRD01437,TX324767,CUST20060,2026-03-22 15:18:00,Card,4318.71,Brazil,Grocery,60,High,Unusual Amount,DEV3709,CP14083,False Positive
FRD01438,TX324791,CUST20128,2026-04-17 03:06:00,Wire,3942.93,Mexico,Luxury,74,High,Unusual Amount,DEV3641,CP11856,Escalated
FRD01439,TX324806,CUST20317,2026-04-22 19:24:00,Card,3980.69,Nigeria,Retail,61,High,Geo Anomaly,DEV1221,CP10549,False Positive
FRD01440,TX324807,CUST20337,2026-07-20 01:40:00,Wire,3613.64,Mexico,Services,100,Critical,Unusual Amount,DEV3221,CP15951,Pending
FRD01441,TX324813,CUST20371,2026-04-05 23:51:00,Cash Deposit,4668.74,United Arab Emirates,Fuel,70,High,Unusual Amount,DEV1254,CP14596,Pending
FRD01442,TX324827,CUST20539,2026-01-21 05:32:00,P2P,1035.56,United Kingdom,Crypto Exchange,60,High,Geo Anomaly,DEV6304,CP13125,False Positive
FRD01443,TX324844,CUST20168,2026-06-04 19:45:00,Card,3210.12,United States,Travel,78,High,Account Takeover,DEV2605,CP15013,False Positive
FRD01444,TX324846,CUST20343,2026-08-16 12:47:00,ATM,5816.29,United States,Luxury,65,High,Unusual Amount,DEV4337,CP11409,Pending
FRD01445,TX324852,CUST20390,2026-06-30 09:13:00,ACH,253.17,India,Electronics,63,High,Rapid Fund Movement,DEV1431,CP15885,False Positive
FRD01446,TX324854,CUST20421,2026-05-17 01:22:00,Card,20828.43,United States,Fuel,100,Critical,Unusual Amount,DEV6623,CP11345,False Positive
FRD01447,TX324878,CUST20693,2026-01-24 04:21:00,Card,33294.34,United Kingdom,Grocery,100,Critical,Unusual Amount,DEV3808,CP10023,False Positive
FRD01448,TX324880,CUST20382,2026-05-28 16:26:00,Wire,5120.76,Mexico,Travel,81,Critical,Rapid Fund Movement,DEV1602,CP11048,False Positive
FRD01449,TX324884,CUST20134,2026-02-22 22:06:00,ATM,3715.62,United States,Crypto Exchange,77,High,Velocity Spike,DEV1293,CP12676,Escalated
FRD01450,TX324939,CUST20326,2026-06-18 12:27:00,ACH,3441.92,Nigeria,Grocery,67,High,Unusual Amount,DEV1764,CP13496,Pending
FRD01451,TX324961,CUST20265,2026-07-27 07:26:00,Card,8171.63,United States,Electronics,61,High,Unusual Amount,DEV1273,CP10865,Pending
FRD01452,TX324991,CUST20619,2026-03-08 02:18:00,ACH,482.24,United States,Gaming,67,High,Rapid Fund Movement,DEV1462,CP12839,False Positive
FRD01453,TX325002,CUST20307,2026-04-05 23:32:00,ATM,5122.2,United Kingdom,Fuel,63,High,Unusual Amount,DEV5089,CP10447,Escalated
FRD01454,TX325010,CUST20452,2026-02-05 01:28:00,Card,17413.02,United States,Luxury,71,High,Unusual Amount,DEV5747,CP10597,False Positive
FRD01455,TX325043,CUST20475,2026-07-29 02:10:00,Card,1095.82,United Kingdom,Gaming,67,High,Velocity Spike,DEV1831,CP14036,Escalated
FRD01456,TX325045,CUST20481,2026-06-24 17:04:00,ATM,12773.65,United States,Gaming,61,High,Unusual Amount,DEV4267,CP14755,Pending
FRD01457,TX325049,CUST20447,2026-03-06 01:12:00,Wire,4458.96,United States,Travel,65,High,Unusual Amount,DEV5310,CP12750,Pending
FRD01458,TX325096,CUST20472,2026-09-06 12:00:00,P2P,12459.64,Mexico,Crypto Exchange,74,High,Unusual Amount,DEV4776,CP10479,Confirmed Fraud
FRD01459,TX325105,CUST20181,2026-02-09 17:18:00,Cash Deposit,2188.01,United States,Fuel,69,High,Repeated Counterparty,DEV3881,CP99999,Escalated
FRD01460,TX325122,CUST20338,2026-05-18 17:35:00,Card,7233.21,Brazil,Travel,63,High,Unusual Amount,DEV4427,CP13474,False Positive
FRD01461,TX325127,CUST20435,2026-07-01 18:49:00,Card,6024.99,United Arab Emirates,Electronics,67,High,Geo Anomaly,DEV7724,CP10833,Escalated
FRD01462,TX325140,CUST20237,2026-01-01 02:25:00,Wire,7444.98,United Kingdom,Travel,67,High,Unusual Amount,DEV5331,CP15557,False Positive
FRD01463,TX325155,CUST20506,2026-06-24 02:14:00,ATM,22503.15,Canada,Luxury,64,High,Unusual Amount,DEV1992,CP11198,Pending
FRD01464,TX325172,CUST20033,2026-05-18 23:23:00,Card,8673.46,Turkey,Services,60,High,Unusual Amount,DEV6086,CP10892,Escalated
FRD01465,TX325193,CUST20268,2026-02-19 14:31:00,Card,5410.11,Nigeria,Fuel,79,High,Unusual Amount,DEV7907,CP12023,Escalated
FRD01466,TX325197,CUST20288,2026-08-22 03:02:00,ATM,11098.89,United States,Gaming,61,High,Unusual Amount,DEV4135,CP12498,Escalated
FRD01467,TX325224,CUST20527,2026-07-28 19:51:00,Check,10195.49,United States,Luxury,64,High,Unusual Amount,DEV4232,CP12679,Confirmed Fraud
FRD01468,TX325231,CUST20032,2026-01-06 08:57:00,ACH,5503.23,United States,Gaming,64,High,Unusual Amount,DEV2929,CP12232,Confirmed Fraud
FRD01469,TX325237,CUST20743,2026-04-08 11:22:00,Card,2850.95,Turkey,Gaming,77,High,Account Takeover,DEV1425,CP10245,Confirmed Fraud
FRD01470,TX325255,CUST20539,2026-03-11 02:55:00,Check,1997.73,United States,Crypto Exchange,73,High,Unusual Amount,DEV5797,CP11467,False Positive
FRD01471,TX325270,CUST20445,2026-01-02 05:51:00,ACH,10765.89,United States,Grocery,60,High,Unusual Amount,DEV2877,CP13762,False Positive
FRD01472,TX325289,CUST20032,2026-03-21 12:01:00,P2P,5451.88,Mexico,Travel,70,High,Unusual Amount,DEV6173,CP12016,False Positive
FRD01473,TX325305,CUST20021,2026-05-03 20:04:00,Card,6799.8,United States,Gaming,62,High,Unusual Amount,DEV6178,CP10447,Pending
FRD01474,TX325306,CUST20308,2026-09-07 04:57:00,P2P,1576.56,India,Retail,70,High,Account Takeover,DEV5529,CP10756,False Positive
FRD01475,TX325309,CUST20146,2026-05-01 16:23:00,Wire,14915.39,United States,Luxury,64,High,Unusual Amount,DEV7740,CP10953,Pending
FRD01476,TX325313,CUST20598,2026-07-20 22:47:00,Wire,17205.71,United Kingdom,Luxury,73,High,Unusual Amount,DEV4995,CP11306,False Positive
FRD01477,TX325319,CUST20355,2026-05-05 09:06:00,P2P,4109.17,United Arab Emirates,Services,63,High,Unusual Amount,DEV3054,CP13058,False Positive
FRD01478,TX325324,CUST20674,2026-01-07 06:28:00,Cash Deposit,6223.41,United States,Luxury,64,High,Unusual Amount,DEV4404,CP14526,Escalated
FRD01479,TX325327,CUST20355,2026-03-16 23:01:00,Wire,4026.56,United States,Electronics,66,High,Unusual Amount,DEV3536,CP15081,Escalated
FRD01480,TX325330,CUST20116,2026-05-31 11:58:00,P2P,2573.86,Turkey,Luxury,62,High,Repeated Counterparty,DEV6580,CP99999,Pending
FRD01481,TX325332,CUST20060,2026-06-04 10:43:00,Check,30993.41,United States,Gaming,66,High,Unusual Amount,DEV4207,CP10503,False Positive
FRD01482,TX325366,CUST20636,2026-08-30 01:57:00,Card,21020.15,Mexico,Services,63,High,Unusual Amount,DEV1394,CP11703,Pending
FRD01483,TX325387,CUST20589,2026-05-26 22:37:00,Card,8705.58,United Arab Emirates,Crypto Exchange,68,High,Unusual Amount,DEV4844,CP11550,Escalated
FRD01484,TX325397,CUST20102,2026-08-10 19:09:00,P2P,3061.18,United States,Electronics,80,Critical,Rapid Fund Movement,DEV2424,CP10600,False Positive
FRD01485,TX325399,CUST20452,2026-08-20 18:57:00,Wire,2246.88,United Kingdom,Retail,72,High,Rapid Fund Movement,DEV7629,CP11054,Escalated
FRD01486,TX325416,CUST20557,2026-06-16 09:04:00,Cash Deposit,7649.09,United Arab Emirates,Travel,65,High,Unusual Amount,DEV7759,CP13052,Pending
FRD01487,TX325426,CUST20066,2026-03-17 00:22:00,ACH,4314.3,United Arab Emirates,Retail,61,High,Unusual Amount,DEV3397,CP15895,Pending
FRD01488,TX325439,CUST20445,2026-03-17 21:40:00,ATM,3161.94,Nigeria,Retail,75,High,Geo Anomaly,DEV3314,CP11990,Pending
FRD01489,TX325458,CUST20248,2026-01-29 05:00:00,P2P,296.64,Canada,Services,70,High,Account Takeover,DEV4187,CP12994,Escalated
FRD01490,TX325483,CUST20667,2026-08-10 03:11:00,P2P,16034.06,Canada,Fuel,61,High,Unusual Amount,DEV3854,CP12945,Escalated
FRD01491,TX325486,CUST20568,2026-07-05 09:35:00,ACH,20827.77,Turkey,Luxury,62,High,Unusual Amount,DEV5159,CP11151,False Positive
FRD01492,TX325520,CUST20355,2026-05-14 07:32:00,Wire,6267.12,United States,Luxury,77,High,Unusual Amount,DEV2196,CP15770,False Positive
FRD01493,TX325523,CUST20021,2026-03-06 03:07:00,Wire,7803.34,United Arab Emirates,Retail,62,High,Unusual Amount,DEV2284,CP13388,Escalated
FRD01494,TX325524,CUST20349,2026-04-29 00:35:00,P2P,9339.64,United Kingdom,Crypto Exchange,81,Critical,Unusual Amount,DEV5020,CP10829,Pending
FRD01495,TX325526,CUST20191,2026-09-08 00:41:00,Card,20492.6,United States,Travel,100,Critical,Unusual Amount,DEV3020,CP15844,Pending
FRD01496,TX325535,CUST20069,2026-08-29 05:05:00,Wire,3823.35,United States,Gaming,64,High,Geo Anomaly,DEV6466,CP14989,False Positive
FRD01497,TX325563,CUST20240,2026-03-06 15:27:00,ACH,5184.46,United States,Crypto Exchange,63,High,Unusual Amount,DEV1173,CP13309,Pending
FRD01498,TX325566,CUST20556,2026-03-19 02:08:00,ACH,9594.29,United States,Electronics,82,Critical,Rapid Fund Movement,DEV5909,CP13359,Escalated
FRD01499,TX325573,CUST20080,2026-02-28 00:17:00,Wire,2377.71,United Arab Emirates,Luxury,61,High,Geo Anomaly,DEV1931,CP14148,Pending
FRD01500,TX325579,CUST20023,2026-04-03 07:42:00,P2P,8923.46,United Kingdom,Services,61,High,Unusual Amount,DEV7328,CP15890,False Positive
FRD01501,TX325600,CUST20019,2026-05-14 18:08:00,ACH,1563.79,United States,Crypto Exchange,62,High,Velocity Spike,DEV2206,CP11459,Pending
FRD01502,TX325622,CUST20198,2026-04-23 02:43:00,ACH,35663.26,India,Travel,67,High,Unusual Amount,DEV1024,CP15820,False Positive
FRD01503,TX325628,CUST20540,2026-02-25 00:37:00,P2P,4449.47,United States,Services,76,High,Unusual Amount,DEV3963,CP10315,Pending
FRD01504,TX325672,CUST20314,2026-01-07 03:08:00,P2P,6545.0,Nigeria,Crypto Exchange,81,Critical,Unusual Amount,DEV1457,CP11462,Pending
FRD01505,TX325679,CUST20520,2026-07-29 02:02:00,Card,124845.72,United States,Gaming,100,Critical,Unusual Amount,DEV7376,CP15580,Pending
FRD01506,TX325709,CUST20182,2026-06-16 07:52:00,Card,267.63,United States,Fuel,77,High,Account Takeover,DEV3187,CP15419,Confirmed Fraud
FRD01507,TX325732,CUST20289,2026-07-11 10:09:00,ACH,3236.34,Turkey,Crypto Exchange,82,Critical,Geo Anomaly,DEV6444,CP15454,Pending
FRD01508,TX325739,CUST20531,2026-01-12 06:19:00,Wire,17390.68,Nigeria,Services,60,High,Unusual Amount,DEV6523,CP10802,Escalated
FRD01509,TX325741,CUST20090,2026-03-06 17:22:00,ATM,6303.46,United Arab Emirates,Electronics,62,High,Unusual Amount,DEV3768,CP11380,Escalated
FRD01510,TX325766,CUST20049,2026-07-12 11:27:00,Wire,4540.45,Turkey,Grocery,72,High,Rapid Fund Movement,DEV5870,CP10321,Pending
FRD01511,TX325774,CUST20032,2026-04-20 08:35:00,ATM,12713.27,Canada,Gaming,60,High,Unusual Amount,DEV1750,CP14972,Pending
FRD01512,TX325779,CUST20326,2026-07-20 13:19:00,Card,9100.56,India,Gaming,61,High,Unusual Amount,DEV2378,CP15587,Pending
FRD01513,TX325814,CUST20132,2026-04-07 10:36:00,Wire,29028.64,United States,Grocery,94,Critical,Unusual Amount,DEV3777,CP13877,False Positive
FRD01514,TX325818,CUST20434,2026-05-01 18:09:00,P2P,70073.52,United States,Travel,100,Critical,Unusual Amount,DEV1420,CP11686,False Positive
FRD01515,TX325822,CUST20611,2026-07-14 16:12:00,Card,7477.52,United Arab Emirates,Crypto Exchange,74,High,Unusual Amount,DEV4548,CP10310,Pending
FRD01516,TX325828,CUST20159,2026-08-13 21:33:00,P2P,18052.53,United States,Grocery,100,Critical,Unusual Amount,DEV4936,CP12803,False Positive
FRD01517,TX325915,CUST20456,2026-07-17 11:13:00,P2P,5032.08,Nigeria,Electronics,66,High,Unusual Amount,DEV3052,CP12582,Pending
FRD01518,TX325923,CUST20447,2026-01-27 02:58:00,Card,8190.96,Nigeria,Retail,62,High,Unusual Amount,DEV6982,CP12115,False Positive
FRD01519,TX325929,CUST20738,2026-08-08 22:57:00,Wire,2357.86,United States,Grocery,60,High,Rapid Fund Movement,DEV5485,CP15818,Confirmed Fraud
FRD01520,TX325940,CUST20203,2026-03-18 10:11:00,ACH,6013.26,United States,Crypto Exchange,62,High,Unusual Amount,DEV1759,CP15872,False Positive
FRD01521,TX325969,CUST20177,2026-02-10 21:09:00,Wire,9476.69,United States,Crypto Exchange,61,High,Geo Anomaly,DEV5420,CP14286,False Positive
FRD01522,TX325973,CUST20738,2026-01-25 07:17:00,Wire,879.16,United States,Services,75,High,Rapid Fund Movement,DEV3219,CP11656,Pending
FRD01523,TX325986,CUST20122,2026-09-07 14:34:00,P2P,700.35,Turkey,Fuel,69,High,Velocity Spike,DEV1143,CP11598,Pending
FRD01524,TX325993,CUST20210,2026-07-22 19:09:00,P2P,7107.08,United States,Gaming,65,High,Geo Anomaly,DEV6042,CP10213,Pending
FRD01525,TX326002,CUST20061,2026-08-21 13:06:00,Check,3471.13,Canada,Fuel,60,High,Unusual Amount,DEV1198,CP15083,False Positive
FRD01526,TX326017,CUST20585,2026-04-23 08:04:00,P2P,2267.05,United States,Gaming,88,Critical,Account Takeover,DEV2959,CP11058,Escalated
FRD01527,TX326021,CUST20668,2026-09-08 08:36:00,Card,7389.75,United States,Crypto Exchange,67,High,Unusual Amount,DEV3673,CP13446,Pending
FRD01528,TX326033,CUST20018,2026-06-16 21:12:00,P2P,7285.42,Mexico,Retail,76,High,Unusual Amount,DEV2933,CP15966,False Positive
FRD01529,TX326046,CUST20587,2026-04-16 20:19:00,Card,92385.69,United States,Electronics,93,Critical,Unusual Amount,DEV7847,CP14886,False Positive
FRD01530,TX326063,CUST20647,2026-03-06 06:36:00,Card,3036.73,United Kingdom,Luxury,84,Critical,Unusual Amount,DEV1218,CP15923,Pending
FRD01531,TX326071,CUST20557,2026-08-13 16:30:00,Card,23871.82,Canada,Gaming,100,Critical,Unusual Amount,DEV6125,CP12293,Confirmed Fraud
FRD01532,TX326086,CUST20116,2026-04-03 14:42:00,ACH,13146.61,Nigeria,Retail,70,High,Unusual Amount,DEV6185,CP11225,Escalated
FRD01533,TX326176,CUST20294,2026-07-22 11:44:00,P2P,2543.78,United States,Retail,72,High,Rapid Fund Movement,DEV7970,CP13475,Pending
FRD01534,TX326199,CUST20330,2026-05-27 04:10:00,Cash Deposit,14595.74,Mexico,Travel,62,High,Unusual Amount,DEV5490,CP15810,Confirmed Fraud
FRD01535,TX326202,CUST20143,2026-05-18 07:01:00,ACH,3598.48,Turkey,Services,69,High,Unusual Amount,DEV7008,CP11594,Escalated
FRD01536,TX326245,CUST20547,2026-06-14 21:13:00,Card,4967.16,United States,Luxury,66,High,Unusual Amount,DEV5264,CP13266,Pending
FRD01537,TX326247,CUST20649,2026-01-08 04:22:00,Wire,708.22,Nigeria,Luxury,68,High,Geo Anomaly,DEV2517,CP13617,Escalated
FRD01538,TX326267,CUST20448,2026-06-17 04:47:00,Card,35153.0,Brazil,Gaming,76,High,Unusual Amount,DEV4696,CP14754,Pending
FRD01539,TX326277,CUST20704,2026-05-11 07:43:00,Check,37660.34,Brazil,Gaming,100,Critical,Unusual Amount,DEV2458,CP12035,Pending
FRD01540,TX326289,CUST20416,2026-08-19 18:02:00,Wire,6022.5,India,Travel,100,Critical,Rapid Fund Movement,DEV2611,CP10937,False Positive
FRD01541,TX326291,CUST20467,2026-05-10 02:39:00,P2P,956.16,United States,Fuel,70,High,Account Takeover,DEV2294,CP11765,Escalated
FRD01542,TX326307,CUST20298,2026-04-15 07:37:00,Card,5497.19,United Kingdom,Luxury,74,High,Unusual Amount,DEV3103,CP15766,Escalated
FRD01543,TX326326,CUST20725,2026-08-01 00:19:00,Card,32839.05,Nigeria,Crypto Exchange,73,High,Unusual Amount,DEV2427,CP12770,Pending
FRD01544,TX326340,CUST20582,2026-01-31 07:13:00,Card,16388.13,India,Fuel,62,High,Unusual Amount,DEV1352,CP14826,Pending
FRD01545,TX326347,CUST20701,2026-01-25 02:15:00,ACH,1999.61,United Kingdom,Services,69,High,Unusual Amount,DEV2726,CP12124,False Positive
FRD01546,TX326450,CUST20060,2026-09-01 11:31:00,ACH,5016.75,Brazil,Services,70,High,Unusual Amount,DEV2241,CP14817,Pending
FRD01547,TX326492,CUST20613,2026-04-04 17:53:00,ACH,1865.58,United Kingdom,Luxury,68,High,Rapid Fund Movement,DEV4594,CP11204,False Positive
FRD01548,TX326494,CUST20201,2026-06-23 09:49:00,Card,160.14,United States,Luxury,63,High,Account Takeover,DEV7426,CP13630,Confirmed Fraud
FRD01549,TX326523,CUST20139,2026-05-01 06:59:00,P2P,10847.1,Mexico,Gaming,76,High,Unusual Amount,DEV4025,CP10134,Escalated
FRD01550,TX326554,CUST20399,2026-04-24 15:05:00,ACH,11083.49,Mexico,Gaming,69,High,Unusual Amount,DEV4056,CP15790,False Positive
FRD01551,TX326622,CUST20277,2026-07-05 14:27:00,P2P,20689.01,India,Services,100,Critical,Unusual Amount,DEV4107,CP11906,Confirmed Fraud
FRD01552,TX326680,CUST20504,2026-02-05 16:46:00,Check,16345.04,Nigeria,Luxury,100,Critical,Unusual Amount,DEV5107,CP11839,False Positive
FRD01553,TX326726,CUST20360,2026-02-14 03:50:00,Cash Deposit,54299.41,United States,Services,100,Critical,Unusual Amount,DEV6623,CP13254,Escalated
FRD01554,TX326734,CUST20165,2026-09-01 17:07:00,Card,9170.21,Nigeria,Gaming,61,High,Unusual Amount,DEV5567,CP15845,False Positive
FRD01555,TX326763,CUST20097,2026-09-08 02:19:00,Cash Deposit,2229.28,United Arab Emirates,Grocery,81,Critical,Geo Anomaly,DEV2071,CP13382,Escalated
FRD01556,TX326767,CUST20015,2026-06-24 07:55:00,P2P,106726.22,Turkey,Luxury,100,Critical,Unusual Amount,DEV6033,CP13174,Pending
FRD01557,TX326775,CUST20398,2026-02-27 12:50:00,Card,3944.05,Turkey,Crypto Exchange,94,Critical,Account Takeover,DEV1410,CP11825,Escalated
FRD01558,TX326796,CUST20111,2026-05-31 13:28:00,P2P,166.49,United Arab Emirates,Crypto Exchange,77,High,Account Takeover,DEV1883,CP13355,Pending
FRD01559,TX326816,CUST20048,2026-01-04 00:53:00,Wire,3657.05,United States,Gaming,60,High,Geo Anomaly,DEV4026,CP12127,Confirmed Fraud
FRD01560,TX326832,CUST20310,2026-09-03 16:55:00,ACH,15530.22,United States,Crypto Exchange,100,Critical,Unusual Amount,DEV6281,CP12845,Escalated
FRD01561,TX326834,CUST20162,2026-04-14 15:44:00,P2P,10607.36,United States,Fuel,76,High,Unusual Amount,DEV2141,CP15398,False Positive
FRD01562,TX326870,CUST20182,2026-07-01 16:17:00,ACH,567.54,United States,Retail,63,High,Rapid Fund Movement,DEV1642,CP12006,False Positive
FRD01563,TX326873,CUST20314,2026-09-02 04:12:00,Check,7652.38,United States,Fuel,62,High,Unusual Amount,DEV7315,CP10978,False Positive
FRD01564,TX326891,CUST20060,2026-03-30 05:17:00,ACH,8821.9,United States,Retail,65,High,Unusual Amount,DEV2749,CP12620,Pending
FRD01565,TX326904,CUST20561,2026-08-31 08:47:00,P2P,10683.15,Nigeria,Gaming,64,High,Unusual Amount,DEV1160,CP13993,Pending
FRD01566,TX326920,CUST20233,2026-01-24 01:26:00,P2P,3306.87,India,Grocery,78,High,Account Takeover,DEV5095,CP13713,False Positive
FRD01567,TX326924,CUST20725,2026-05-16 07:13:00,ACH,936.84,Nigeria,Gaming,69,High,Geo Anomaly,DEV2545,CP12609,False Positive
FRD01568,TX326955,CUST20723,2026-03-31 01:24:00,Check,14214.75,Brazil,Retail,62,High,Unusual Amount,DEV1626,CP13374,False Positive
FRD01569,TX326986,CUST20022,2026-03-30 07:02:00,P2P,4291.55,Canada,Gaming,62,High,Geo Anomaly,DEV6957,CP15364,Escalated
FRD01570,TX327002,CUST20447,2026-07-22 18:50:00,P2P,5241.5,United States,Retail,61,High,Unusual Amount,DEV1372,CP13445,Pending
FRD01571,TX327011,CUST20457,2026-01-24 09:29:00,P2P,5319.87,Brazil,Luxury,63,High,Geo Anomaly,DEV1173,CP14934,False Positive
FRD01572,TX327017,CUST20263,2026-08-28 15:25:00,P2P,629.65,United States,Luxury,80,Critical,Account Takeover,DEV5642,CP12822,False Positive
FRD01573,TX327027,CUST20003,2026-02-09 22:40:00,Wire,5039.11,Turkey,Crypto Exchange,76,High,Geo Anomaly,DEV1307,CP11100,Escalated
FRD01574,TX327033,CUST20184,2026-06-29 19:55:00,ATM,10146.55,United Kingdom,Luxury,61,High,Unusual Amount,DEV3183,CP13991,Pending
FRD01575,TX327049,CUST20528,2026-01-09 13:36:00,Card,9159.86,Brazil,Retail,62,High,Unusual Amount,DEV3043,CP12454,Escalated
FRD01576,TX327062,CUST20547,2026-08-17 00:11:00,ATM,9185.43,United Kingdom,Gaming,74,High,Unusual Amount,DEV6622,CP14401,False Positive
FRD01577,TX327067,CUST20107,2026-03-13 15:39:00,Check,1482.38,Turkey,Electronics,61,High,Velocity Spike,DEV1936,CP15820,Escalated
FRD01578,TX327070,CUST20143,2026-01-14 03:43:00,Card,2496.35,United States,Gaming,67,High,Unusual Amount,DEV3829,CP12422,Pending
FRD01579,TX327108,CUST20490,2026-07-15 16:18:00,ATM,21313.57,United States,Luxury,61,High,Unusual Amount,DEV6464,CP10772,Escalated
FRD01580,TX327114,CUST20431,2026-08-18 09:44:00,P2P,3162.98,United States,Crypto Exchange,70,High,Unusual Amount,DEV6206,CP12580,Pending
FRD01581,TX327128,CUST20641,2026-04-25 09:07:00,P2P,33602.55,United States,Crypto Exchange,100,Critical,Unusual Amount,DEV6002,CP10022,Pending
FRD01582,TX327163,CUST20170,2026-08-20 11:57:00,ACH,7752.2,India,Gaming,61,High,Unusual Amount,DEV6359,CP11485,Escalated
FRD01583,TX327182,CUST20267,2026-01-15 20:08:00,ACH,943.53,Nigeria,Travel,67,High,Velocity Spike,DEV6040,CP12197,Pending
FRD01584,TX327187,CUST20724,2026-06-08 17:03:00,Cash Deposit,54583.74,United States,Retail,95,Critical,Unusual Amount,DEV1041,CP15548,Pending
FRD01585,TX327207,CUST20283,2026-08-31 06:55:00,P2P,3488.7,United States,Grocery,73,High,Unusual Amount,DEV1431,CP13402,Escalated
FRD01586,TX327240,CUST20452,2026-08-04 19:20:00,Check,8713.26,United States,Fuel,94,Critical,Unusual Amount,DEV6667,CP12526,False Positive
FRD01587,TX327243,CUST20052,2026-06-08 23:47:00,Card,5695.12,United States,Luxury,69,High,Unusual Amount,DEV2702,CP13661,Pending
FRD01588,TX327287,CUST20457,2026-07-23 23:42:00,Card,9475.04,Mexico,Luxury,66,High,Unusual Amount,DEV6457,CP15765,False Positive
FRD01589,TX327297,CUST20203,2026-04-07 17:04:00,Card,7849.86,United Kingdom,Electronics,70,High,Unusual Amount,DEV6680,CP12791,False Positive
FRD01590,TX327312,CUST20385,2026-05-15 22:08:00,ACH,2416.29,Brazil,Fuel,66,High,Unusual Amount,DEV7467,CP12443,Confirmed Fraud
FRD01591,TX327354,CUST20137,2026-08-11 20:00:00,Card,22994.62,United States,Services,62,High,Unusual Amount,DEV4454,CP15479,False Positive
FRD01592,TX327381,CUST20549,2026-03-05 21:49:00,ACH,3183.36,United Kingdom,Grocery,61,High,Unusual Amount,DEV1778,CP15393,False Positive
FRD01593,TX327408,CUST20459,2026-03-28 07:24:00,Card,40353.68,Nigeria,Travel,65,High,Unusual Amount,DEV6083,CP12993,Escalated
FRD01594,TX327445,CUST20677,2026-02-13 02:02:00,P2P,6472.36,United States,Gaming,63,High,Unusual Amount,DEV7778,CP15362,False Positive
FRD01595,TX327455,CUST20714,2026-08-27 08:56:00,ATM,18726.32,United States,Crypto Exchange,100,Critical,Unusual Amount,DEV4190,CP11010,False Positive
FRD01596,TX327475,CUST20182,2026-02-03 17:19:00,P2P,594.74,Mexico,Travel,73,High,Velocity Spike,DEV4800,CP10679,Confirmed Fraud
FRD01597,TX327479,CUST20699,2026-05-23 10:33:00,ATM,7879.15,Nigeria,Electronics,71,High,Repeated Counterparty,DEV5023,CP99999,False Positive
FRD01598,TX327501,CUST20261,2026-05-04 03:31:00,Card,10745.82,United States,Crypto Exchange,61,High,Unusual Amount,DEV2513,CP10309,Pending
FRD01599,TX327518,CUST20130,2026-05-07 15:45:00,Check,131015.99,United States,Gaming,95,Critical,Unusual Amount,DEV6018,CP10342,Escalated
FRD01600,TX327537,CUST20355,2026-04-23 16:51:00,ACH,4246.38,Mexico,Fuel,63,High,Unusual Amount,DEV7320,CP13148,False Positive
FRD01601,TX327544,CUST20726,2026-05-18 01:16:00,Wire,17176.57,United States,Electronics,65,High,Unusual Amount,DEV2455,CP10639,Escalated
FRD01602,TX327566,CUST20575,2026-01-01 17:33:00,P2P,41631.17,United States,Gaming,85,Critical,Repeated Counterparty,DEV4941,CP99999,Pending
FRD01603,TX327578,CUST20399,2026-09-02 03:42:00,ACH,3393.42,Canada,Luxury,79,High,Repeated Counterparty,DEV7686,CP99999,Escalated
FRD01604,TX327609,CUST20440,2026-06-24 20:53:00,Check,5399.06,United Kingdom,Crypto Exchange,66,High,Unusual Amount,DEV5865,CP13725,Pending
FRD01605,TX327631,CUST20567,2026-07-23 16:48:00,P2P,12606.98,Nigeria,Services,73,High,Unusual Amount,DEV2137,CP15502,False Positive
FRD01606,TX327637,CUST20701,2026-03-10 04:22:00,Check,1875.81,United States,Services,60,High,Unusual Amount,DEV4840,CP11597,False Positive
FRD01607,TX327695,CUST20674,2026-01-06 10:41:00,Card,9566.14,Brazil,Travel,67,High,Unusual Amount,DEV5200,CP11257,Pending
FRD01608,TX327696,CUST20453,2026-03-04 18:31:00,Check,7829.2,United Arab Emirates,Retail,60,High,Unusual Amount,DEV5217,CP11780,False Positive
FRD01609,TX327711,CUST20455,2026-04-28 17:57:00,Wire,23467.3,United States,Electronics,64,High,Unusual Amount,DEV4792,CP12431,Pending
FRD01610,TX327714,CUST20131,2026-01-24 16:59:00,ACH,1118.69,United States,Luxury,70,High,Rapid Fund Movement,DEV6005,CP12267,False Positive
FRD01611,TX327716,CUST20549,2026-03-23 10:45:00,P2P,7697.5,Brazil,Travel,76,High,Unusual Amount,DEV1476,CP12139,False Positive
FRD01612,TX327728,CUST20513,2026-04-06 14:35:00,ACH,19558.94,Nigeria,Gaming,63,High,Unusual Amount,DEV2241,CP13321,Escalated
FRD01613,TX327729,CUST20663,2026-01-16 03:31:00,ACH,7815.24,United States,Gaming,60,High,Unusual Amount,DEV1502,CP15902,False Positive
FRD01614,TX327734,CUST20582,2026-05-28 09:45:00,Cash Deposit,6584.42,United States,Fuel,67,High,Unusual Amount,DEV2036,CP14206,False Positive
FRD01615,TX327737,CUST20542,2026-03-04 19:15:00,Card,12543.19,United States,Electronics,91,Critical,Account Takeover,DEV1835,CP10074,Pending
FRD01616,TX327800,CUST20748,2026-03-10 19:00:00,Card,247297.01,United States,Gaming,100,Critical,Unusual Amount,DEV1060,CP14877,Pending
FRD01617,TX327808,CUST20035,2026-07-25 13:55:00,P2P,3173.61,United States,Luxury,75,High,Unusual Amount,DEV5556,CP13610,Pending
FRD01618,TX327834,CUST20341,2026-09-01 04:40:00,Wire,6457.28,United Kingdom,Crypto Exchange,83,Critical,Unusual Amount,DEV2449,CP11915,Pending
FRD01619,TX327841,CUST20283,2026-01-16 16:41:00,Wire,7329.76,United Arab Emirates,Travel,65,High,Unusual Amount,DEV4554,CP15991,False Positive
FRD01620,TX327843,CUST20555,2026-01-07 16:04:00,P2P,528.8,United States,Luxury,78,High,Velocity Spike,DEV5036,CP15150,False Positive
FRD01621,TX327849,CUST20071,2026-05-11 06:24:00,Card,17362.93,United States,Luxury,70,High,Unusual Amount,DEV1359,CP11596,Escalated
FRD01622,TX327885,CUST20471,2026-04-02 16:39:00,ACH,1545.22,United States,Retail,62,High,Rapid Fund Movement,DEV7129,CP12932,Confirmed Fraud
FRD01623,TX327890,CUST20377,2026-01-21 06:37:00,P2P,183.73,Nigeria,Travel,60,High,Geo Anomaly,DEV6030,CP13570,Pending
FRD01624,TX327897,CUST20183,2026-08-31 11:06:00,ACH,10061.1,Canada,Retail,87,Critical,Rapid Fund Movement,DEV7823,CP15995,False Positive
FRD01625,TX327901,CUST20353,2026-01-04 09:26:00,P2P,3372.56,Brazil,Crypto Exchange,62,High,Geo Anomaly,DEV1004,CP11174,Pending
FRD01626,TX327922,CUST20399,2026-08-04 18:57:00,Card,6740.71,United Arab Emirates,Gaming,76,High,Unusual Amount,DEV3706,CP15868,False Positive
FRD01627,TX327950,CUST20163,2026-03-29 19:26:00,Card,4023.54,United States,Luxury,67,High,Unusual Amount,DEV5295,CP15350,Pending
FRD01628,TX327981,CUST20495,2026-04-15 08:51:00,Card,1265.97,Mexico,Luxury,64,High,Velocity Spike,DEV6161,CP11729,False Positive
